JvmtiExport can_access_local_variables 0
JvmtiExport can_hotswap_or_post_breakpoint 0
JvmtiExport can_post_on_exceptions 0
# 487 ciObject found
ciInstanceKlass java/lang/Cloneable 1 0 7 100 1 100 1 1 1
instanceKlass java/text/AttributedCharacterIterator$Attribute
instanceKlass java/util/Date
instanceKlass java/text/FieldPosition
instanceKlass java/text/Format
instanceKlass com/sun/tools/javac/util/JCDiagnostic$SourcePosition
instanceKlass com/sun/tools/javac/util/AbstractDiagnosticFormatter$2
instanceKlass com/sun/tools/javac/util/RichDiagnosticFormatter$ClassNameSimplifier
instanceKlass com/sun/tools/javac/util/Log$1
instanceKlass com/sun/tools/javac/resources/CompilerProperties$Warnings
instanceKlass java/util/function/ToIntFunction
instanceKlass com/sun/tools/javac/comp/LambdaToMethod$MemberReferenceToLambda
instanceKlass com/sun/tools/javac/code/DeferredCompletionFailureHandler$DeferredCompleter
instanceKlass com/sun/tools/javac/comp/ArgumentAttr$2
instanceKlass com/sun/tools/javac/jvm/Code$Chain
instanceKlass com/sun/tools/javac/jvm/ClassWriter$StackMapTableFrame
instanceKlass com/sun/tools/javac/jvm/Code$StackMapFrame
instanceKlass com/sun/tools/javac/jvm/PoolConstant$LoadableConstant$BasicConstant
instanceKlass com/sun/tools/javac/jvm/PoolConstant$Dynamic$BsmKey
instanceKlass com/sun/tools/javac/comp/LambdaToMethod$KlassInfo
instanceKlass com/sun/tools/javac/comp/LambdaToMethod$1
instanceKlass com/sun/tools/javac/comp/LambdaToMethod$LambdaAnalyzerPreprocessor$Frame
instanceKlass com/sun/tools/javac/comp/LambdaToMethod$LambdaAnalyzerPreprocessor$SyntheticMethodNameCounter
instanceKlass com/sun/tools/javac/comp/LambdaToMethod$LambdaAnalyzerPreprocessor$TranslationContext
instanceKlass com/sun/tools/javac/comp/Flow$1
instanceKlass java/util/stream/ReduceOps$2ReducingSink
instanceKlass com/sun/tools/javac/comp/ArgumentAttr$LocalCacheContext
instanceKlass com/sun/tools/javac/comp/Operators$1
instanceKlass com/sun/tools/javac/comp/Attr$TargetInfo
instanceKlass com/sun/tools/javac/comp/DeferredAttr$DeferredType$SpeculativeCache$Entry
instanceKlass com/sun/tools/javac/comp/DeferredAttr$DeferredAttrNode
instanceKlass com/sun/tools/javac/code/Types$DescriptorCache$Entry
instanceKlass com/sun/tools/javac/code/Types$DescriptorCache$FunctionDescriptor
instanceKlass lombok/bytecode/ClassFileMetaData
instanceKlass lombok/bytecode/SneakyThrowsRemover
instanceKlass org/lombokweb/asm/ClassVisitor
instanceKlass lombok/bytecode/PreventNullAnalysisRemover
instanceKlass lombok/core/PostCompilerTransformation
instanceKlass java/lang/invoke/VarHandle$AccessDescriptor
instanceKlass com/sun/tools/javac/jvm/ClassWriter$1
instanceKlass lombok/core/PostCompiler
instanceKlass java/nio/file/Path$1
instanceKlass lombok/javac/apt/InterceptingJavaFileObject
instanceKlass java/util/function/ToIntBiFunction
instanceKlass com/sun/tools/javac/jvm/PoolWriter$1
instanceKlass com/sun/tools/javac/jvm/PoolConstant$NameAndType
instanceKlass com/sun/tools/javac/jvm/Code$LocalVar$Range
instanceKlass com/sun/tools/javac/jvm/Items
instanceKlass com/sun/tools/javac/jvm/Code$LocalVar
instanceKlass com/sun/tools/javac/jvm/Code$State
instanceKlass com/sun/tools/javac/jvm/Gen$GenContext
instanceKlass com/sun/tools/javac/jvm/Gen$4
instanceKlass com/sun/tools/javac/comp/Lower$2
instanceKlass com/sun/tools/javac/comp/TransPatterns$BindingContext
instanceKlass com/sun/tools/javac/util/Bits$1
instanceKlass com/sun/tools/javac/util/Bits
instanceKlass com/sun/tools/javac/comp/Flow$BaseAnalyzer$PendingExit
instanceKlass com/sun/tools/javac/comp/DeferredAttr$5
instanceKlass com/sun/tools/javac/code/Kinds$1
instanceKlass com/sun/tools/javac/code/Kinds
instanceKlass com/sun/tools/javac/code/Types$MethodFilter
instanceKlass com/sun/tools/javac/code/Types$CandidatesCache$Entry
instanceKlass com/sun/tools/javac/code/Types$DescriptorFilter
instanceKlass com/sun/tools/javac/comp/Resolve$MostSpecificCheck
instanceKlass com/sun/tools/javac/comp/Infer$4
instanceKlass com/sun/tools/javac/comp/DeferredAttr$DeferredType$SpeculativeCache
instanceKlass java/util/EnumMap$EntryIterator$Entry
instanceKlass java/util/EnumMap$EnumMapIterator
instanceKlass com/sun/tools/javac/comp/Infer$BoundFilter
instanceKlass com/sun/tools/javac/util/GraphUtils$Tarjan
instanceKlass com/sun/tools/javac/util/GraphUtils
instanceKlass com/sun/tools/javac/util/GraphUtils$AbstractNode
instanceKlass com/sun/tools/javac/util/GraphUtils$DottableNode
instanceKlass com/sun/tools/javac/util/GraphUtils$Node
instanceKlass com/sun/tools/javac/comp/Infer$GraphSolver$InferenceGraph
instanceKlass com/sun/tools/javac/code/Types$ClosureHolder
instanceKlass com/sun/tools/javac/comp/Infer$IncorporationBinaryOp
instanceKlass com/sun/tools/javac/code/Type$5
instanceKlass com/sun/tools/javac/comp/Infer$GraphSolver
instanceKlass com/sun/tools/javac/comp/Infer$LeafSolver
instanceKlass com/sun/tools/javac/comp/Infer$FreeTypeListener
instanceKlass com/sun/tools/javac/comp/Resolve$MethodCheckContext
instanceKlass com/sun/tools/javac/comp/Resolve$18
instanceKlass com/sun/tools/javac/util/JCDiagnostic$1
instanceKlass com/sun/tools/javac/comp/Infer$IncorporationAction
instanceKlass com/sun/tools/javac/comp/Annotate$Queues
instanceKlass com/sun/tools/javac/comp/ArgumentAttr$UniquePos
instanceKlass com/sun/tools/javac/comp/Check$ClashFilter
instanceKlass com/sun/tools/javac/code/Symbol$1
instanceKlass com/sun/tools/javac/comp/Check$DefaultMethodClashFilter
instanceKlass com/sun/tools/javac/main/JavaCompiler$2
instanceKlass com/sun/tools/javac/tree/Pretty$1
instanceKlass com/sun/tools/javac/processing/JavacProcessingEnvironment$ImplicitCompleter
instanceKlass jdk/internal/access/foreign/MemorySegmentProxy
instanceKlass lombok/core/configuration/ConfigurationSource
instanceKlass lombok/core/TypeResolver
instanceKlass lombok/core/AST$FieldAccess
instanceKlass lombok/core/LombokImmutableList$1
instanceKlass lombok/javac/JavacImportList
instanceKlass lombok/javac/PackageName
instanceKlass lombok/core/configuration/FileSystemSourceCache$Content
instanceKlass java/util/Collections$UnmodifiableMap$UnmodifiableEntrySet$UnmodifiableEntry
instanceKlass java/util/Collections$UnmodifiableMap$UnmodifiableEntrySet$1
instanceKlass lombok/core/configuration/ConfigurationFile
instanceKlass lombok/core/configuration/BubblingConfigurationResolver
instanceKlass lombok/core/LombokConfiguration$3
instanceKlass lombok/core/configuration/FileSystemSourceCache$1
instanceKlass lombok/core/configuration/ConfigurationProblemReporter$1
instanceKlass lombok/core/configuration/ConfigurationProblemReporter
instanceKlass lombok/core/configuration/ConfigurationParser
instanceKlass lombok/core/configuration/ConfigurationFileToSource
instanceKlass lombok/core/configuration/FileSystemSourceCache
instanceKlass lombok/core/LombokConfiguration$1
instanceKlass lombok/core/configuration/ConfigurationResolverFactory
instanceKlass lombok/core/configuration/ConfigurationResolver
instanceKlass lombok/core/LombokConfiguration
instanceKlass sun/nio/fs/WindowsUriSupport
instanceKlass lombok/core/ImportList
instanceKlass lombok/javac/JavacAST$ErrorLog
instanceKlass java/util/IdentityHashMap$EntryIterator$Entry
instanceKlass com/sun/tools/javac/model/JavacElements$1
instanceKlass javax/annotation/processing/SupportedOptions
instanceKlass com/sun/tools/javac/util/MatchingUtils
instanceKlass java/lang/annotation/Documented
instanceKlass javax/annotation/processing/SupportedAnnotationTypes
instanceKlass lombok/javac/HandlerLibrary$VisitorContainer
instanceKlass lombok/experimental/WithBy
instanceKlass lombok/With
instanceKlass lombok/Value
instanceKlass lombok/javac/JavacASTAdapter
instanceKlass lombok/experimental/UtilityClass
instanceKlass lombok/ToString
instanceKlass lombok/Synchronized
instanceKlass lombok/experimental/SuperBuilder
instanceKlass lombok/javac/handlers/JavacSingularsRecipes$StatementMaker
instanceKlass lombok/javac/handlers/JavacSingularsRecipes$ExpressionMaker
instanceKlass lombok/javac/handlers/HandleBuilder$BuilderJob
instanceKlass lombok/experimental/StandardException
instanceKlass lombok/SneakyThrows
instanceKlass lombok/Singular
instanceKlass lombok/Setter
instanceKlass lombok/core/PrintAST
instanceKlass lombok/NonNull
instanceKlass lombok/extern/slf4j/XSlf4j
instanceKlass lombok/extern/slf4j/Slf4j
instanceKlass lombok/extern/log4j/Log4j
instanceKlass lombok/extern/log4j/Log4j2
instanceKlass lombok/extern/java/Log
instanceKlass lombok/extern/jbosslog/JBossLog
instanceKlass lombok/extern/flogger/Flogger
instanceKlass lombok/CustomLog
instanceKlass lombok/extern/apachecommons/CommonsLog
instanceKlass lombok/Locked$Write
instanceKlass lombok/Locked$Read
instanceKlass lombok/Locked
instanceKlass lombok/extern/jackson/Jacksonized
instanceKlass lombok/experimental/Helper
instanceKlass lombok/Getter
instanceKlass lombok/experimental/FieldNameConstants
instanceKlass lombok/core/LombokImmutableList
instanceKlass lombok/core/JavaIdentifiers
instanceKlass lombok/experimental/ExtensionMethod
instanceKlass lombok/EqualsAndHashCode
instanceKlass lombok/experimental/Delegate
instanceKlass lombok/Data
instanceKlass lombok/RequiredArgsConstructor
instanceKlass lombok/NoArgsConstructor
instanceKlass lombok/AllArgsConstructor
instanceKlass lombok/Cleanup
instanceKlass lombok/Builder$Default
instanceKlass lombok/Builder
instanceKlass lombok/javac/handlers/HandleConstructor
instanceKlass lombok/core/LombokInternalAliasing
instanceKlass lombok/core/AlreadyHandledAnnotations
instanceKlass lombok/javac/ResolutionResetNeeded
instanceKlass java/lang/reflect/Proxy$ProxyBuilder$1
instanceKlass jdk/internal/org/objectweb/asm/Edge
instanceKlass java/lang/reflect/ProxyGenerator$PrimitiveTypeInfo
instanceKlass java/lang/reflect/ProxyGenerator$ProxyMethod
instanceKlass java/lang/module/ModuleDescriptor$Builder
instanceKlass java/lang/PublicMethods
instanceKlass java/lang/reflect/Proxy$ProxyBuilder
instanceKlass java/lang/reflect/Proxy
instanceKlass sun/reflect/annotation/AnnotationInvocationHandler
instanceKlass java/lang/reflect/InvocationHandler
instanceKlass sun/reflect/annotation/AnnotationParser$1
instanceKlass java/lang/annotation/Target
instanceKlass java/lang/annotation/Inherited
instanceKlass java/lang/annotation/Retention
instanceKlass sun/reflect/annotation/ExceptionProxy
instanceKlass sun/reflect/annotation/AnnotationType$1
instanceKlass java/lang/reflect/GenericArrayType
instanceKlass lombok/core/HandlerPriority
instanceKlass lombok/javac/HandlerLibrary$AnnotationHandlerContainer
instanceKlass lombok/experimental/Accessors
instanceKlass lombok/javac/JavacAnnotationHandler
instanceKlass lombok/core/SpiLoadUtil$1$1
instanceKlass lombok/core/SpiLoadUtil$1
instanceKlass java/util/Collections$3
instanceKlass lombok/core/SpiLoadUtil
instanceKlass lombok/core/configuration/ConfigurationKeysLoader
instanceKlass lombok/core/configuration/CheckerFrameworkVersion
instanceKlass lombok/core/configuration/MappedConfigEnum
instanceKlass sun/reflect/generics/tree/TypeVariableSignature
instanceKlass lombok/core/configuration/TypeName
instanceKlass lombok/core/configuration/LogDeclaration
instanceKlass lombok/core/configuration/IdentifierName
instanceKlass lombok/core/configuration/ConfigurationDataType$6
instanceKlass lombok/core/configuration/ConfigurationDataType$7
instanceKlass lombok/core/configuration/NullAnnotationLibrary
instanceKlass lombok/core/configuration/ConfigurationValueType
instanceKlass sun/reflect/generics/reflectiveObjects/LazyReflectiveObjectGenerator
instanceKlass sun/reflect/generics/reflectiveObjects/ParameterizedTypeImpl
instanceKlass java/lang/reflect/ParameterizedType
instanceKlass sun/reflect/generics/visitor/Reifier
instanceKlass sun/reflect/generics/visitor/TypeTreeVisitor
instanceKlass sun/reflect/generics/tree/ClassSignature
instanceKlass sun/reflect/generics/tree/Signature
instanceKlass sun/reflect/generics/tree/ClassTypeSignature
instanceKlass sun/reflect/generics/tree/SimpleClassTypeSignature
instanceKlass sun/reflect/generics/tree/FieldTypeSignature
instanceKlass sun/reflect/generics/tree/BaseType
instanceKlass sun/reflect/generics/tree/TypeSignature
instanceKlass sun/reflect/generics/tree/ReturnType
instanceKlass sun/reflect/generics/tree/TypeArgument
instanceKlass sun/reflect/generics/tree/FormalTypeParameter
instanceKlass sun/reflect/generics/tree/TypeTree
instanceKlass sun/reflect/generics/tree/Tree
instanceKlass sun/reflect/generics/parser/SignatureParser
instanceKlass sun/reflect/generics/factory/CoreReflectionFactory
instanceKlass sun/reflect/generics/scope/AbstractScope
instanceKlass sun/reflect/generics/scope/Scope
instanceKlass lombok/core/configuration/ConfigurationDataType$5
instanceKlass lombok/core/configuration/ConfigurationDataType$4
instanceKlass lombok/core/configuration/ConfigurationDataType$3
instanceKlass lombok/core/configuration/ConfigurationDataType$2
instanceKlass lombok/core/configuration/ConfigurationDataType$1
instanceKlass lombok/core/configuration/ConfigurationValueParser
instanceKlass lombok/core/configuration/ConfigurationDataType
instanceKlass lombok/core/configuration/ConfigurationKey
instanceKlass lombok/ConfigurationKeys
instanceKlass java/lang/invoke/VarForm
instanceKlass java/lang/invoke/VarHandleGuards
instanceKlass jdk/internal/util/Preconditions$1
instanceKlass java/lang/invoke/VarHandle$1
instanceKlass java/lang/ClassValue$Version
instanceKlass java/lang/ClassValue$Identity
instanceKlass java/lang/ClassValue
instanceKlass java/lang/invoke/VarHandles
instanceKlass java/util/concurrent/atomic/AtomicBoolean
instanceKlass lombok/core/configuration/ConfigurationKeysLoader$LoaderLoader
instanceKlass lombok/core/TypeLibrary
instanceKlass lombok/javac/HandlerLibrary
instanceKlass lombok/javac/JavacASTVisitor
instanceKlass lombok/javac/JavacTransformer
instanceKlass com/sun/tools/javac/api/JavacScope
instanceKlass com/sun/source/util/DocTreePath
instanceKlass java/text/BreakIterator
instanceKlass lombok/core/AST
instanceKlass lombok/core/LombokNode
instanceKlass lombok/javac/handlers/JavacHandlerUtil
instanceKlass lombok/javac/JavacTreeMaker$FieldId
instanceKlass lombok/javac/JavacTreeMaker$MethodId
instanceKlass lombok/javac/JavacTreeMaker
instanceKlass java/util/regex/Pattern$1
instanceKlass javax/lang/model/type/TypeVisitor
instanceKlass lombok/javac/JavacTreeMaker$SchroedingerType
instanceKlass lombok/javac/Javac
instanceKlass lombok/javac/apt/Java9Compiler
instanceKlass lombok/javac/apt/LombokFileObjects$Compiler
instanceKlass lombok/javac/apt/LombokFileObject
instanceKlass lombok/javac/apt/LombokFileObjects
instanceKlass lombok/javac/apt/MessagerDiagnosticsReceiver
instanceKlass javax/tools/ForwardingJavaFileManager
instanceKlass lombok/permit/dummy/Parent
instanceKlass java/lang/reflect/AnnotatedType
instanceKlass sun/reflect/annotation/AnnotationType
instanceKlass java/lang/Class$AnnotationData
instanceKlass sun/reflect/generics/factory/GenericsFactory
instanceKlass java/lang/Class$EnclosingMethodInfo
instanceKlass sun/reflect/generics/repository/AbstractRepository
instanceKlass java/lang/reflect/TypeVariable
instanceKlass lombok/core/CleanupRegistry
instanceKlass lombok/permit/Permit$Fake
instanceKlass lombok/permit/Permit
instanceKlass lombok/core/DiagnosticsReceiver
instanceKlass lombok/launch/AnnotationProcessorHider$AstModificationNotifierData
instanceKlass jdk/internal/reflect/UnsafeFieldAccessorFactory
instanceKlass sun/misc/Unsafe
instanceKlass com/sun/tools/javac/code/DeferredCompletionFailureHandler$FlipSymbolDescription
instanceKlass lombok/core/AnnotationProcessor$ProcessorDescriptor
instanceKlass java/util/IdentityHashMap$IdentityHashMapIterator
instanceKlass lombok/launch/ClassFileMetaData
instanceKlass java/util/zip/ZipFile$ZipEntryIterator
instanceKlass java/util/WeakHashMap$HashIterator
instanceKlass java/net/URLEncoder
instanceKlass java/net/URLDecoder
instanceKlass java/net/URLClassLoader$2
instanceKlass lombok/launch/PackageShader
instanceKlass lombok/launch/Main
instanceKlass com/sun/tools/javac/processing/JavacProcessingEnvironment$ProcessorState
instanceKlass com/sun/tools/javac/processing/JavacRoundEnvironment
instanceKlass javax/lang/model/util/AbstractElementVisitor6
instanceKlass javax/lang/model/element/ElementVisitor
instanceKlass com/sun/tools/javac/processing/JavacProcessingEnvironment$Round
instanceKlass com/sun/tools/javac/code/TypeAnnotations$1
instanceKlass com/sun/tools/javac/comp/ConstFold$1
instanceKlass com/sun/tools/javac/code/Types$TypePair
instanceKlass com/sun/tools/javac/code/Flags
instanceKlass com/sun/tools/javac/code/Types$UniqueType
instanceKlass com/sun/tools/javac/comp/Resolve$MethodResolutionContext$Candidate
instanceKlass com/sun/tools/javac/code/Types$ImplementationCache$Entry
instanceKlass com/sun/tools/javac/comp/Resolve$LookupFilter
instanceKlass com/sun/tools/javac/comp/Resolve$5
instanceKlass com/sun/tools/javac/comp/Resolve$MethodResolutionContext
instanceKlass com/sun/tools/javac/code/DeferredLintHandler$LintLogger
instanceKlass com/sun/tools/javac/code/Types$25
instanceKlass com/sun/tools/javac/comp/TypeEnter$1
instanceKlass com/sun/tools/javac/tree/TreeMaker$2
instanceKlass com/sun/tools/javac/code/TypeAnnotationPosition$TypePathEntry
instanceKlass com/sun/tools/javac/jvm/ClassReader$TypeAnnotationProxy
instanceKlass com/sun/tools/javac/code/TypeAnnotationPosition
instanceKlass com/sun/tools/javac/code/TypeTag$1
instanceKlass com/sun/tools/javac/code/Scope$ImportScope$1
instanceKlass com/sun/tools/javac/util/Iterators$2
instanceKlass com/sun/tools/javac/comp/TypeEnter$BasicConstructorHelper
instanceKlass com/sun/tools/javac/code/SymbolMetadata
instanceKlass com/sun/tools/javac/file/JRTIndex$CtSym
instanceKlass com/sun/tools/javac/file/JRTIndex$Entry
instanceKlass com/sun/tools/javac/jvm/ClassReader$CompleterDeproxy
instanceKlass com/sun/tools/javac/jvm/ClassReader$28
instanceKlass com/sun/tools/javac/jvm/ClassReader$ParameterAnnotations
instanceKlass com/sun/tools/javac/jvm/Code$1
instanceKlass com/sun/tools/javac/jvm/ClassReader$AnnotationDeproxy
instanceKlass com/sun/tools/javac/jvm/ClassReader$ProxyVisitor
instanceKlass com/sun/tools/javac/comp/MatchBindingsComputer$1
instanceKlass com/sun/tools/javac/comp/Attr$13
instanceKlass java/nio/file/Files$3
instanceKlass java/nio/file/FileTreeWalker$Event
instanceKlass java/nio/file/FileTreeWalker$DirectoryNode
instanceKlass java/nio/file/FileTreeWalker$1
instanceKlass java/nio/file/FileTreeWalker
instanceKlass java/nio/file/SimpleFileVisitor
instanceKlass com/sun/tools/javac/code/Scope$FilterImportScope$SymbolImporter
instanceKlass com/sun/tools/javac/platform/JDKPlatformProvider$PlatformDescriptionImpl$1$1
instanceKlass java/util/function/BooleanSupplier
instanceKlass java/util/stream/StreamSpliterators
instanceKlass jdk/internal/jrtfs/JrtDirectoryStream$1
instanceKlass java/util/stream/StreamSpliterators$AbstractWrappingSpliterator
instanceKlass java/util/ArrayList$ArrayListSpliterator
instanceKlass jdk/internal/jrtfs/JrtDirectoryStream
instanceKlass java/lang/invoke/MethodHandle$1
instanceKlass com/sun/tools/javac/code/Scope$ImportFilter
instanceKlass com/sun/tools/javac/code/Scope$ScopeImpl$2
instanceKlass com/sun/tools/javac/comp/Check$5
instanceKlass com/sun/tools/javac/util/Pair
instanceKlass com/sun/tools/javac/comp/AttrContext
instanceKlass com/sun/tools/javac/code/Scope$ScopeImpl$1
instanceKlass com/sun/tools/javac/code/ClassFinder$2
instanceKlass com/sun/tools/javac/code/ClassFinder$1
instanceKlass sun/nio/fs/BasicFileAttributesHolder
instanceKlass java/nio/file/Files$2
instanceKlass sun/nio/fs/WindowsDirectoryStream$WindowsDirectoryIterator
instanceKlass java/util/ComparableTimSort
instanceKlass java/util/concurrent/locks/AbstractQueuedSynchronizer$Node
instanceKlass java/util/TreeMap$PrivateEntryIterator
instanceKlass java/util/regex/Pattern$BitClass
instanceKlass java/nio/file/FileVisitor
instanceKlass com/sun/tools/javac/file/JavacFileManager$ArchiveContainer
instanceKlass com/sun/tools/javac/file/JavacFileManager$PathAndContainer
instanceKlass java/util/RegularEnumSet$EnumSetIterator
instanceKlass com/sun/tools/javac/jvm/ClassReader$UsesProvidesCompleter
instanceKlass com/sun/tools/javac/jvm/ClassReader$InterimProvidesDirective
instanceKlass com/sun/tools/javac/jvm/ClassReader$InterimUsesDirective
instanceKlass javax/lang/model/element/ModuleElement$OpensDirective
instanceKlass javax/lang/model/element/ModuleElement$ExportsDirective
instanceKlass com/sun/tools/javac/util/Name$NameMapper
instanceKlass com/sun/tools/javac/jvm/ClassReader$SourceFileObject
instanceKlass com/sun/tools/javac/jvm/PoolReader$ImmutablePoolHelper
instanceKlass com/sun/tools/javac/jvm/PoolReader
instanceKlass com/sun/tools/javac/comp/Modules$3
instanceKlass com/sun/tools/javac/code/ModuleFinder$1
instanceKlass javax/tools/ForwardingFileObject
instanceKlass com/sun/tools/javac/file/JavacFileManager$DirectoryContainer
instanceKlass jdk/internal/math/FloatingDecimal$ASCIIToBinaryBuffer
instanceKlass jdk/internal/math/FloatingDecimal$PreparedASCIIToBinaryBuffer
instanceKlass jdk/internal/math/FloatingDecimal$ASCIIToBinaryConverter
instanceKlass jdk/internal/math/FloatingDecimal$BinaryToASCIIBuffer
instanceKlass jdk/internal/math/FloatingDecimal$ExceptionalBinaryToASCIIBuffer
instanceKlass jdk/internal/math/FloatingDecimal$BinaryToASCIIConverter
instanceKlass jdk/internal/math/FloatingDecimal
instanceKlass java/lang/StringUTF16$LinesSpliterator
instanceKlass java/util/StringJoiner
instanceKlass java/util/AbstractList$RandomAccessSpliterator
instanceKlass java/util/stream/AbstractSpinedBuffer
instanceKlass java/lang/StringLatin1$LinesSpliterator
instanceKlass com/sun/tools/javac/parser/JavacParser$LambdaClassifier
instanceKlass com/sun/tools/javac/tree/JCTree$1
instanceKlass com/sun/tools/javac/parser/UnicodeReader$1
instanceKlass com/sun/tools/javac/parser/LazyDocCommentTable$Entry
instanceKlass com/sun/tools/javac/parser/JavadocTokenizer$OffsetMap
instanceKlass java/util/BitSet
instanceKlass com/sun/tools/javac/util/Position$LineMapImpl
instanceKlass com/sun/tools/javac/util/Position$LineMap
instanceKlass com/sun/tools/javac/util/Position
instanceKlass com/sun/tools/javac/tree/TreeInfo$2
instanceKlass com/sun/tools/javac/tree/TreeInfo
instanceKlass com/sun/tools/javac/parser/JavacParser$1
instanceKlass com/sun/tools/javac/resources/CompilerProperties$Errors
instanceKlass com/sun/tools/javac/util/IntHashTable
instanceKlass com/sun/tools/javac/parser/LazyDocCommentTable
instanceKlass com/sun/tools/javac/parser/JavacParser$ErrorRecoveryAction
instanceKlass com/sun/tools/javac/parser/JavacParser$AbstractEndPosTable
instanceKlass com/sun/tools/javac/tree/EndPosTable
instanceKlass com/sun/tools/javac/parser/JavacParser
instanceKlass com/sun/tools/javac/parser/Scanner
instanceKlass com/sun/source/tree/LineMap
instanceKlass com/sun/tools/javac/file/BaseFileManager$ContentCacheEntry
instanceKlass com/sun/tools/javac/util/DiagnosticSource
instanceKlass javax/annotation/processing/AbstractProcessor
instanceKlass java/io/FilePermissionCollection$1
instanceKlass java/io/FilePermission$1
instanceKlass jdk/internal/access/JavaIOFilePermissionAccess
instanceKlass sun/nio/ByteBuffered
instanceKlass java/lang/Package$VersionInfo
instanceKlass java/net/URLClassLoader$1
instanceKlass sun/net/www/protocol/jar/JarFileFactory
instanceKlass sun/net/www/protocol/jar/URLJarFile$URLJarFileCloseController
instanceKlass com/sun/tools/javac/processing/JavacProcessingEnvironment$DiscoveredProcessors$ProcessorStateIterator
instanceKlass com/sun/tools/javac/processing/JavacProcessingEnvironment$DiscoveredProcessors
instanceKlass com/sun/tools/javac/util/Iterators$CompoundIterator
instanceKlass com/sun/tools/javac/util/Iterators$1
instanceKlass com/sun/tools/javac/util/Iterators
instanceKlass java/util/stream/Nodes$ArrayNode
instanceKlass java/util/stream/Node$Builder
instanceKlass java/util/stream/Node$OfDouble
instanceKlass java/util/stream/Node$OfLong
instanceKlass java/util/stream/Node$OfInt
instanceKlass java/util/stream/Node$OfPrimitive
instanceKlass java/util/stream/Nodes$EmptyNode
instanceKlass java/util/stream/Node
instanceKlass java/util/stream/Nodes
instanceKlass java/util/function/IntFunction
instanceKlass java/util/ImmutableCollections$Access$1
instanceKlass jdk/internal/access/JavaUtilCollectionAccess
instanceKlass java/util/ImmutableCollections$Access
instanceKlass com/sun/tools/javac/platform/PlatformDescription$PluginInfo
instanceKlass javax/annotation/processing/Processor
instanceKlass com/sun/tools/javac/processing/JavacProcessingEnvironment$ServiceIterator
instanceKlass com/sun/tools/javac/file/PathFileObject
instanceKlass jdk/internal/util/jar/JarIndex
instanceKlass jdk/internal/loader/FileURLMapper
instanceKlass jdk/internal/loader/URLClassPath$JarLoader$1
instanceKlass jdk/internal/loader/URLClassPath$Loader
instanceKlass jdk/internal/loader/URLClassPath$3
instanceKlass java/net/URLClassLoader$3$1
instanceKlass java/net/URLClassLoader$3
instanceKlass com/sun/tools/javac/file/JavacFileManager$3
instanceKlass com/sun/tools/javac/model/JavacTypes
instanceKlass com/sun/tools/javac/processing/JavacMessager
instanceKlass java/util/Collections$SynchronizedMap
instanceKlass com/sun/tools/javac/processing/JavacFiler
instanceKlass com/sun/tools/javac/util/ForwardingDiagnosticFormatter$ForwardingConfiguration
instanceKlass com/sun/tools/javac/code/Types$DefaultSymbolVisitor
instanceKlass com/sun/tools/javac/util/ForwardingDiagnosticFormatter
instanceKlass com/sun/tools/javac/code/ModuleFinder$ModuleNameFromSourceReader
instanceKlass com/sun/tools/javac/comp/Modules$PackageNameFinder
instanceKlass com/sun/tools/javac/api/ClientCodeWrapper
instanceKlass com/sun/tools/javac/api/MultiTaskListener
instanceKlass com/sun/tools/javac/parser/UnicodeReader
instanceKlass com/sun/tools/javac/parser/ScannerFactory
instanceKlass com/sun/tools/javac/parser/Tokens$Token
instanceKlass com/sun/tools/javac/parser/Tokens
instanceKlass com/sun/tools/javac/parser/ReferenceParser
instanceKlass com/sun/tools/javac/model/JavacElements
instanceKlass com/sun/source/doctree/DocTreeVisitor
instanceKlass com/sun/tools/javac/tree/DocCommentTable
instanceKlass com/sun/source/tree/Scope
instanceKlass com/sun/source/util/DocSourcePositions
instanceKlass com/sun/source/util/SourcePositions
instanceKlass com/sun/source/doctree/EndElementTree
instanceKlass com/sun/source/doctree/DeprecatedTree
instanceKlass com/sun/source/doctree/AuthorTree
instanceKlass com/sun/source/doctree/ErroneousTree
instanceKlass com/sun/source/doctree/DocRootTree
instanceKlass com/sun/source/doctree/EntityTree
instanceKlass com/sun/source/doctree/DocTypeTree
instanceKlass com/sun/source/doctree/HiddenTree
instanceKlass com/sun/source/doctree/CommentTree
instanceKlass com/sun/source/doctree/AttributeTree
instanceKlass com/sun/source/doctree/ThrowsTree
instanceKlass com/sun/source/doctree/SummaryTree
instanceKlass com/sun/source/doctree/IdentifierTree
instanceKlass com/sun/source/doctree/SerialFieldTree
instanceKlass com/sun/source/doctree/UsesTree
instanceKlass com/sun/source/doctree/LinkTree
instanceKlass com/sun/source/doctree/SerialTree
instanceKlass com/sun/source/doctree/SerialDataTree
instanceKlass com/sun/source/doctree/IndexTree
instanceKlass com/sun/source/doctree/SinceTree
instanceKlass com/sun/source/doctree/ProvidesTree
instanceKlass com/sun/source/doctree/InheritDocTree
instanceKlass com/sun/source/doctree/SeeTree
instanceKlass com/sun/source/doctree/VersionTree
instanceKlass com/sun/source/doctree/LiteralTree
instanceKlass com/sun/source/doctree/ParamTree
instanceKlass com/sun/source/doctree/ReferenceTree
instanceKlass com/sun/source/doctree/ValueTree
instanceKlass com/sun/source/doctree/ReturnTree
instanceKlass com/sun/source/doctree/TextTree
instanceKlass com/sun/source/doctree/DocCommentTree
instanceKlass com/sun/tools/javac/parser/Tokens$Comment
instanceKlass com/sun/source/doctree/UnknownBlockTagTree
instanceKlass com/sun/source/doctree/BlockTagTree
instanceKlass com/sun/source/doctree/UnknownInlineTagTree
instanceKlass com/sun/source/doctree/StartElementTree
instanceKlass com/sun/source/doctree/SystemPropertyTree
instanceKlass com/sun/source/doctree/InlineTagTree
instanceKlass com/sun/source/doctree/DocTree
instanceKlass com/sun/tools/javac/tree/DocTreeMaker
instanceKlass com/sun/source/util/DocTreeFactory
instanceKlass com/sun/tools/javac/parser/Lexer
instanceKlass com/sun/tools/javac/parser/ParserFactory
instanceKlass com/sun/tools/javac/file/JRTIndex
instanceKlass javax/lang/model/element/RecordComponentElement
instanceKlass com/sun/tools/javac/jvm/ClassReader$AttributeReader
instanceKlass com/sun/tools/javac/code/Preview$1
instanceKlass com/sun/tools/javac/comp/Analyzer$2
instanceKlass com/sun/tools/javac/comp/Analyzer$1
instanceKlass com/sun/tools/javac/comp/Analyzer$StatementAnalyzer
instanceKlass com/sun/tools/javac/comp/Analyzer$DeferredAnalysisHelper
instanceKlass com/sun/tools/javac/comp/Analyzer
instanceKlass com/sun/tools/javac/code/Symtab$2
instanceKlass com/sun/tools/javac/code/Symtab$1
instanceKlass com/sun/tools/javac/jvm/JNIWriter
instanceKlass com/sun/tools/javac/jvm/Code
instanceKlass com/sun/tools/javac/jvm/PoolWriter$WriteablePoolHelper
instanceKlass com/sun/tools/javac/code/Types$SignatureGenerator
instanceKlass com/sun/tools/javac/jvm/PoolWriter
instanceKlass com/sun/tools/javac/comp/ConstFold
instanceKlass com/sun/tools/javac/comp/Operators$OperatorHelper
instanceKlass com/sun/tools/javac/comp/Operators
instanceKlass com/sun/tools/javac/jvm/PoolConstant$Dynamic
instanceKlass com/sun/tools/javac/jvm/StringConcat
instanceKlass com/sun/tools/javac/jvm/Items$Item
instanceKlass com/sun/tools/javac/jvm/Gen$GenFinalizer
instanceKlass com/sun/tools/javac/jvm/ClassWriter$AttributeWriter
instanceKlass com/sun/tools/javac/jvm/ClassFile
instanceKlass com/sun/tools/javac/code/ModuleFinder$ModuleLocationIterator
instanceKlass com/sun/tools/javac/code/ModuleFinder
instanceKlass com/sun/tools/javac/code/DeferredCompletionFailureHandler$3
instanceKlass com/sun/tools/javac/code/DeferredCompletionFailureHandler$2
instanceKlass com/sun/tools/javac/code/DeferredCompletionFailureHandler$1
instanceKlass com/sun/tools/javac/code/DeferredCompletionFailureHandler$Handler
instanceKlass com/sun/tools/javac/code/DeferredCompletionFailureHandler
instanceKlass com/sun/tools/javac/comp/Flow
instanceKlass com/sun/tools/javac/comp/Infer$GraphStrategy
instanceKlass com/sun/tools/javac/comp/InferenceContext
instanceKlass javax/lang/model/element/TypeParameterElement
instanceKlass com/sun/tools/javac/comp/Infer$AbstractIncorporationEngine
instanceKlass com/sun/tools/javac/code/Type$UndetVar$UndetVarListener
instanceKlass com/sun/tools/javac/comp/Infer
instanceKlass com/sun/tools/javac/util/MandatoryWarningHandler
instanceKlass com/sun/tools/javac/code/Preview
instanceKlass com/sun/tools/javac/util/Dependencies
instanceKlass com/sun/tools/javac/comp/TypeEnvs
instanceKlass com/sun/tools/javac/code/TypeAnnotations
instanceKlass com/sun/tools/javac/code/DeferredLintHandler$1
instanceKlass com/sun/tools/javac/code/DeferredLintHandler
instanceKlass com/sun/tools/javac/comp/TypeEnter$DefaultConstructorHelper
instanceKlass com/sun/tools/javac/util/GraphUtils$DependencyKind
instanceKlass com/sun/tools/javac/comp/TypeEnter$Phase
instanceKlass com/sun/tools/javac/comp/TypeEnter
instanceKlass java/util/function/BiPredicate
instanceKlass com/sun/tools/javac/code/Types$CandidatesCache
instanceKlass com/sun/tools/javac/code/Types$ImplementationCache
instanceKlass com/sun/tools/javac/code/Types$3
instanceKlass com/sun/tools/javac/code/Types$DescriptorCache
instanceKlass com/sun/tools/javac/code/Types
instanceKlass com/sun/tools/javac/tree/TreeMaker$AnnotationBuilder
instanceKlass com/sun/tools/javac/tree/TreeMaker
instanceKlass com/sun/tools/javac/tree/JCTree$Factory
instanceKlass com/sun/tools/javac/comp/DeferredAttr$4
instanceKlass com/sun/tools/javac/tree/TreeCopier
instanceKlass com/sun/tools/javac/comp/DeferredAttr$DeferredAttrContext
instanceKlass com/sun/tools/javac/comp/DeferredAttr$DeferredStuckPolicy
instanceKlass com/sun/tools/javac/comp/AttrRecover
instanceKlass com/sun/tools/javac/comp/Resolve$ReferenceLookupResult
instanceKlass com/sun/tools/javac/api/Formattable$LocalizedString
instanceKlass com/sun/tools/javac/comp/Resolve$9
instanceKlass com/sun/tools/javac/comp/Resolve$8
instanceKlass com/sun/tools/javac/comp/Resolve$7
instanceKlass com/sun/tools/javac/comp/Resolve$6
instanceKlass com/sun/tools/javac/comp/Env
instanceKlass com/sun/tools/javac/comp/Resolve$AbstractMethodCheck
instanceKlass com/sun/tools/javac/comp/Resolve$2
instanceKlass com/sun/tools/javac/code/Scope$ScopeListener
instanceKlass com/sun/tools/javac/comp/Resolve$LookupHelper
instanceKlass com/sun/tools/javac/comp/Resolve$ReferenceChooser
instanceKlass com/sun/tools/javac/comp/Resolve$LogResolveHelper
instanceKlass com/sun/tools/javac/comp/Resolve$RecoveryLoadClass
instanceKlass com/sun/tools/javac/comp/Resolve
instanceKlass com/sun/tools/javac/comp/Check$1
instanceKlass com/sun/tools/javac/util/Warner
instanceKlass com/sun/tools/javac/comp/Check
instanceKlass com/sun/tools/javac/comp/Modules$1
instanceKlass com/sun/tools/javac/code/Directive
instanceKlass javax/lang/model/element/ModuleElement$RequiresDirective
instanceKlass javax/lang/model/element/ModuleElement$Directive
instanceKlass com/sun/tools/javac/code/Scope$ScopeListenerList
instanceKlass com/sun/tools/javac/code/Scope$Entry
instanceKlass com/sun/tools/javac/comp/Annotate$AnnotationTypeMetadata
instanceKlass com/sun/tools/javac/api/Formattable
instanceKlass com/sun/tools/javac/code/Kinds$KindSelector
instanceKlass com/sun/tools/javac/code/MissingInfoHandler
instanceKlass com/sun/tools/javac/code/TypeMetadata
instanceKlass javax/lang/model/type/NullType
instanceKlass com/sun/tools/javac/code/Symtab
instanceKlass com/sun/tools/javac/comp/MatchBindingsComputer$MatchBindings
instanceKlass com/sun/source/util/SimpleTreeVisitor
instanceKlass com/sun/tools/javac/comp/Resolve$MethodCheck
instanceKlass javax/lang/model/type/UnionType
instanceKlass com/sun/tools/javac/comp/Check$NestedCheckContext
instanceKlass javax/lang/model/type/IntersectionType
instanceKlass com/sun/tools/javac/comp/Attr$ResultInfo
instanceKlass com/sun/tools/javac/code/Types$DefaultTypeVisitor
instanceKlass com/sun/tools/javac/comp/Annotate$2
instanceKlass com/sun/tools/javac/code/TypeMetadata$Entry
instanceKlass com/sun/tools/javac/comp/Check$CheckContext
instanceKlass javax/lang/model/element/AnnotationMirror
instanceKlass com/sun/tools/javac/comp/Annotate
instanceKlass com/sun/tools/javac/util/ByteBuffer
instanceKlass com/sun/tools/javac/code/Attribute
instanceKlass javax/lang/model/element/AnnotationValue
instanceKlass javax/lang/model/type/PrimitiveType
instanceKlass com/sun/tools/javac/comp/Annotate$AnnotationTypeCompleter
instanceKlass com/sun/tools/javac/jvm/ClassReader
instanceKlass com/sun/tools/javac/code/Scope
instanceKlass com/sun/tools/javac/code/ClassFinder
instanceKlass com/sun/tools/javac/util/Convert
instanceKlass com/sun/tools/javac/util/ArrayUtils
instanceKlass com/sun/tools/javac/util/Name
instanceKlass javax/lang/model/element/Name
instanceKlass com/sun/tools/javac/util/Name$Table
instanceKlass com/sun/tools/javac/util/Names
instanceKlass com/sun/tools/javac/code/Symbol$Completer$1
instanceKlass javax/lang/model/element/ModuleElement
instanceKlass com/sun/tools/javac/parser/Parser
instanceKlass javax/lang/model/element/PackageElement
instanceKlass com/sun/tools/javac/main/JavaCompiler
instanceKlass com/sun/tools/javac/code/Lint$AugmentVisitor
instanceKlass com/sun/tools/javac/code/Attribute$Visitor
instanceKlass com/sun/tools/javac/code/Symbol$Completer
instanceKlass javax/lang/model/element/TypeElement
instanceKlass javax/lang/model/element/QualifiedNameable
instanceKlass com/sun/source/tree/GuardedPatternTree
instanceKlass com/sun/source/tree/ParameterizedTypeTree
instanceKlass com/sun/source/tree/ArrayAccessTree
instanceKlass com/sun/source/tree/IdentifierTree
instanceKlass com/sun/source/tree/InstanceOfTree
instanceKlass com/sun/source/tree/PrimitiveTypeTree
instanceKlass com/sun/source/tree/MemberReferenceTree
instanceKlass com/sun/source/tree/UnionTypeTree
instanceKlass com/sun/source/tree/MemberSelectTree
instanceKlass com/sun/source/tree/ArrayTypeTree
instanceKlass com/sun/source/tree/ConditionalExpressionTree
instanceKlass com/sun/source/tree/ExpressionStatementTree
instanceKlass com/sun/source/tree/AssignmentTree
instanceKlass com/sun/source/tree/MethodInvocationTree
instanceKlass com/sun/source/tree/CompoundAssignmentTree
instanceKlass com/sun/source/tree/ParenthesizedTree
instanceKlass com/sun/source/tree/LambdaExpressionTree
instanceKlass com/sun/source/tree/ClassTree
instanceKlass com/sun/source/tree/DoWhileLoopTree
instanceKlass com/sun/source/tree/EmptyStatementTree
instanceKlass com/sun/source/tree/PackageTree
instanceKlass com/sun/source/tree/ModuleTree
instanceKlass com/sun/source/tree/VariableTree
instanceKlass com/sun/source/tree/LabeledStatementTree
instanceKlass com/sun/source/tree/MethodTree
instanceKlass com/sun/source/tree/EnhancedForLoopTree
instanceKlass com/sun/source/tree/AnnotationTree
instanceKlass com/sun/source/tree/IntersectionTypeTree
instanceKlass com/sun/source/tree/SwitchExpressionTree
instanceKlass com/sun/source/tree/ParenthesizedPatternTree
instanceKlass com/sun/source/tree/BindingPatternTree
instanceKlass com/sun/source/tree/PatternTree
instanceKlass com/sun/source/tree/DefaultCaseLabelTree
instanceKlass com/sun/source/tree/YieldTree
instanceKlass com/sun/source/tree/ExportsTree
instanceKlass com/sun/source/tree/ModifiersTree
instanceKlass com/sun/source/tree/ProvidesTree
instanceKlass com/sun/source/tree/OpensTree
instanceKlass com/sun/source/tree/TypeParameterTree
instanceKlass com/sun/source/tree/AnnotatedTypeTree
instanceKlass com/sun/source/tree/RequiresTree
instanceKlass com/sun/source/tree/ErroneousTree
instanceKlass com/sun/source/tree/UsesTree
instanceKlass com/sun/source/tree/DirectiveTree
instanceKlass com/sun/source/tree/LiteralTree
instanceKlass com/sun/source/tree/TypeCastTree
instanceKlass com/sun/source/tree/UnaryTree
instanceKlass com/sun/source/tree/ReturnTree
instanceKlass com/sun/source/tree/BinaryTree
instanceKlass com/sun/source/tree/NewArrayTree
instanceKlass com/sun/source/tree/NewClassTree
instanceKlass com/sun/source/tree/ContinueTree
instanceKlass com/sun/source/tree/AssertTree
instanceKlass com/sun/source/tree/ThrowTree
instanceKlass com/sun/source/tree/SwitchTree
instanceKlass com/sun/source/tree/ForLoopTree
instanceKlass com/sun/source/tree/BreakTree
instanceKlass com/sun/source/tree/TryTree
instanceKlass com/sun/source/tree/CaseTree
instanceKlass com/sun/source/tree/IfTree
instanceKlass com/sun/source/tree/SynchronizedTree
instanceKlass com/sun/source/tree/WhileLoopTree
instanceKlass com/sun/source/tree/CatchTree
instanceKlass com/sun/source/tree/ImportTree
instanceKlass com/sun/source/tree/BlockTree
instanceKlass com/sun/source/tree/StatementTree
instanceKlass com/sun/source/tree/WildcardTree
instanceKlass javax/annotation/processing/Messager
instanceKlass javax/annotation/processing/Filer
instanceKlass com/sun/tools/javac/tree/JCTree$Visitor
instanceKlass javax/annotation/processing/RoundEnvironment
instanceKlass com/sun/tools/javac/processing/JavacProcessingEnvironment
instanceKlass javax/annotation/processing/ProcessingEnvironment
instanceKlass java/lang/invoke/MethodHandles$1
instanceKlass java/lang/Long$LongCache
instanceKlass com/sun/tools/javac/code/Source$1
instanceKlass sun/nio/fs/WindowsDirectoryStream
instanceKlass java/io/RandomAccessFile$1
instanceKlass sun/security/action/GetIntegerAction
instanceKlass sun/security/util/SignatureFileVerifier
instanceKlass java/util/zip/ZipFile$InflaterCleanupAction
instanceKlass jdk/internal/perf/PerfCounter$CoreCounters
instanceKlass jdk/internal/perf/Perf
instanceKlass jdk/internal/perf/Perf$GetPerfAction
instanceKlass jdk/internal/perf/PerfCounter
instanceKlass java/nio/file/attribute/FileTime
instanceKlass java/util/zip/ZipFile$Source$End
instanceKlass java/io/RandomAccessFile$2
instanceKlass jdk/internal/access/JavaIORandomAccessFileAccess
instanceKlass java/io/RandomAccessFile
instanceKlass java/io/DataOutput
instanceKlass java/util/zip/ZipFile$Source$Key
instanceKlass java/util/zip/ZipFile$Source
instanceKlass java/util/zip/ZipFile$CleanableResource
instanceKlass java/lang/Runtime$Version
instanceKlass java/util/jar/JavaUtilJarAccessImpl
instanceKlass jdk/internal/access/JavaUtilJarAccess
instanceKlass java/util/zip/ZipFile$1
instanceKlass jdk/internal/access/JavaUtilZipFileAccess
instanceKlass java/util/zip/ZipFile
instanceKlass sun/security/util/ManifestEntryVerifier
instanceKlass java/security/CodeSigner
instanceKlass java/util/jar/JarVerifier
instanceKlass java/util/jar/Attributes$Name
instanceKlass java/util/jar/Attributes
instanceKlass java/util/zip/ZipEntry
instanceKlass java/util/zip/ZipCoder
instanceKlass java/util/zip/ZipConstants
instanceKlass com/sun/tools/javac/util/ListBuffer$1
instanceKlass com/sun/tools/javac/main/DelegatingJavaFileManager
instanceKlass jdk/internal/jrtfs/JrtFileAttributes
instanceKlass java/util/Collections$1
instanceKlass javax/tools/StandardLocation$2
instanceKlass jdk/internal/jimage/ImageReader$SharedImageReader$LocationVisitor
instanceKlass java/io/BufferedReader$1
instanceKlass java/util/zip/Inflater$InflaterZStreamRef
instanceKlass java/util/zip/Inflater
instanceKlass java/util/concurrent/TimeUnit$1
instanceKlass java/time/chrono/AbstractChronology
instanceKlass java/time/chrono/Chronology
instanceKlass java/time/zone/ZoneOffsetTransition
instanceKlass java/time/zone/ZoneOffsetTransitionRule
instanceKlass java/time/zone/ZoneRules
instanceKlass java/time/zone/Ser
instanceKlass java/io/Externalizable
instanceKlass java/time/zone/ZoneRulesProvider$1
instanceKlass java/time/zone/ZoneRulesProvider
instanceKlass java/util/zip/ZipUtils
instanceKlass java/util/zip/Checksum$1
instanceKlass java/util/zip/CRC32
instanceKlass java/util/zip/Checksum
instanceKlass sun/util/calendar/ZoneInfoFile$ZoneOffsetTransitionRule
instanceKlass java/io/DataInput
instanceKlass sun/util/calendar/ZoneInfoFile$1
instanceKlass sun/util/calendar/ZoneInfoFile
instanceKlass java/util/TimeZone
instanceKlass java/time/ZoneId
instanceKlass java/time/LocalTime
instanceKlass java/time/temporal/ValueRange
instanceKlass java/time/Duration
instanceKlass java/time/temporal/TemporalAmount
instanceKlass java/time/temporal/TemporalUnit
instanceKlass java/time/temporal/TemporalField
instanceKlass java/time/LocalDate
instanceKlass java/time/chrono/ChronoLocalDate
instanceKlass java/time/LocalDateTime
instanceKlass java/time/chrono/ChronoLocalDateTime
instanceKlass java/time/temporal/TemporalAdjuster
instanceKlass java/time/temporal/Temporal
instanceKlass java/time/temporal/TemporalAccessor
instanceKlass jdk/nio/zipfs/ZipUtils
instanceKlass jdk/internal/jimage/ImageReader$Node
instanceKlass jdk/internal/jrtfs/SystemImage$2
instanceKlass jdk/internal/jrtfs/SystemImage
instanceKlass jdk/internal/jrtfs/JrtPath
instanceKlass com/sun/tools/javac/resources/CompilerProperties$Fragments
instanceKlass com/sun/tools/javac/file/BaseFileManager$3
instanceKlass com/sun/tools/javac/file/Locations$ModuleTable
instanceKlass javax/tools/StandardJavaFileManager$PathFactory
instanceKlass com/sun/tools/javac/file/Locations$LocationHandler
instanceKlass com/sun/tools/javac/file/Locations
instanceKlass com/sun/tools/javac/file/BaseFileManager$ByteBufferCache
instanceKlass com/sun/tools/javac/file/FSInfo
instanceKlass com/sun/tools/javac/util/StringUtils
instanceKlass com/sun/tools/javac/platform/JDKPlatformProvider$PlatformDescriptionImpl
instanceKlass java/util/stream/MatchOps$BooleanTerminalSink
instanceKlass java/util/stream/MatchOps$MatchOp
instanceKlass java/util/stream/MatchOps
instanceKlass java/util/TreeMap$TreeMapSpliterator
instanceKlass jdk/nio/zipfs/ZipDirectoryStream$1
instanceKlass jdk/nio/zipfs/ZipDirectoryStream
instanceKlass java/nio/file/Files$AcceptAllFilter
instanceKlass jdk/nio/zipfs/ZipFileSystem$END
instanceKlass jdk/nio/zipfs/ZipConstants
instanceKlass java/nio/channels/spi/AbstractInterruptibleChannel$1
instanceKlass sun/nio/ch/Interruptible
instanceKlass sun/nio/fs/WindowsChannelFactory$2
instanceKlass java/nio/file/attribute/PosixFileAttributeView
instanceKlass jdk/nio/zipfs/ZipFileAttributeView
instanceKlass jdk/nio/zipfs/ZipPath
instanceKlass jdk/nio/zipfs/ZipCoder
instanceKlass sun/nio/fs/WindowsSecurity
instanceKlass sun/nio/fs/AbstractAclFileAttributeView
instanceKlass java/nio/file/attribute/AclFileAttributeView
instanceKlass java/nio/file/attribute/FileOwnerAttributeView
instanceKlass sun/nio/fs/WindowsLinkSupport
instanceKlass sun/nio/fs/WindowsFileSystemProvider$1
instanceKlass java/util/concurrent/locks/ReentrantReadWriteLock$WriteLock
instanceKlass java/util/concurrent/locks/ReentrantReadWriteLock$ReadLock
instanceKlass java/util/concurrent/locks/ReentrantReadWriteLock
instanceKlass java/util/Collections$SynchronizedCollection
instanceKlass java/nio/file/attribute/PosixFilePermissions
instanceKlass java/util/concurrent/locks/ReadWriteLock
instanceKlass java/nio/file/attribute/PosixFileAttributes
instanceKlass jdk/nio/zipfs/ZipFileSystem$IndexNode
instanceKlass jdk/nio/zipfs/ZipFileAttributes
instanceKlass java/util/LinkedHashMap$LinkedHashIterator
instanceKlass java/util/TimSort
instanceKlass java/util/Arrays$LegacyMergeSort
instanceKlass java/util/AbstractMap$SimpleEntry
instanceKlass jdk/internal/jimage/ImageBufferCache$2
instanceKlass jdk/internal/jimage/ImageBufferCache
instanceKlass jdk/internal/loader/Resource
instanceKlass java/util/HexFormat
instanceKlass sun/net/www/ParseUtil
instanceKlass sun/net/www/MessageHeader
instanceKlass java/net/URLConnection
instanceKlass jdk/internal/loader/URLClassPath$1
instanceKlass java/lang/CompoundEnumeration
instanceKlass jdk/internal/loader/BuiltinClassLoader$1
instanceKlass java/util/Collections$EmptyEnumeration
instanceKlass jdk/internal/loader/BuiltinClassLoader$2
instanceKlass java/nio/file/FileStore
instanceKlass java/nio/file/DirectoryStream
instanceKlass java/nio/file/DirectoryStream$Filter
instanceKlass java/nio/channels/AsynchronousFileChannel
instanceKlass java/nio/channels/AsynchronousChannel
instanceKlass java/util/concurrent/ExecutorService
instanceKlass java/util/concurrent/Executor
instanceKlass java/nio/file/spi/FileSystemProvider$1
instanceKlass sun/nio/fs/WindowsPath$1
instanceKlass java/util/NavigableSet
instanceKlass java/util/SortedSet
instanceKlass com/sun/tools/javac/platform/PlatformDescription
instanceKlass com/sun/tools/javac/platform/JDKPlatformProvider
instanceKlass java/util/ServiceLoader$3
instanceKlass com/sun/tools/javac/platform/PlatformProvider
instanceKlass com/sun/tools/javac/platform/PlatformUtils
instanceKlass java/util/stream/ForEachOps$ForEachOp
instanceKlass java/util/stream/ForEachOps
instanceKlass com/sun/tools/javac/main/Arguments$ErrorReporter
instanceKlass jdk/internal/reflect/ClassDefiner$1
instanceKlass jdk/internal/reflect/ClassDefiner
instanceKlass jdk/internal/reflect/MethodAccessorGenerator$1
instanceKlass jdk/internal/reflect/Label$PatchInfo
instanceKlass jdk/internal/reflect/Label
instanceKlass jdk/internal/reflect/UTF8
instanceKlass jdk/internal/reflect/ClassFileAssembler
instanceKlass jdk/internal/reflect/ByteVectorImpl
instanceKlass jdk/internal/reflect/ByteVector
instanceKlass jdk/internal/reflect/ByteVectorFactory
instanceKlass jdk/internal/reflect/AccessorGenerator
instanceKlass jdk/internal/reflect/ClassFileConstants
instanceKlass sun/nio/fs/WindowsFileAttributes
instanceKlass java/nio/file/attribute/DosFileAttributes
instanceKlass sun/nio/fs/AbstractBasicFileAttributeView
instanceKlass sun/nio/fs/DynamicFileAttributeView
instanceKlass sun/nio/fs/WindowsFileAttributeViews
instanceKlass sun/nio/fs/Util
instanceKlass java/nio/file/attribute/BasicFileAttributeView
instanceKlass java/nio/file/attribute/FileAttributeView
instanceKlass java/nio/file/attribute/AttributeView
instanceKlass java/nio/file/attribute/BasicFileAttributes
instanceKlass sun/nio/fs/ExtendedFileSystemProvider
instanceKlass java/nio/file/CopyOption
instanceKlass com/sun/tools/doclint/DocLint$1
instanceKlass java/util/ServiceLoader$ProviderImpl
instanceKlass java/util/ServiceLoader$1
instanceKlass java/security/PrivilegedExceptionAction
instanceKlass com/sun/source/util/TreePath
instanceKlass javax/lang/model/util/Types
instanceKlass javax/lang/model/util/Elements
instanceKlass com/sun/source/util/Trees
instanceKlass com/sun/source/util/JavacTask
instanceKlass javax/tools/JavaCompiler$CompilationTask
instanceKlass java/util/concurrent/Callable
instanceKlass com/sun/source/tree/CompilationUnitTree
instanceKlass com/sun/source/util/TaskListener
instanceKlass com/sun/source/util/TreeScanner
instanceKlass com/sun/source/tree/TreeVisitor
instanceKlass java/util/ServiceLoader$Provider
instanceKlass java/util/ServiceLoader$ProviderSpliterator
instanceKlass java/util/ServiceLoader$2
instanceKlass java/util/ServiceLoader$LazyClassPathLookupIterator
instanceKlass java/util/concurrent/CopyOnWriteArrayList$COWIterator
instanceKlass java/util/Spliterators$1Adapter
instanceKlass java/util/ServiceLoader$ModuleServicesLookupIterator
instanceKlass java/util/ServiceLoader
instanceKlass com/sun/tools/doclint/DocLint
instanceKlass com/sun/source/util/Plugin
instanceKlass java/util/JumboEnumSet$EnumSetIterator
instanceKlass com/sun/tools/javac/main/Arguments
instanceKlass sun/nio/ch/IOStatus
instanceKlass java/nio/DirectByteBuffer$Deallocator
instanceKlass sun/nio/ch/Util$BufferCache
instanceKlass sun/nio/ch/Util
instanceKlass sun/nio/ch/NativeThread
instanceKlass java/nio/charset/CoderResult
instanceKlass com/sun/tools/javac/main/CommandLine$Tokenizer
instanceKlass java/nio/channels/Channels
instanceKlass sun/nio/ch/FileChannelImpl$Closer
instanceKlass sun/nio/ch/NativeDispatcher
instanceKlass sun/nio/ch/NativeThreadSet
instanceKlass sun/nio/ch/IOUtil
instanceKlass java/nio/channels/spi/AbstractInterruptibleChannel
instanceKlass java/nio/channels/InterruptibleChannel
instanceKlass java/nio/channels/ScatteringByteChannel
instanceKlass java/nio/channels/GatheringByteChannel
instanceKlass java/nio/channels/SeekableByteChannel
instanceKlass java/nio/channels/ByteChannel
instanceKlass java/nio/channels/WritableByteChannel
instanceKlass java/nio/channels/ReadableByteChannel
instanceKlass java/nio/channels/Channel
instanceKlass sun/nio/fs/NativeBuffer$Deallocator
instanceKlass sun/nio/fs/NativeBuffer
instanceKlass java/lang/ThreadLocal$ThreadLocalMap
instanceKlass sun/nio/fs/NativeBuffers
instanceKlass sun/nio/fs/WindowsNativeDispatcher$CompletionStatus
instanceKlass sun/nio/fs/WindowsNativeDispatcher$AclInformation
instanceKlass sun/nio/fs/WindowsNativeDispatcher$Account
instanceKlass sun/nio/fs/WindowsNativeDispatcher$DiskFreeSpace
instanceKlass sun/nio/fs/WindowsNativeDispatcher$VolumeInformation
instanceKlass sun/nio/fs/WindowsNativeDispatcher$FirstStream
instanceKlass sun/nio/fs/WindowsNativeDispatcher$FirstFile
instanceKlass sun/nio/fs/WindowsNativeDispatcher
instanceKlass java/util/Collections$EmptyIterator
instanceKlass sun/nio/fs/WindowsChannelFactory$Flags
instanceKlass sun/nio/fs/WindowsChannelFactory$1
instanceKlass sun/nio/fs/WindowsChannelFactory
instanceKlass sun/nio/fs/WindowsSecurityDescriptor
instanceKlass java/nio/file/attribute/FileAttribute
instanceKlass java/nio/file/Files
instanceKlass java/util/TreeMap$Entry
instanceKlass java/lang/ProcessEnvironment$CheckedEntry
instanceKlass java/lang/ProcessEnvironment$CheckedEntrySet$1
instanceKlass java/util/NavigableMap
instanceKlass java/util/SortedMap
instanceKlass java/lang/ProcessEnvironment$EntryComparator
instanceKlass java/lang/ProcessEnvironment$NameComparator
instanceKlass java/io/Reader
instanceKlass java/lang/Readable
instanceKlass com/sun/tools/javac/main/CommandLine
instanceKlass javax/tools/DiagnosticListener
instanceKlass com/sun/tools/javac/util/JCDiagnostic
instanceKlass javax/lang/model/element/VariableElement
instanceKlass javax/lang/model/element/ExecutableElement
instanceKlass javax/lang/model/element/Parameterizable
instanceKlass javax/lang/model/element/Element
instanceKlass javax/lang/model/type/ErrorType
instanceKlass javax/lang/model/type/DeclaredType
instanceKlass javax/lang/model/type/WildcardType
instanceKlass javax/lang/model/type/ArrayType
instanceKlass com/sun/tools/javac/jvm/PoolConstant$LoadableConstant
instanceKlass javax/lang/model/type/NoType
instanceKlass javax/lang/model/type/TypeVariable
instanceKlass javax/lang/model/type/ReferenceType
instanceKlass javax/lang/model/type/ExecutableType
instanceKlass com/sun/tools/javac/code/AnnoConstruct
instanceKlass com/sun/tools/javac/jvm/PoolConstant
instanceKlass javax/lang/model/type/TypeMirror
instanceKlass javax/lang/model/AnnotatedConstruct
instanceKlass com/sun/tools/javac/util/AbstractDiagnosticFormatter$SimpleConfiguration
instanceKlass com/sun/tools/javac/code/Printer
instanceKlass com/sun/tools/javac/code/Symbol$Visitor
instanceKlass com/sun/tools/javac/code/Type$Visitor
instanceKlass com/sun/source/tree/ExpressionTree
instanceKlass com/sun/source/tree/CaseLabelTree
instanceKlass com/sun/tools/javac/tree/JCTree
instanceKlass com/sun/source/tree/Tree
instanceKlass com/sun/tools/javac/api/DiagnosticFormatter$Configuration
instanceKlass com/sun/tools/javac/util/AbstractDiagnosticFormatter
instanceKlass com/sun/tools/javac/util/Options
instanceKlass jdk/internal/module/Checks
instanceKlass jdk/internal/module/Resources
instanceKlass java/security/Security$2
instanceKlass jdk/internal/access/JavaSecurityPropertiesAccess
instanceKlass java/util/concurrent/ConcurrentHashMap$MapEntry
instanceKlass java/io/FileInputStream$1
instanceKlass java/util/Properties$LineReader
instanceKlass java/security/Security$1
instanceKlass java/security/Security
instanceKlass sun/security/util/SecurityProperties
instanceKlass sun/security/util/FilePermCompat
instanceKlass sun/security/util/SecurityConstants
instanceKlass java/util/ResourceBundle$ResourceBundleProviderHelper
instanceKlass java/util/ResourceBundle$3
instanceKlass java/util/LinkedList$Node
instanceKlass java/util/ResourceBundle$CacheKeyReference
instanceKlass java/util/ResourceBundle$CacheKey
instanceKlass sun/util/locale/LocaleObjectCache
instanceKlass java/util/ResourceBundle$Control
instanceKlass java/util/ResourceBundle$1
instanceKlass jdk/internal/access/JavaUtilResourceBundleAccess
instanceKlass com/sun/tools/javac/util/List$3
instanceKlass java/util/ResourceBundle
instanceKlass com/sun/tools/javac/util/JavacMessages$ResourceBundleHelper
instanceKlass com/sun/tools/javac/util/List$2
instanceKlass com/sun/tools/javac/util/JavacMessages
instanceKlass com/sun/tools/javac/api/Messages
instanceKlass com/sun/tools/javac/util/JCDiagnostic$Factory
instanceKlass com/sun/tools/javac/util/Log$DiagnosticHandler
instanceKlass javax/tools/Diagnostic
instanceKlass com/sun/tools/javac/api/DiagnosticFormatter
instanceKlass com/sun/tools/javac/util/JCDiagnostic$DiagnosticPosition
instanceKlass com/sun/tools/javac/util/AbstractLog
instanceKlass jdk/internal/misc/ScopedMemoryAccess$Scope
instanceKlass sun/invoke/util/VerifyAccess$1
instanceKlass com/sun/tools/javac/util/Context$Factory
instanceKlass com/sun/tools/javac/file/JavacFileManager$1
instanceKlass jdk/internal/org/objectweb/asm/ClassReader
instanceKlass java/util/Spliterators$ArraySpliterator
instanceKlass com/sun/tools/javac/util/Context$Key
instanceKlass com/sun/tools/javac/code/Lint
instanceKlass com/sun/tools/javac/util/Assert
instanceKlass java/util/regex/ASCII
instanceKlass java/util/regex/IntHashSet
instanceKlass java/util/regex/Matcher
instanceKlass java/util/regex/MatchResult
instanceKlass java/util/regex/Pattern$TreeInfo
instanceKlass java/util/regex/Pattern$BmpCharPredicate
instanceKlass java/util/regex/Pattern$CharPredicate
instanceKlass java/util/regex/CharPredicates
instanceKlass java/util/regex/Pattern$Node
instanceKlass java/util/regex/Pattern
instanceKlass com/sun/tools/javac/file/RelativePath
instanceKlass javax/tools/JavaFileObject
instanceKlass com/sun/tools/javac/file/JavacFileManager$Container
instanceKlass javax/tools/JavaFileManager$Location
instanceKlass javax/tools/FileObject
instanceKlass com/sun/tools/javac/file/BaseFileManager
instanceKlass javax/tools/StandardJavaFileManager
instanceKlass javax/tools/JavaFileManager
instanceKlass javax/tools/OptionChecker
instanceKlass com/sun/tools/javac/util/Context
instanceKlass com/sun/tools/javac/main/OptionHelper
instanceKlass com/sun/tools/javac/util/JCDiagnostic$DiagnosticInfo
instanceKlass com/sun/tools/javac/main/Main
instanceKlass java/lang/NamedPackage
instanceKlass com/sun/tools/javac/Main
instanceKlass sun/security/util/Debug
instanceKlass java/security/SecureClassLoader$DebugHolder
instanceKlass java/security/PermissionCollection
instanceKlass java/security/SecureClassLoader$1
instanceKlass java/security/SecureClassLoader$CodeSourceKey
instanceKlass sun/net/util/URLUtil
instanceKlass sun/net/util/IPAddressUtil
instanceKlass jdk/internal/jimage/ImageLocation
instanceKlass jdk/internal/jimage/decompressor/Decompressor
instanceKlass jdk/internal/jimage/ImageStringsReader
instanceKlass jdk/internal/jimage/ImageStrings
instanceKlass jdk/internal/jimage/ImageHeader
instanceKlass java/nio/Bits$1
instanceKlass jdk/internal/misc/VM$BufferPool
instanceKlass java/nio/Bits
instanceKlass sun/nio/ch/DirectBuffer
instanceKlass java/util/Enumeration
instanceKlass java/util/concurrent/ConcurrentHashMap$Traverser
instanceKlass java/util/concurrent/ConcurrentHashMap$CollectionView
instanceKlass jdk/internal/loader/NativeLibraries$NativeLibraryImpl
instanceKlass jdk/internal/loader/NativeLibrary
instanceKlass java/util/ArrayDeque$DeqIterator
instanceKlass jdk/internal/loader/NativeLibraries$1
instanceKlass jdk/internal/loader/NativeLibraries$LibraryPaths
instanceKlass jdk/internal/jimage/NativeImageBuffer$1
instanceKlass jdk/internal/jimage/NativeImageBuffer
instanceKlass jdk/internal/jimage/BasicImageReader$1
instanceKlass jdk/internal/jimage/BasicImageReader
instanceKlass jdk/internal/jimage/ImageReader
instanceKlass jdk/internal/jimage/ImageReaderFactory$1
instanceKlass sun/nio/fs/WindowsPath
instanceKlass java/net/URI$Parser
instanceKlass sun/nio/fs/WindowsPathParser$Result
instanceKlass sun/nio/fs/WindowsPathParser
instanceKlass java/util/Arrays$ArrayItr
instanceKlass java/nio/file/FileSystem
instanceKlass java/nio/file/OpenOption
instanceKlass java/nio/file/spi/FileSystemProvider
instanceKlass sun/nio/fs/DefaultFileSystemProvider
instanceKlass java/nio/file/FileSystems$DefaultFileSystemHolder$1
instanceKlass java/nio/file/FileSystems$DefaultFileSystemHolder
instanceKlass java/nio/file/FileSystems
instanceKlass java/nio/file/Paths
instanceKlass jdk/internal/jimage/ImageReaderFactory
instanceKlass jdk/internal/module/SystemModuleFinders$SystemImage
instanceKlass jdk/internal/module/ModulePatcher$PatchedModuleReader
instanceKlass jdk/internal/module/SystemModuleFinders$SystemModuleReader
instanceKlass java/lang/module/ModuleReader
instanceKlass jdk/internal/loader/BuiltinClassLoader$5
instanceKlass sun/launcher/LauncherHelper
instanceKlass jdk/internal/vm/PostVMInitHook$1
instanceKlass jdk/internal/util/EnvUtils
instanceKlass jdk/internal/vm/PostVMInitHook$2
instanceKlass sun/util/locale/LocaleUtils
instanceKlass sun/util/locale/BaseLocale
instanceKlass java/util/Locale
instanceKlass jdk/internal/vm/PostVMInitHook
instanceKlass java/lang/invoke/StringConcatFactory$3
instanceKlass java/lang/invoke/StringConcatFactory$2
instanceKlass java/lang/invoke/StringConcatFactory$1
instanceKlass java/lang/invoke/StringConcatFactory
instanceKlass jdk/internal/module/ModuleBootstrap$SafeModuleFinder
instanceKlass java/lang/ModuleLayer$Controller
instanceKlass java/util/concurrent/CopyOnWriteArrayList
instanceKlass jdk/internal/module/ServicesCatalog$ServiceProvider
instanceKlass jdk/internal/loader/AbstractClassLoaderValue$Memoizer
instanceKlass jdk/internal/module/ModuleLoaderMap$Modules
instanceKlass jdk/internal/module/ModuleLoaderMap$Mapper
instanceKlass jdk/internal/module/ModuleLoaderMap
instanceKlass java/lang/module/ResolvedModule
instanceKlass java/util/Collections$UnmodifiableCollection$1
instanceKlass java/lang/ModuleLayer
instanceKlass java/util/ImmutableCollections$ListItr
instanceKlass java/util/ListIterator
instanceKlass java/lang/module/ModuleFinder$1
instanceKlass java/nio/file/Path
instanceKlass java/nio/file/Watchable
instanceKlass java/lang/module/Resolver
instanceKlass java/lang/module/Configuration
instanceKlass java/util/ImmutableCollections$Set12$1
instanceKlass java/util/stream/FindOps$FindOp
instanceKlass java/util/stream/FindOps$FindSink
instanceKlass java/util/stream/FindOps
instanceKlass java/util/stream/Sink$ChainedReference
instanceKlass java/util/stream/ReduceOps$AccumulatingSink
instanceKlass java/util/stream/TerminalSink
instanceKlass java/util/stream/Sink
instanceKlass java/util/function/Consumer
instanceKlass java/util/stream/ReduceOps$Box
instanceKlass java/util/stream/ReduceOps$ReduceOp
instanceKlass java/util/stream/TerminalOp
instanceKlass java/util/stream/ReduceOps
instanceKlass java/util/function/BinaryOperator
instanceKlass java/util/function/BiFunction
instanceKlass java/util/function/BiConsumer
instanceKlass java/util/stream/Collectors$CollectorImpl
instanceKlass java/util/stream/Collector
instanceKlass java/util/Collections$UnmodifiableCollection
instanceKlass java/util/stream/Collectors
instanceKlass java/lang/ref/Cleaner$Cleanable
instanceKlass jdk/internal/ref/CleanerImpl
instanceKlass java/lang/ref/Cleaner$1
instanceKlass java/lang/ref/Cleaner
instanceKlass jdk/internal/ref/CleanerFactory$1
instanceKlass java/util/concurrent/ThreadFactory
instanceKlass jdk/internal/ref/CleanerFactory
instanceKlass jdk/internal/util/Preconditions
instanceKlass java/lang/invoke/MethodHandles$Lookup$ClassDefiner
instanceKlass java/lang/invoke/MethodHandles$Lookup$ClassFile
instanceKlass jdk/internal/org/objectweb/asm/Handler
instanceKlass jdk/internal/org/objectweb/asm/Attribute
instanceKlass jdk/internal/org/objectweb/asm/FieldVisitor
instanceKlass java/util/ArrayList$Itr
instanceKlass java/lang/invoke/InvokerBytecodeGenerator$ClassData
instanceKlass jdk/internal/org/objectweb/asm/AnnotationVisitor
instanceKlass jdk/internal/org/objectweb/asm/Frame
instanceKlass jdk/internal/org/objectweb/asm/Label
instanceKlass jdk/internal/org/objectweb/asm/MethodVisitor
instanceKlass java/lang/invoke/LambdaFormBuffer
instanceKlass java/lang/invoke/LambdaFormEditor$TransformKey
instanceKlass java/lang/invoke/LambdaFormEditor
instanceKlass sun/invoke/util/Wrapper$1
instanceKlass java/lang/invoke/DelegatingMethodHandle$Holder
instanceKlass java/lang/invoke/DirectMethodHandle$2
instanceKlass sun/invoke/empty/Empty
instanceKlass sun/invoke/util/VerifyType
instanceKlass java/lang/invoke/ClassSpecializer$Factory
instanceKlass java/lang/invoke/ClassSpecializer$SpeciesData
instanceKlass java/lang/invoke/ClassSpecializer$1
instanceKlass java/util/function/Function
instanceKlass java/lang/invoke/ClassSpecializer
instanceKlass java/lang/invoke/InnerClassLambdaMetafactory$1
instanceKlass java/lang/invoke/LambdaProxyClassArchive
instanceKlass jdk/internal/org/objectweb/asm/ByteVector
instanceKlass jdk/internal/org/objectweb/asm/Symbol
instanceKlass jdk/internal/org/objectweb/asm/SymbolTable
instanceKlass jdk/internal/org/objectweb/asm/ClassVisitor
instanceKlass java/lang/invoke/InfoFromMemberName
instanceKlass java/lang/invoke/MethodHandleInfo
instanceKlass jdk/internal/org/objectweb/asm/ConstantDynamic
instanceKlass sun/invoke/util/BytecodeDescriptor
instanceKlass jdk/internal/org/objectweb/asm/Handle
instanceKlass sun/security/action/GetBooleanAction
instanceKlass jdk/internal/org/objectweb/asm/Type
instanceKlass java/lang/invoke/AbstractValidatingLambdaMetafactory
instanceKlass java/lang/invoke/MethodHandleImpl$1
instanceKlass jdk/internal/access/JavaLangInvokeAccess
instanceKlass java/lang/invoke/Invokers$Holder
instanceKlass java/lang/invoke/BootstrapMethodInvoker
instanceKlass java/util/function/Predicate
instanceKlass java/lang/WeakPairMap$Pair$Lookup
instanceKlass java/lang/WeakPairMap$Pair
instanceKlass java/lang/WeakPairMap
instanceKlass java/lang/Module$ReflectionData
instanceKlass java/lang/invoke/InvokerBytecodeGenerator$2
instanceKlass java/lang/invoke/InvokerBytecodeGenerator
instanceKlass java/lang/invoke/LambdaForm$Holder
instanceKlass java/lang/invoke/LambdaForm$Name
instanceKlass java/lang/reflect/Array
instanceKlass java/lang/invoke/Invokers
instanceKlass java/lang/invoke/MethodHandleImpl
instanceKlass sun/invoke/util/ValueConversions
instanceKlass java/lang/invoke/DirectMethodHandle$Holder
instanceKlass java/lang/invoke/LambdaForm$NamedFunction
instanceKlass sun/invoke/util/Wrapper$Format
instanceKlass java/lang/invoke/MethodTypeForm
instanceKlass java/lang/Void
instanceKlass java/lang/invoke/MethodType$ConcurrentWeakInternSet
instanceKlass java/lang/invoke/LambdaMetafactory
instanceKlass sun/reflect/annotation/AnnotationParser
instanceKlass java/lang/Class$3
instanceKlass java/lang/PublicMethods$Key
instanceKlass java/lang/PublicMethods$MethodList
instanceKlass java/util/EnumMap$1
instanceKlass java/util/stream/StreamOpFlag$MaskBuilder
instanceKlass java/util/stream/Stream
instanceKlass java/util/stream/BaseStream
instanceKlass java/util/stream/PipelineHelper
instanceKlass java/util/stream/StreamSupport
instanceKlass java/util/Spliterators$IteratorSpliterator
instanceKlass java/util/Spliterator$OfDouble
instanceKlass java/util/Spliterator$OfLong
instanceKlass java/util/Spliterator$OfInt
instanceKlass java/util/Spliterator$OfPrimitive
instanceKlass java/util/Spliterator
instanceKlass java/util/Spliterators$EmptySpliterator
instanceKlass java/util/Spliterators
instanceKlass jdk/internal/module/DefaultRoots
instanceKlass java/util/ImmutableCollections$SetN$SetNIterator
instanceKlass jdk/internal/loader/BuiltinClassLoader$LoadedModule
instanceKlass jdk/internal/loader/AbstractClassLoaderValue
instanceKlass jdk/internal/module/ServicesCatalog
instanceKlass java/net/URLStreamHandler
instanceKlass java/net/URL$3
instanceKlass jdk/internal/access/JavaNetURLAccess
instanceKlass java/net/URL$DefaultFactory
instanceKlass java/net/URLStreamHandlerFactory
instanceKlass jdk/internal/loader/URLClassPath
instanceKlass java/security/Principal
instanceKlass java/security/ProtectionDomain$Key
instanceKlass java/security/ProtectionDomain$JavaSecurityAccessImpl
instanceKlass jdk/internal/access/JavaSecurityAccess
instanceKlass java/lang/ClassLoader$ParallelLoaders
instanceKlass java/security/cert/Certificate
instanceKlass jdk/internal/loader/ArchivedClassLoaders
instanceKlass java/util/Deque
instanceKlass java/util/Queue
instanceKlass jdk/internal/loader/ClassLoaderHelper
instanceKlass jdk/internal/loader/NativeLibraries
instanceKlass jdk/internal/loader/BootLoader
instanceKlass java/util/Optional
instanceKlass jdk/internal/module/SystemModuleFinders$SystemModuleFinder
instanceKlass java/lang/module/ModuleFinder
instanceKlass jdk/internal/module/SystemModuleFinders$3
instanceKlass jdk/internal/module/ModuleHashes$HashSupplier
instanceKlass jdk/internal/module/SystemModuleFinders$2
instanceKlass java/util/function/Supplier
instanceKlass java/lang/module/ModuleReference
instanceKlass jdk/internal/module/ModuleResolution
instanceKlass java/util/Collections$UnmodifiableMap
instanceKlass jdk/internal/module/ModuleHashes$Builder
instanceKlass jdk/internal/module/ModuleHashes
instanceKlass jdk/internal/module/ModuleTarget
instanceKlass java/lang/Enum
instanceKlass java/lang/module/ModuleDescriptor$Version
instanceKlass java/lang/module/ModuleDescriptor$Provides
instanceKlass java/lang/module/ModuleDescriptor$Opens
instanceKlass java/lang/module/ModuleDescriptor$Exports
instanceKlass java/lang/module/ModuleDescriptor$Requires
instanceKlass jdk/internal/module/Builder
instanceKlass jdk/internal/module/SystemModules$all
instanceKlass jdk/internal/module/SystemModules
instanceKlass jdk/internal/module/SystemModulesMap
instanceKlass java/net/URI$1
instanceKlass jdk/internal/access/JavaNetUriAccess
instanceKlass java/net/URI
instanceKlass jdk/internal/module/SystemModuleFinders
instanceKlass jdk/internal/module/ArchivedModuleGraph
instanceKlass jdk/internal/module/ArchivedBootLayer
instanceKlass jdk/internal/module/ModuleBootstrap$Counters
instanceKlass jdk/internal/module/ModulePatcher
instanceKlass java/io/FileSystem
instanceKlass java/io/DefaultFileSystem
instanceKlass java/io/File
instanceKlass java/lang/module/ModuleDescriptor$1
instanceKlass jdk/internal/access/JavaLangModuleAccess
instanceKlass sun/invoke/util/VerifyAccess
instanceKlass java/lang/module/ModuleDescriptor
instanceKlass jdk/internal/module/ModuleBootstrap
instanceKlass java/lang/invoke/MethodHandleStatics
instanceKlass java/util/Collections
instanceKlass sun/io/Win32ErrorMode
instanceKlass jdk/internal/misc/OSEnvironment
instanceKlass jdk/internal/misc/Signal$NativeHandler
instanceKlass java/util/Hashtable$Entry
instanceKlass jdk/internal/misc/Signal
instanceKlass java/lang/Terminator$1
instanceKlass jdk/internal/misc/Signal$Handler
instanceKlass java/lang/Terminator
instanceKlass java/nio/ByteOrder
instanceKlass java/nio/Buffer$1
instanceKlass jdk/internal/access/JavaNioAccess
instanceKlass jdk/internal/misc/ScopedMemoryAccess
instanceKlass sun/nio/cs/ArrayEncoder
instanceKlass java/nio/charset/CharsetEncoder
instanceKlass sun/security/action/GetPropertyAction
instanceKlass java/io/Writer
instanceKlass java/io/OutputStream
instanceKlass java/io/Flushable
instanceKlass java/io/FileDescriptor$1
instanceKlass jdk/internal/access/JavaIOFileDescriptorAccess
instanceKlass java/io/FileDescriptor
instanceKlass jdk/internal/util/StaticProperty
instanceKlass java/util/HashMap$HashIterator
instanceKlass java/lang/Integer$IntegerCache
instanceKlass java/lang/CharacterData
instanceKlass java/lang/VersionProps
instanceKlass java/lang/StringConcatHelper
instanceKlass java/lang/StringCoding
instanceKlass java/nio/charset/CodingErrorAction
instanceKlass sun/nio/cs/SingleByte
instanceKlass java/lang/StringUTF16
instanceKlass sun/nio/cs/MS1258$Holder
instanceKlass sun/nio/cs/ArrayDecoder
instanceKlass java/nio/charset/CharsetDecoder
instanceKlass java/lang/reflect/Modifier
instanceKlass java/lang/Class$1
instanceKlass java/lang/Class$Atomic
instanceKlass java/lang/Class$ReflectionData
instanceKlass jdk/internal/util/ArraysSupport
instanceKlass java/nio/charset/StandardCharsets
instanceKlass sun/nio/cs/HistoricallyNamedCharset
instanceKlass java/util/Arrays
instanceKlass java/lang/ThreadLocal
instanceKlass java/nio/charset/spi/CharsetProvider
instanceKlass java/nio/charset/Charset
instanceKlass jdk/internal/misc/VM
instanceKlass jdk/internal/util/SystemProps$Raw
instanceKlass jdk/internal/util/SystemProps
instanceKlass java/lang/System$2
instanceKlass jdk/internal/access/JavaLangAccess
instanceKlass java/lang/ref/Reference$1
instanceKlass jdk/internal/access/JavaLangRefAccess
instanceKlass java/lang/ref/ReferenceQueue$Lock
instanceKlass java/lang/ref/ReferenceQueue
instanceKlass jdk/internal/reflect/ReflectionFactory
instanceKlass jdk/internal/reflect/ReflectionFactory$GetReflectionFactoryAction
instanceKlass java/security/PrivilegedAction
instanceKlass java/util/concurrent/locks/LockSupport
instanceKlass java/util/concurrent/ConcurrentHashMap$Node
instanceKlass java/util/concurrent/ConcurrentHashMap$CounterCell
instanceKlass java/util/concurrent/locks/ReentrantLock
instanceKlass java/util/concurrent/locks/Lock
instanceKlass java/lang/Runtime
instanceKlass java/util/HashMap$Node
instanceKlass java/util/KeyValueHolder
instanceKlass java/util/Map$Entry
instanceKlass java/util/ImmutableCollections$MapN$MapNIterator
instanceKlass java/lang/Math
instanceKlass jdk/internal/reflect/Reflection
instanceKlass java/lang/invoke/MethodHandles$Lookup
instanceKlass java/lang/StringLatin1
instanceKlass java/security/Permission
instanceKlass java/security/Guard
instanceKlass java/lang/invoke/MemberName$Factory
instanceKlass java/lang/invoke/MethodHandles
instanceKlass jdk/internal/access/SharedSecrets
instanceKlass java/lang/reflect/ReflectAccess
instanceKlass jdk/internal/access/JavaLangReflectAccess
instanceKlass java/util/ImmutableCollections
instanceKlass java/util/Objects
instanceKlass java/util/Set
instanceKlass jdk/internal/misc/CDS
instanceKlass java/lang/Module$ArchivedData
instanceKlass java/lang/String$CaseInsensitiveComparator
instanceKlass java/util/Comparator
instanceKlass java/io/ObjectStreamField
instanceKlass jdk/internal/vm/vector/VectorSupport$VectorPayload
instanceKlass jdk/internal/vm/vector/VectorSupport
instanceKlass java/lang/reflect/RecordComponent
instanceKlass java/util/Iterator
instanceKlass java/lang/Number
instanceKlass java/lang/Character
instanceKlass java/lang/Boolean
instanceKlass java/util/concurrent/locks/AbstractOwnableSynchronizer
instanceKlass java/lang/LiveStackFrame
instanceKlass java/lang/StackFrameInfo
instanceKlass java/lang/StackWalker$StackFrame
instanceKlass java/lang/StackStreamFactory$AbstractStackWalker
instanceKlass java/lang/StackWalker
instanceKlass java/nio/Buffer
instanceKlass java/lang/StackTraceElement
instanceKlass java/util/RandomAccess
instanceKlass java/util/List
instanceKlass java/util/AbstractCollection
instanceKlass java/util/Collection
instanceKlass java/lang/Iterable
instanceKlass java/util/concurrent/ConcurrentMap
instanceKlass java/util/AbstractMap
instanceKlass java/security/CodeSource
instanceKlass jdk/internal/loader/ClassLoaders
instanceKlass java/util/jar/Manifest
instanceKlass java/net/URL
instanceKlass java/io/InputStream
instanceKlass java/io/Closeable
instanceKlass java/lang/AutoCloseable
instanceKlass jdk/internal/module/Modules
instanceKlass jdk/internal/misc/Unsafe
instanceKlass jdk/internal/misc/UnsafeConstants
instanceKlass java/lang/AbstractStringBuilder
instanceKlass java/lang/Appendable
instanceKlass java/lang/AssertionStatusDirectives
instanceKlass java/lang/invoke/MethodHandleNatives$CallSiteContext
instanceKlass jdk/internal/invoke/NativeEntryPoint
instanceKlass java/lang/invoke/CallSite
instanceKlass java/lang/invoke/MethodType
instanceKlass java/lang/invoke/TypeDescriptor$OfMethod
instanceKlass java/lang/invoke/LambdaForm
instanceKlass java/lang/invoke/MethodHandleNatives
instanceKlass java/lang/invoke/ResolvedMethodName
instanceKlass java/lang/invoke/MemberName
instanceKlass java/lang/invoke/VarHandle
instanceKlass java/lang/invoke/MethodHandle
instanceKlass jdk/internal/reflect/CallerSensitive
instanceKlass java/lang/annotation/Annotation
instanceKlass jdk/internal/reflect/FieldAccessor
instanceKlass jdk/internal/reflect/ConstantPool
instanceKlass jdk/internal/reflect/ConstructorAccessor
instanceKlass jdk/internal/reflect/MethodAccessor
instanceKlass jdk/internal/reflect/MagicAccessorImpl
instanceKlass java/lang/reflect/Parameter
instanceKlass java/lang/reflect/Member
instanceKlass java/lang/reflect/AccessibleObject
instanceKlass java/lang/Module
instanceKlass java/util/Map
instanceKlass java/util/Dictionary
instanceKlass java/lang/ThreadGroup
instanceKlass java/lang/Thread$UncaughtExceptionHandler
instanceKlass java/lang/Thread
instanceKlass java/lang/Runnable
instanceKlass java/lang/ref/Reference
instanceKlass java/lang/Record
instanceKlass java/security/AccessController
instanceKlass java/security/AccessControlContext
instanceKlass java/security/ProtectionDomain
instanceKlass java/lang/SecurityManager
instanceKlass java/lang/Throwable
instanceKlass java/lang/System
instanceKlass java/lang/ClassLoader
instanceKlass java/lang/Cloneable
instanceKlass java/lang/Class
instanceKlass java/lang/invoke/TypeDescriptor$OfField
instanceKlass java/lang/invoke/TypeDescriptor
instanceKlass java/lang/reflect/Type
instanceKlass java/lang/reflect/GenericDeclaration
instanceKlass java/lang/reflect/AnnotatedElement
instanceKlass java/lang/String
instanceKlass java/lang/constant/ConstantDesc
instanceKlass java/lang/constant/Constable
instanceKlass java/lang/CharSequence
instanceKlass java/lang/Comparable
instanceKlass java/io/Serializable
ciInstanceKlass java/lang/Object 1 1 92 100 1 10 12 1 1 10 7 12 1 1 1 10 100 12 1 1 1 10 12 1 1 8 1 10 12 1 1 10 100 12 1 1 1 10 12 1 10 12 1 1 100 1 8 1 10 12 1 3 8 1 100 1 5 0 1 1 1 1 1 1 1 1 1 1 1 1 1 1 1 1 100 1 1 1 7 1 1 1 1 1 1 1 100 1 1 1 1 1 1 1
ciInstanceKlass java/lang/Class 1 1 1611 10 7 12 1 1 1 9 7 12 1 1 1 9 12 1 1 7 1 10 10 12 1 1 8 1 10 12 1 8 1 8 1 10 12 1 1 10 12 1 1 10 12 1 10 10 12 1 10 12 1 1 10 12 1 1 10 7 12 1 1 10 12 1 10 12 1 10 12 1 8 1 10 12 1 8 1 10 12 1 8 1 8 1 10 12 1 1 10 7 12 1 1 1 18 12 1 1 11 7 12 1 1 1 8 1 8 1 8 1 10 7 12 1 1 1 11 12 1 1 7 1 8 1 10 12 1 11 100 12 1 1 1 10 12 1 1 11 8 1 18 8 1 10 12 1 10 7 12 1 1 10 7 12 1 1 1 10 12 1 1 10 7 12 1 1 1 9 7 12 1 1 1 10 100 12 1 1 1 10 7 12 1 1 1 10 12 1 1 18 12 1 1 10 7 12 1 1 1 10 7 12 1 1 10 12 1 1 10 7 1 100 1 10 12 1 1 9 12 1 1 7 1 8 1 10 12 1 10 12 1 1 10 12 1 1 10 7 12 1 1 1 7 1 10 12 1 7 1 7 1 10 10 12 1 1 10 12 1 1 100 1 10 100 12 1 1 1 10 12 1 1 10 12 1 1 9 12 1 1 10 12 1 10 12 1 10 12 1 1 9 12 1 1 9 12 1 1 10 12 1 1 10 7 1 10 12 1 10 12 1 10 12 1 1 10 9 12 1 10 12 1 8 1 10 12 1 1 10 12 1 1 10 12 1 10 12 1 1 10 12 1 1 10 12 1 1 9 7 12 1 1 1 10 7 12 1 1 10 12 10 12 1 10 12 1 1 10 100 12 1 1 10 12 1 10 12 1 1 10 100 12 1 1 1 10 12 1 10 12 1 1 10 12 1 10 12 1 10 12 1 1 10 7 1 10 10 10 12 1 1 10 12 1 1 10 12 10 12 1 1 100 1 8 1 10 10 12 1 1 10 12 1 100 1 11 12 1 10 100 12 1 1 10 12 1 10 12 1 10 100 12 1 1 10 10 12 1 1 8 1 10 12 1 10 12 1 1 8 1 9 12 1 10 12 1 10 12 1 10 12 1 10 12 100 1 9 12 1 10 12 1 9 12 1 10 12 1 10 12 1 10 12 1 10 10 12 1 10 12 1 10 12 1 10 12 1 10 12 1 10 12 1 100 1 10 12 1 10 12 1 1 10 12 1 1 10 12 1 1 10 12 1 1 10 12 1 1 10 12 1 1 7 1 10 10 12 1 1 10 12 1 1 10 12 1 1 10 10 12 1 10 12 1 1 10 12 1 1 10 12 1 1 10 12 1 1 7 1 10 10 12 11 100 12 1 1 10 12 1 1 10 12 1 10 100 12 1 1 1 10 12 1 1 10 10 12 1 1 100 1 10 10 12 1 1 10 100 12 1 1 1 100 1 7 1 10 12 1 1 10 12 1 10 10 12 1 1 10 12 1 10 12 1 10 12 1 10 100 12 1 1 1 11 7 12 1 1 10 12 1 10 12 1 9 12 1 10 12 1 1 10 12 1 9 12 1 1 7 1 10 9 12 1 1 10 12 7 1 10 12 1 9 12 1 10 100 12 1 1 1 10 12 1 10 12 1 10 100 12 1 1 1 10 12 1 10 12 10 12 1 1 100 1 10 8 1 10 12 1 11 11 12 1 1 11 7 12 1 1 11 12 1 8 1 10 12 1 10 12 1 1 9 12 1 9 12 1 1 10 7 12 1 1 9 12 1 10 12 1 1 10 10 12 1 10 7 12 1 1 1 10 7 12 1 1 10 7 12 1 1 9 12 1 1 10 12 1 9 12 1 10 12 1 10 12 1 1 9 12 1 1 9 12 1 10 12 1 10 12 1 1 9 12 1 7 1 10 10 12 1 1 7 1 10 12 1 1 7 11 7 1 9 12 1 1 9 12 1 100 1 10 12 1 9 12 1 1 9 12 1 10 12 1 10 12 1 1 9 12 1 7 1 10 10 12 1 1 10 10 12 1 1 10 12 10 10 12 1 9 12 1 10 12 1 1 10 7 12 1 1 1 10 12 1 1 10 12 1 8 10 7 8 1 18 8 1 8 1 10 12 1 9 12 1 9 12 1 1 10 12 1 7 1 7 1 10 12 1 9 12 1 1 7 1 10 10 12 1 10 7 1 9 12 1 8 1 10 12 1 7 1 10 12 1 10 12 1 1 9 12 1 100 1 8 1 10 7 1 4 10 10 12 11 7 12 1 1 1 10 12 1 100 1 10 12 1 1 10 8 1 8 1 10 12 1 1 9 7 12 1 1 11 12 7 1 11 7 12 1 1 9 12 1 10 100 12 1 1 1 10 7 12 1 1 10 12 1 1 9 12 1 9 10 12 1 1 10 12 1 1 10 12 1 1 10 12 1 1 10 12 1 1 11 12 1 100 1 11 12 1 10 100 12 1 1 1 10 12 1 100 1 11 12 1 10 100 12 1 1 1 10 12 1 10 11 12 1 11 12 1 1 10 12 1 10 12 1 1 9 12 1 1 9 100 12 1 1 10 12 1 10 100 12 1 1 1 10 12 1 1 10 12 1 10 12 1 10 12 1 10 7 12 1 1 1 10 12 1 8 1 10 12 1 10 12 1 10 12 1 10 100 12 1 1 1 11 100 12 1 1 1 10 12 1 1 10 12 1 18 12 1 1 11 12 1 1 18 11 12 1 18 12 1 11 12 1 10 12 1 1 10 12 1 10 12 1 10 12 10 12 1 8 1 10 12 1 7 1 9 12 1 1 100 1 100 1 100 1 100 1 100 1 1 1 3 1 3 1 3 1 1 1 1 1 1 1 5 0 1 1 1 1 1 1 1 1 1 1 1 1 1 1 1 1 1 1 1 1 1 1 1 100 1 1 1 1 1 1 1 100 1 1 1 1 1 1 7 1 1 1 1 1 1 1 1 1 1 1 1 1 1 1 1 1 1 1 1 1 1 1 1 1 1 1 1 1 1 1 1 1 1 1 1 1 1 100 1 1 1 1 1 1 1 1 1 1 1 1 1 1 1 1 1 1 1 1 1 1 1 1 1 1 1 1 100 1 1 1 1 1 1 1 1 1 1 1 1 1 1 1 1 1 1 1 1 1 1 1 1 1 1 1 1 1 1 1 1 1 1 1 1 1 1 1 1 1 1 1 1 1 1 1 1 1 1 1 1 1 100 1 100 1 1 1 1 1 1 1 1 1 1 1 1 1 1 1 1 1 1 1 1 1 1 1 1 1 1 1 1 1 1 1 1 1 1 1 1 1 1 1 1 1 1 1 1 1 1 1 1 1 1 1 1 1 1 1 1 1 1 1 1 1 1 1 100 1 1 1 1 1 1 1 1 1 1 1 1 1 1 1 1 1 1 1 1 1 1 1 1 1 1 1 1 1 1 1 1 1 1 1 1 1 1 1 1 1 1 1 1 1 1 1 1 1 1 1 1 1 1 1 1 1 1 1 1 1 1 1 1 1 1 1 1 15 10 7 12 1 1 1 16 15 10 12 16 15 11 12 16 1 16 15 16 15 10 12 16 16 15 10 12 16 15 16 1 15 10 12 16 1 1 1 1 1 1 1 1 100 1 1 100 1 100 1 1 100 1 100 1 1
staticfield java/lang/Class EMPTY_CLASS_ARRAY [Ljava/lang/Class; 0 [Ljava/lang/Class;
staticfield java/lang/Class serialPersistentFields [Ljava/io/ObjectStreamField; 0 [Ljava/io/ObjectStreamField;
ciInstanceKlass java/io/Serializable 1 0 7 100 1 100 1 1 1
instanceKlass jdk/internal/vm/vector/VectorSupport$VectorShuffle
instanceKlass jdk/internal/vm/vector/VectorSupport$VectorMask
instanceKlass jdk/internal/vm/vector/VectorSupport$Vector
ciInstanceKlass jdk/internal/vm/vector/VectorSupport$VectorPayload 0 0 32 10 100 12 1 1 1 9 100 12 1 1 1 10 100 12 1 1 1 1 1 1 1 1 1 1 1 1 1 1 1 1
ciInstanceKlass jdk/internal/vm/vector/VectorSupport$VectorShuffle 0 0 28 10 100 12 1 1 1 100 1 1 1 1 1 1 1 1 1 1 1 1 1 1 1 100 1 1 1 1
ciInstanceKlass jdk/internal/vm/vector/VectorSupport$VectorMask 0 0 28 10 100 12 1 1 1 100 1 1 1 1 1 1 1 1 1 1 1 1 1 1 1 100 1 1 1 1
ciInstanceKlass jdk/internal/vm/vector/VectorSupport$Vector 0 0 28 10 100 12 1 1 1 100 1 1 1 1 1 1 1 1 1 1 1 1 1 1 1 100 1 1 1 1
ciInstanceKlass jdk/internal/vm/vector/VectorSupport 0 0 487 100 1 10 100 12 1 1 1 9 12 1 1 10 12 1 1 100 1 10 12 1 11 100 12 1 1 1 11 100 12 1 1 1 11 100 12 1 1 11 100 12 1 1 1 11 100 1 100 1 10 12 1 1 11 100 12 1 1 11 100 12 1 1 100 1 11 100 12 1 1 11 100 12 1 1 11 100 12 1 1 1 11 100 12 1 1 1 11 100 12 1 1 1 11 100 12 1 1 1 100 1 10 12 1 1 11 100 12 1 1 100 1 11 100 12 1 1 11 100 12 1 1 11 100 12 1 1 11 100 1 100 1 9 12 1 1 10 100 12 1 1 11 100 12 1 1 10 12 1 1 10 100 12 1 1 1 10 12 1 10 12 1 1 10 12 1 1 1 1 1 3 1 3 1 3 1 3 1 3 1 3 1 3 1 3 1 3 1 3 1 3 1 3 1 3 1 3 1 3 1 3 1 3 1 3 1 3 1 3 1 3 1 3 1 3 1 3 1 3 1 3 1 3 1 3 1 3 1 3 1 3 1 3 1 3 1 3 1 3 1 3 1 3 1 3 1 3 1 1 1 1 1 3 1 1 1 1 1 1 3 1 1 1 1 1 1 1 1 1 1 1 1 1 1 1 1 1 1 1 1 1 1 1 1 1 1 1 1 1 1 1 1 1 1 1 1 1 1 1 1 1 1 1 1 1 1 1 1 1 1 1 1 1 1 1 1 1 1 1 1 1 1 1 1 1 1 1 1 1 1 1 1 1 1 1 1 1 1 1 1 1 1 1 1 1 1 1 1 1 1 1 1 1 1 1 1 1 1 1 1 1 1 1 1 1 1 1 1 1 1 1 1 1 1 1 1 1 1 1 1 1 1 1 1 1 1 1 1 1 1 1 1 1 1 1 1 1 1 1 1 1 1 1 1 1 1 1 1 1 1 1 1 1 1 1 1 1 1 1 1 1 1 1 1 1 1 1 1 1 1 1 1 1 1 1 1 1 1 1 1 1 1 1 1 1 1 1 1 1 1 1 1 1 1 1 1 1 1 1 100 1 100 1 1 1 1 1 1 1 1 1 1 1 1 1 1 1 1 1 1 1 1 1 1 1 1
ciInstanceKlass java/lang/reflect/RecordComponent 0 0 196 10 100 12 1 1 1 9 100 12 1 1 1 9 12 1 1 9 12 1 10 12 1 1 10 12 1 1 10 100 12 1 1 1 10 12 1 1 9 12 1 1 10 12 1 1 10 12 1 1 10 12 1 10 100 12 1 1 10 100 12 1 1 9 12 1 1 10 100 12 1 1 1 11 100 12 1 1 1 10 9 100 12 1 1 1 10 100 12 1 1 1 9 12 1 1 10 100 12 1 1 1 10 12 1 1 11 100 12 1 1 10 100 12 1 1 100 1 9 12 1 9 12 1 1 9 12 1 10 100 12 1 1 1 10 12 1 1 10 12 1 1 100 1 10 10 12 1 10 12 1 1 8 1 10 12 1 10 12 1 9 12 1 100 1 1 1 1 1 1 1 1 1 1 1 1 1 1 1 1 1 1 1 1 1 1 100 1 1 1 1 1 1 100 1 1
ciInstanceKlass java/util/Iterator 1 1 53 100 1 8 1 10 12 1 1 10 7 12 1 1 1 11 7 12 1 1 1 11 12 1 1 11 7 12 1 1 1 100 1 1 1 1 1 1 1 1 1 1 1 1 1 1 1 1 1 1 1 1 1
instanceKlass java/util/Locale$Category
instanceKlass com/sun/tools/javac/api/DiagnosticFormatter$PositionKind
instanceKlass com/sun/tools/javac/tree/TreeInfo$PosKind
instanceKlass com/sun/tools/javac/code/Flags$Flag
instanceKlass com/sun/tools/javac/code/Types$MostSpecificReturnCheck
instanceKlass com/sun/tools/javac/comp/Operators$ComparisonKind
instanceKlass com/sun/tools/javac/comp/LambdaToMethod$LambdaSymbolKind
instanceKlass com/sun/tools/javac/comp/Flow$BaseAnalyzer$JumpKind
instanceKlass com/sun/tools/javac/code/Symbol$OperatorSymbol$AccessCode
instanceKlass com/sun/tools/javac/util/Bits$BitsState
instanceKlass com/sun/tools/javac/comp/Flow$FlowKind
instanceKlass com/sun/tools/javac/comp/Flow$Liveness
instanceKlass com/sun/tools/javac/comp/Infer$InferenceStep
instanceKlass com/sun/tools/javac/comp/Infer$GraphInferenceSteps
instanceKlass com/sun/tools/javac/comp/Infer$IncorporationBinaryOpKind
instanceKlass com/sun/tools/javac/comp/Resolve$MethodCheckDiag
instanceKlass com/sun/tools/javac/code/Type$UndetVar$InferenceBound
instanceKlass com/sun/tools/javac/code/Type$UndetVar$Kind
instanceKlass com/sun/tools/javac/tree/JCTree$JCMemberReference$OverloadKind
instanceKlass com/sun/tools/javac/tree/JCTree$JCMemberReference$ReferenceKind
instanceKlass com/sun/source/tree/LambdaExpressionTree$BodyKind
instanceKlass lombok/core/AST$Kind
instanceKlass com/sun/tools/javac/util/Log$PrefixKind
instanceKlass javax/lang/model/element/ModuleElement$DirectiveKind
instanceKlass java/lang/annotation/RetentionPolicy
instanceKlass lombok/core/configuration/JacksonVersion
instanceKlass lombok/core/configuration/CapitalizationStrategy
instanceKlass lombok/core/configuration/NullCheckExceptionType
instanceKlass lombok/core/configuration/CallSuperType
instanceKlass lombok/core/configuration/FlagUsageType
instanceKlass javax/tools/Diagnostic$Kind
instanceKlass com/sun/tools/javac/code/TypeAnnotations$AnnotationType
instanceKlass com/sun/source/tree/Tree$Kind
instanceKlass javax/lang/model/element/ElementKind
instanceKlass com/sun/tools/javac/comp/Resolve$InterfaceLookupPhase
instanceKlass com/sun/tools/javac/code/Types$ProjectionKind
instanceKlass com/sun/tools/javac/code/TypeAnnotationPosition$TypePathEntryKind
instanceKlass com/sun/tools/javac/code/TargetType
instanceKlass java/nio/file/FileVisitResult
instanceKlass java/nio/file/FileTreeWalker$EventType
instanceKlass com/sun/tools/javac/code/Attribute$RetentionPolicy
instanceKlass javax/lang/model/element/NestingKind
instanceKlass com/sun/tools/javac/comp/DeferredAttr$AttributionMode
instanceKlass com/sun/tools/javac/code/Scope$LookupKind
instanceKlass com/sun/tools/javac/code/Directive$OpensFlag
instanceKlass com/sun/tools/javac/code/Directive$ExportsFlag
instanceKlass com/sun/tools/javac/parser/JavacParser$EnumeratorEstimate
instanceKlass com/sun/tools/javac/tree/JCTree$JCOperatorExpression$OperandPos
instanceKlass com/sun/source/tree/CaseTree$CaseKind
instanceKlass com/sun/tools/javac/parser/JavacParser$PatternResult
instanceKlass com/sun/source/tree/MemberReferenceTree$ReferenceMode
instanceKlass com/sun/tools/javac/code/BoundKind
instanceKlass com/sun/tools/javac/parser/UnicodeReader$UnicodeEscapeResult
instanceKlass com/sun/tools/javac/tree/JCTree$JCLambda$ParameterKind
instanceKlass com/sun/tools/javac/tree/JCTree$JCPolyExpression$PolyKind
instanceKlass com/sun/tools/javac/parser/JavacParser$ParensResult
instanceKlass com/sun/tools/javac/parser/Tokens$Comment$CommentStyle
instanceKlass javax/lang/model/type/TypeKind
instanceKlass com/sun/tools/javac/util/RichDiagnosticFormatter$RichConfiguration$RichFormatterFeature
instanceKlass com/sun/tools/javac/util/RichDiagnosticFormatter$WhereClauseKind
instanceKlass com/sun/tools/javac/comp/CompileStates$CompileState
instanceKlass com/sun/tools/javac/main/JavaCompiler$ImplicitSourcePolicy
instanceKlass com/sun/tools/javac/parser/Tokens$Token$Tag
instanceKlass com/sun/tools/javac/parser/Tokens$TokenKind
instanceKlass com/sun/tools/javac/jvm/ClassFile$Version
instanceKlass com/sun/tools/javac/comp/Attr$CheckMode
instanceKlass com/sun/tools/javac/comp/Analyzer$AnalyzerMode
instanceKlass com/sun/tools/javac/jvm/Code$StackMapFormat
instanceKlass com/sun/tools/javac/comp/Operators$OperatorType
instanceKlass com/sun/tools/javac/tree/JCTree$Tag
instanceKlass com/sun/tools/javac/jvm/Profile
instanceKlass com/sun/tools/javac/comp/Resolve$VerboseResolutionMode
instanceKlass com/sun/tools/javac/comp/DeferredAttr$AttrMode
instanceKlass com/sun/tools/javac/main/Option$PkgInfo
instanceKlass com/sun/tools/javac/util/Dependencies$CompletionCause
instanceKlass com/sun/tools/javac/comp/Resolve$ReferenceLookupResult$StaticKind
instanceKlass com/sun/tools/javac/comp/Resolve$MethodResolutionPhase
instanceKlass com/sun/tools/javac/code/Symbol$ModuleResolutionFlags
instanceKlass com/sun/tools/javac/code/Symbol$ModuleFlags
instanceKlass com/sun/tools/javac/code/Directive$RequiresFlag
instanceKlass com/sun/tools/javac/code/Kinds$KindName
instanceKlass com/sun/tools/javac/code/Kinds$Kind$Category
instanceKlass com/sun/tools/javac/code/Kinds$Kind
instanceKlass com/sun/tools/javac/code/TypeMetadata$Entry$Kind
instanceKlass com/sun/tools/javac/code/TypeTag
instanceKlass com/sun/tools/javac/jvm/ClassReader$AttributeKind
instanceKlass com/sun/tools/javac/main/JavaCompiler$CompilePolicy
instanceKlass javax/lang/model/SourceVersion
instanceKlass java/util/concurrent/TimeUnit
instanceKlass java/time/temporal/ChronoUnit
instanceKlass java/time/temporal/ChronoField
instanceKlass com/sun/tools/javac/code/Source$Feature$DiagKind
instanceKlass com/sun/tools/javac/util/JCDiagnostic$DiagnosticType
instanceKlass com/sun/tools/javac/code/Source$Feature
instanceKlass javax/tools/StandardLocation
instanceKlass java/util/stream/MatchOps$MatchKind
instanceKlass java/nio/file/attribute/PosixFilePermission
instanceKlass java/nio/file/AccessMode
instanceKlass java/nio/file/LinkOption
instanceKlass com/sun/tools/javac/main/Arguments$ErrorMode
instanceKlass com/sun/tools/javac/jvm/Target
instanceKlass com/sun/tools/javac/util/BasicDiagnosticFormatter$BasicConfiguration$SourcePosition
instanceKlass com/sun/tools/javac/util/BasicDiagnosticFormatter$BasicConfiguration$BasicFormatKind
instanceKlass com/sun/tools/javac/api/DiagnosticFormatter$Configuration$MultilineLimit
instanceKlass com/sun/tools/javac/api/DiagnosticFormatter$Configuration$DiagnosticPart
instanceKlass com/sun/tools/javac/util/JCDiagnostic$DiagnosticFlag
instanceKlass com/sun/tools/javac/util/Log$WriterKind
instanceKlass java/nio/file/FileVisitOption
instanceKlass javax/tools/JavaFileObject$Kind
instanceKlass com/sun/tools/javac/code/Source
instanceKlass com/sun/tools/javac/code/Lint$LintCategory
instanceKlass com/sun/tools/javac/main/Option$ChoiceKind
instanceKlass java/util/regex/Pattern$Qtype
instanceKlass com/sun/tools/javac/main/Option$ArgKind
instanceKlass com/sun/tools/javac/main/Option$OptionGroup
instanceKlass com/sun/tools/javac/main/Option$OptionKind
instanceKlass com/sun/tools/javac/main/Option
instanceKlass sun/nio/fs/WindowsPathType
instanceKlass java/nio/file/StandardOpenOption
instanceKlass java/io/File$PathStatus
instanceKlass java/util/stream/Collector$Characteristics
instanceKlass java/util/stream/StreamShape
instanceKlass java/lang/invoke/MethodHandles$Lookup$ClassOption
instanceKlass java/lang/invoke/VarHandle$AccessType
instanceKlass java/lang/invoke/VarHandle$AccessMode
instanceKlass java/lang/invoke/MethodHandleImpl$Intrinsic
instanceKlass java/lang/invoke/LambdaForm$BasicType
instanceKlass java/lang/invoke/LambdaForm$Kind
instanceKlass sun/invoke/util/Wrapper
instanceKlass java/util/stream/StreamOpFlag$Type
instanceKlass java/util/stream/StreamOpFlag
instanceKlass java/lang/module/ModuleDescriptor$Requires$Modifier
instanceKlass java/lang/module/ModuleDescriptor$Modifier
ciInstanceKlass java/lang/Enum 1 1 188 9 7 12 1 1 1 9 12 1 1 10 7 12 1 1 1 10 12 1 1 100 1 10 10 12 1 1 10 12 1 100 1 10 10 7 12 1 1 10 12 1 1 18 12 1 1 10 100 12 1 1 1 10 12 1 1 11 7 12 1 1 1 100 1 8 1 10 12 1 100 1 100 1 10 8 1 10 12 1 1 10 12 1 1 8 1 10 12 1 10 100 1 8 1 10 10 12 1 1 10 100 12 1 1 1 100 1 100 1 100 1 1 1 1 1 1 1 1 1 1 1 1 1 1 1 1 1 1 1 1 1 1 1 1 1 1 1 1 1 1 1 1 1 1 1 1 1 1 1 1 1 100 1 100 1 1 100 1 1 1 1 1 1 1 1 1 1 1 15 10 100 12 1 1 1 16 15 10 12 16 1 1 100 1 100 1 1
ciInstanceKlass java/lang/System 1 1 803 10 100 12 1 1 1 9 7 12 1 1 1 10 12 1 10 12 1 1 10 12 1 1 10 12 1 9 12 1 1 10 7 12 1 1 1 11 100 12 1 1 1 10 100 12 1 1 1 10 12 1 1 10 12 1 1 100 1 8 1 10 12 1 10 100 12 1 1 1 10 100 12 1 1 1 18 12 1 1 10 100 12 1 1 1 100 1 10 12 1 1 10 100 12 1 1 1 10 12 1 10 7 12 1 1 1 9 100 12 1 1 1 10 100 12 1 1 1 11 7 12 1 1 1 10 12 1 1 10 100 12 1 1 1 100 1 10 10 12 1 1 8 1 10 12 1 8 1 10 12 1 9 12 1 1 8 1 10 7 12 1 1 1 10 12 1 1 100 1 8 1 10 9 12 1 1 8 1 10 12 1 1 10 100 12 1 1 1 8 1 10 12 1 100 1 10 12 1 8 1 10 12 1 10 12 1 1 100 1 10 12 10 12 1 9 12 1 1 9 12 1 1 10 7 12 1 1 1 10 7 12 1 1 1 10 12 1 1 10 12 1 10 12 1 10 7 12 1 1 1 10 12 1 100 1 100 1 8 1 10 12 1 10 12 1 1 7 1 10 12 1 100 1 8 1 10 10 12 1 100 1 8 1 10 8 1 10 7 12 1 1 8 1 10 12 100 1 8 1 10 10 12 1 1 10 100 12 1 1 1 100 1 18 12 1 100 1 9 100 12 1 1 1 10 12 1 100 1 10 12 1 1 10 12 1 1 10 7 12 1 1 1 10 12 1 1 10 12 1 10 12 1 10 12 1 1 10 12 1 7 1 10 12 1 10 12 1 100 1 10 12 1 10 7 12 1 1 1 100 1 8 1 10 9 12 1 9 12 1 10 12 1 10 100 12 1 1 10 12 1 10 12 1 1 8 1 10 12 1 1 8 1 11 12 1 10 12 11 12 1 1 11 7 12 1 1 1 11 7 12 1 1 11 12 1 1 7 1 11 12 1 10 12 1 8 1 10 12 1 1 8 1 8 1 8 1 8 1 11 12 1 10 12 1 10 12 1 10 12 1 10 7 12 1 1 8 1 7 1 9 7 12 1 1 1 10 12 1 7 1 9 12 10 9 12 7 1 10 12 8 1 10 12 1 1 8 1 10 7 12 1 1 10 12 1 10 7 12 1 1 1 10 12 1 1 10 7 12 1 1 1 10 12 10 7 12 1 1 1 9 12 1 1 100 1 8 1 10 12 1 1 10 7 12 1 1 1 7 1 10 12 1 1 8 1 10 8 1 8 1 8 1 8 1 10 10 7 12 1 1 10 12 1 1 10 12 1 1 10 12 1 1 10 12 1 10 100 12 1 1 1 10 100 1 8 1 10 10 10 12 1 1 10 12 1 1 8 1 10 12 1 8 1 10 12 1 10 12 1 1 7 1 10 10 12 1 10 12 1 9 12 1 1 1 3 1 3 1 1 1 1 1 1 1 1 1 1 1 1 100 1 1 100 1 1 1 1 1 1 1 1 1 1 1 100 1 100 1 1 1 1 1 1 1 1 1 1 1 1 1 1 1 1 1 1 1 1 1 1 1 1 1 1 1 1 1 1 1 1 1 1 1 1 1 1 1 1 1 1 1 1 1 1 1 1 1 1 1 1 1 1 1 1 1 1 100 1 1 1 1 1 1 1 1 1 1 1 1 1 1 1 1 1 1 1 1 1 1 1 1 1 1 1 1 1 1 1 1 1 100 1 1 15 10 100 12 1 1 1 16 15 10 12 1 1 16 15 10 12 16 1 1 1 1 1 1 1 100 1 100 1 1
staticfield java/lang/System in Ljava/io/InputStream; java/io/BufferedInputStream
staticfield java/lang/System out Ljava/io/PrintStream; java/io/PrintStream
staticfield java/lang/System err Ljava/io/PrintStream; java/io/PrintStream
instanceKlass lombok/javac/apt/LombokProcessor$1
instanceKlass lombok/launch/ShadowClassLoader
instanceKlass jdk/internal/reflect/DelegatingClassLoader
instanceKlass java/security/SecureClassLoader
ciInstanceKlass java/lang/ClassLoader 1 1 1098 9 7 12 1 1 1 10 7 12 1 1 1 9 12 1 1 10 7 12 1 1 1 7 1 10 12 1 1 10 12 1 1 9 12 1 1 10 12 1 1 100 1 10 12 1 10 12 1 1 10 7 12 1 1 1 100 1 8 1 10 12 1 10 7 12 1 1 1 10 100 12 1 10 7 1 10 7 1 7 1 7 1 10 12 1 10 12 1 9 12 1 1 10 10 7 12 1 1 1 9 12 1 1 9 12 1 9 12 1 1 9 12 1 9 12 1 1 9 12 1 1 7 1 10 12 1 9 12 1 1 10 12 1 1 10 7 12 1 1 1 9 12 1 9 12 1 1 9 12 1 10 12 1 1 9 12 10 12 1 1 7 1 10 8 1 10 12 1 1 10 12 1 10 7 1 7 1 10 12 1 1 10 7 12 1 1 1 8 1 10 12 1 10 12 1 10 12 1 1 10 12 1 1 10 12 1 1 10 12 1 1 10 12 1 1 10 12 1 7 1 10 12 1 10 7 12 1 1 1 10 12 1 1 10 12 1 10 12 1 10 12 1 10 12 1 10 12 1 1 10 10 12 1 10 12 1 10 100 12 1 1 10 12 1 1 10 12 1 1 10 12 1 100 1 10 12 1 100 1 10 12 1 10 100 12 1 1 1 10 10 12 1 1 10 12 1 1 100 1 8 1 10 8 1 10 12 1 10 12 1 100 1 8 1 10 12 1 1 10 12 1 1 10 10 12 1 1 10 12 1 1 10 12 1 1 10 7 1 10 12 1 1 10 12 1 1 10 12 1 1 10 12 1 1 10 12 1 1 10 12 1 1 10 12 1 10 7 12 1 1 1 10 12 1 10 12 1 10 12 1 1 10 12 1 10 12 1 10 12 1 10 12 1 1 10 12 1 10 12 1 1 8 1 9 12 1 10 12 1 1 8 1 8 1 10 7 12 1 1 100 1 10 10 12 10 12 1 10 12 1 10 12 1 10 12 1 1 10 7 12 1 1 10 12 1 10 7 1 7 1 10 12 1 1 10 12 1 10 7 1 10 12 1 100 1 18 12 1 10 100 12 1 1 1 10 7 12 1 1 1 10 7 12 1 1 10 12 1 1 10 12 1 10 12 1 1 100 1 10 12 1 10 12 1 1 10 7 12 1 1 10 12 1 8 1 100 1 10 10 12 1 9 12 1 10 7 12 1 1 10 12 1 100 1 8 1 10 12 1 10 8 1 8 1 10 12 1 1 10 12 1 1 10 12 1 1 10 100 12 1 1 1 100 1 100 1 10 12 1 1 100 1 100 1 10 100 12 1 1 10 12 1 10 12 1 1 10 12 1 10 12 1 1 10 12 1 1 9 100 12 1 1 1 10 12 1 1 10 12 1 10 12 1 10 12 1 1 10 12 1 8 1 10 12 1 7 1 18 12 1 1 10 12 1 1 10 12 1 10 12 1 10 12 1 8 1 10 12 1 10 12 1 18 12 1 11 100 12 1 1 1 100 1 10 12 1 1 10 12 1 10 11 12 1 1 10 18 10 12 1 1 11 100 12 1 18 12 1 11 12 1 1 10 12 10 12 1 1 10 12 1 1 100 1 8 1 10 10 12 1 8 1 8 1 10 100 12 1 1 10 12 1 100 1 10 10 12 1 8 1 8 1 8 1 10 12 1 10 12 1 1 10 12 1 10 100 12 1 1 1 11 100 12 1 1 100 1 10 11 10 12 1 10 12 1 10 12 1 1 9 100 12 1 1 9 12 1 1 9 12 9 12 1 9 12 1 9 12 1 8 10 12 1 1 10 7 12 1 1 1 10 12 1 1 10 12 1 1 10 12 1 10 10 12 1 11 12 1 1 10 100 12 1 1 1 100 1 10 12 1 10 12 1 10 12 1 1 1 1 1 1 1 1 1 1 1 1 1 1 1 1 1 1 1 1 1 1 1 1 1 1 1 1 100 1 1 1 1 1 1 1 1 1 1 1 1 1 1 1 1 1 1 1 1 1 100 1 1 1 1 1 1 1 1 1 1 100 1 1 1 1 1 1 1 1 1 1 1 1 1 1 1 1 1 1 1 1 1 1 1 1 1 1 1 1 1 1 1 1 1 1 1 1 1 1 1 1 1 100 1 1 1 1 1 1 1 1 1 1 1 1 1 1 1 1 1 1 100 1 1 1 1 1 1 1 1 1 1 1 1 1 1 1 1 1 1 1 1 1 1 1 1 1 1 1 1 1 1 1 1 1 1 1 1 1 1 1 1 1 1 1 1 1 1 1 1 1 1 1 100 1 1 1 1 1 1 1 1 1 1 1 1 1 1 1 1 1 1 1 1 1 1 1 1 1 1 1 1 1 1 1 1 1 1 1 1 1 1 1 1 1 1 1 1 1 1 15 10 100 12 1 1 1 16 1 15 10 12 16 1 16 15 10 12 16 1 16 1 15 10 12 16 15 10 12 16 15 10 12 16 1 1 100 1 100 1 1
staticfield java/lang/ClassLoader nocerts [Ljava/security/cert/Certificate; 0 [Ljava/security/cert/Certificate;
staticfield java/lang/ClassLoader $assertionsDisabled Z 1
ciInstanceKlass jdk/internal/reflect/DelegatingClassLoader 1 1 18 10 7 12 1 1 1 100 1 1 1 1 1 1 1 1 1 1
instanceKlass jdk/internal/loader/Loader
instanceKlass java/net/URLClassLoader
instanceKlass jdk/internal/loader/BuiltinClassLoader
ciInstanceKlass java/security/SecureClassLoader 1 1 102 10 7 12 1 1 1 7 1 10 12 1 9 7 12 1 1 1 10 12 1 10 12 1 10 12 1 1 10 12 1 1 10 12 1 7 1 10 7 1 10 12 1 7 1 10 12 1 11 7 12 1 1 1 7 1 11 12 1 10 12 1 1 1 1 1 1 1 1 1 1 1 1 1 1 1 1 1 1 1 1 1 1 1 1 1 1 1 1 1 1 1 1 1 1 1 1 100 1 1 1 1
instanceKlass jdk/internal/loader/ClassLoaders$BootClassLoader
instanceKlass jdk/internal/loader/ClassLoaders$PlatformClassLoader
instanceKlass jdk/internal/loader/ClassLoaders$AppClassLoader
ciInstanceKlass jdk/internal/loader/BuiltinClassLoader 1 1 737 9 7 12 1 1 1 10 7 12 1 1 1 10 7 12 1 1 1 9 12 1 1 9 12 1 1 7 1 10 12 1 9 12 1 10 12 1 9 12 1 10 7 12 1 1 1 10 7 12 1 1 1 10 7 12 1 1 1 11 7 12 1 1 1 100 1 100 1 10 10 12 1 1 8 1 10 12 1 10 12 7 1 10 12 1 10 12 1 1 11 7 12 1 1 1 11 7 12 1 1 1 11 12 1 1 7 1 8 1 8 1 10 9 12 1 1 10 7 12 1 1 11 12 1 1 10 12 1 1 10 12 1 1 10 12 1 1 10 7 12 1 1 1 10 12 1 10 7 12 1 1 1 10 12 1 1 11 7 12 1 1 1 10 7 12 1 1 100 1 10 7 12 1 1 1 10 12 1 100 1 8 1 10 12 1 1 10 8 1 10 12 1 1 10 12 1 1 10 12 1 1 11 7 12 1 1 11 12 1 7 1 10 11 12 1 1 11 10 12 1 1 7 1 10 12 1 10 7 12 1 10 12 1 7 1 10 12 1 10 7 12 1 1 1 100 1 10 12 1 1 11 12 1 7 1 100 1 10 12 1 10 12 1 1 100 1 100 1 10 12 1 10 12 1 18 12 1 1 10 12 1 10 12 1 1 18 100 1 10 7 12 1 1 1 7 1 10 10 12 1 1 10 12 1 1 10 12 1 1 10 12 1 9 12 1 1 100 1 10 10 12 1 1 10 12 1 1 10 12 1 10 12 10 12 1 1 10 12 1 1 10 12 1 1 10 12 1 10 12 1 1 18 12 1 7 1 10 12 1 1 10 12 1 10 12 1 1 10 12 1 100 1 10 12 1 7 1 10 12 1 10 100 12 1 1 1 10 12 1 11 12 1 7 1 10 12 1 7 1 100 1 10 12 1 10 12 1 11 12 1 1 10 12 1 1 10 12 1 1 10 12 1 1 10 12 1 1 10 12 1 10 12 1 10 12 1 10 12 1 8 1 10 12 1 1 10 100 12 1 1 10 12 1 100 1 8 1 8 1 10 10 12 1 8 1 8 1 10 100 12 1 1 1 11 100 12 1 1 1 9 100 12 1 1 1 10 100 12 1 1 1 9 12 1 9 12 1 9 12 1 9 12 1 9 12 1 9 12 1 10 100 12 1 1 1 8 1 10 12 1 7 1 10 12 1 1 10 12 1 7 1 10 11 12 1 1 10 12 10 12 1 10 12 1 100 1 10 12 1 10 12 1 10 10 12 1 10 7 12 1 1 8 1 10 7 12 1 1 10 12 1 1 1 1 1 1 1 1 1 1 1 1 1 1 1 1 1 1 1 1 1 1 1 1 1 1 1 1 1 1 1 1 1 1 1 1 1 1 1 1 1 1 1 1 1 1 1 1 1 1 1 1 1 1 1 1 100 1 1 1 1 1 1 1 1 1 1 1 1 1 1 1 1 1 1 100 1 100 1 1 1 1 1 1 1 1 1 1 1 1 1 1 1 1 1 1 1 1 1 1 1 1 1 1 1 1 1 1 1 1 1 1 1 1 1 1 1 1 1 1 1 1 1 1 1 1 1 1 1 100 1 1 15 10 100 12 1 1 1 16 15 10 12 16 15 10 12 16 15 10 12 16 1 1 1 100 1 1 1 1 1 100 1 100 1 1
staticfield jdk/internal/loader/BuiltinClassLoader packageToModule Ljava/util/Map; java/util/concurrent/ConcurrentHashMap
staticfield jdk/internal/loader/BuiltinClassLoader $assertionsDisabled Z 1
ciInstanceKlass java/security/AccessController 1 1 295 10 100 12 1 1 1 10 7 12 1 1 1 10 7 12 1 1 1 10 12 1 1 10 12 1 1 10 7 12 1 1 1 10 12 1 1 10 12 1 10 12 1 1 10 12 1 100 1 8 1 10 12 1 10 12 1 10 12 1 1 10 12 1 100 1 100 1 10 12 1 1 10 12 1 10 12 1 10 12 1 1 10 7 12 1 1 1 10 12 1 1 9 100 12 1 1 1 10 100 12 1 1 1 10 12 1 10 12 1 9 100 12 1 1 1 10 12 1 10 12 1 1 9 12 1 1 10 100 1 10 11 7 12 1 1 1 10 7 12 1 1 11 7 1 100 1 10 12 1 10 12 1 10 12 1 8 1 10 12 1 1 8 1 10 100 12 1 1 1 8 1 100 1 10 10 12 1 1 10 12 1 10 7 12 1 1 1 10 12 1 8 1 10 100 12 1 1 8 1 8 1 10 12 1 8 1 10 12 1 10 12 1 1 10 12 1 1 1 1 1 1 1 1 1 1 1 1 1 1 1 1 1 1 1 1 1 1 1 1 1 1 1 1 100 1 1 1 1 1 1 1 1 1 1 1 1 1 1 1 1 1 1 1 1 1 1 1 1 1 1 1 1 1 1 1 1 1 1 100 1 100 1 1 1 1 1 1 1 1 1 3 1 1 1
staticfield java/security/AccessController $assertionsDisabled Z 1
instanceKlass jdk/internal/reflect/GeneratedConstructorAccessor2
instanceKlass jdk/internal/reflect/BootstrapConstructorAccessorImpl
instanceKlass jdk/internal/reflect/GeneratedConstructorAccessor1
instanceKlass jdk/internal/reflect/DelegatingConstructorAccessorImpl
instanceKlass jdk/internal/reflect/NativeConstructorAccessorImpl
ciInstanceKlass jdk/internal/reflect/ConstructorAccessorImpl 1 1 27 10 7 12 1 1 1 100 1 100 1 1 1 1 1 1 1 1 1 100 1 100 1 100 1 1 1
instanceKlass jdk/internal/reflect/FieldAccessorImpl
instanceKlass jdk/internal/reflect/ConstructorAccessorImpl
instanceKlass jdk/internal/reflect/MethodAccessorImpl
ciInstanceKlass jdk/internal/reflect/MagicAccessorImpl 1 1 16 10 7 12 1 1 1 100 1 1 1 1 1 1 1 1
instanceKlass jdk/internal/reflect/GeneratedMethodAccessor2
instanceKlass jdk/internal/reflect/GeneratedMethodAccessor1
instanceKlass jdk/internal/reflect/DelegatingMethodAccessorImpl
instanceKlass jdk/internal/reflect/NativeMethodAccessorImpl
ciInstanceKlass jdk/internal/reflect/MethodAccessorImpl 1 1 25 10 7 12 1 1 1 100 1 100 1 1 1 1 1 1 1 1 1 100 1 100 1 1 1
ciInstanceKlass java/lang/Module 1 1 959 10 7 12 1 1 1 9 7 12 1 1 1 10 7 12 1 1 1 9 12 1 9 12 1 1 9 12 1 1 10 12 1 1 10 12 1 10 12 1 1 10 7 12 1 1 1 7 1 10 7 12 1 1 1 10 12 1 1 11 7 12 1 1 1 10 12 1 1 10 7 12 1 1 1 10 12 1 1 10 7 12 1 1 1 9 100 12 1 1 1 10 100 12 1 1 1 10 12 1 8 1 10 7 12 1 1 1 10 7 12 1 1 1 9 12 1 1 9 12 1 1 10 12 1 9 12 1 1 11 12 1 9 7 12 1 1 10 7 12 1 1 1 10 7 12 1 1 1 10 12 1 1 100 1 100 1 10 10 12 1 1 8 1 10 12 1 10 12 10 12 1 10 12 1 1 10 12 1 1 10 12 1 1 9 7 12 1 1 1 10 12 1 1 10 12 1 1 9 12 1 10 12 1 10 12 1 9 12 1 1 11 7 12 1 1 10 12 1 1 9 12 1 9 12 1 10 12 1 10 12 1 100 1 8 1 10 10 12 1 1 10 12 1 8 1 10 12 1 1 8 1 8 1 10 12 1 1 10 12 1 10 12 1 1 18 12 1 1 10 12 1 1 11 12 1 9 12 1 11 12 10 100 12 1 1 100 1 8 1 10 7 1 11 12 1 1 10 12 1 10 12 1 10 12 1 1 11 12 1 1 11 7 12 1 1 11 12 1 1 9 12 1 11 12 1 10 12 1 1 10 12 1 1 9 12 1 10 12 10 7 12 1 1 10 7 12 1 1 10 7 1 18 12 1 1 11 100 12 1 1 1 18 12 1 11 12 1 1 10 100 12 1 1 1 11 12 1 1 10 7 12 1 1 4 7 1 11 12 1 7 1 7 1 10 10 7 12 1 1 1 10 11 7 12 1 8 1 10 10 12 1 1 10 7 12 1 1 10 12 1 10 12 1 7 1 10 12 1 10 11 12 1 1 10 12 10 12 1 1 9 12 1 100 1 10 10 12 1 1 11 100 1 10 12 1 1 11 12 1 10 10 12 1 11 10 12 1 1 10 12 1 1 10 12 1 1 10 7 12 1 1 10 12 1 10 12 1 1 10 10 12 1 1 10 12 1 18 12 1 11 12 1 18 12 1 10 12 1 10 12 1 10 12 7 1 10 12 1 10 12 1 10 12 1 9 12 1 7 1 10 10 10 10 12 1 10 12 1 10 12 1 10 12 1 1 10 12 1 1 10 12 1 9 12 1 18 12 1 1 10 100 12 1 1 1 100 1 8 1 10 12 1 1 10 12 1 1 10 100 12 1 1 100 1 10 12 1 1 100 1 8 1 100 1 10 100 1 100 1 3 10 12 1 100 1 10 12 1 10 12 1 1 10 12 1 1 100 1 10 12 1 10 12 1 1 100 1 100 1 10 12 8 1 10 12 1 1 10 12 1 1 10 7 12 1 1 10 12 1 1 10 12 1 10 12 10 12 1 1 7 1 10 10 12 1 1 10 100 12 1 1 1 100 1 8 1 10 12 1 1 10 100 12 1 1 8 1 10 12 1 8 1 10 12 1 10 12 10 12 1 8 1 10 10 100 12 1 1 7 1 10 10 12 1 10 7 12 1 1 9 12 1 9 12 1 9 12 1 9 12 1 10 12 11 12 1 10 12 1 100 1 1 1 1 1 1 1 1 1 1 1 1 1 1 1 1 100 1 1 1 1 1 1 1 1 1 1 1 1 1 1 1 1 1 1 1 1 1 1 1 1 1 1 1 1 1 1 1 1 1 1 1 1 1 1 1 1 1 1 1 1 1 1 1 1 1 1 1 1 1 1 1 1 1 1 1 1 1 1 1 1 1 1 1 1 1 1 1 1 1 1 1 1 1 1 1 1 1 1 1 100 100 1 1 1 1 1 1 1 1 1 1 1 1 1 1 1 1 1 1 1 1 1 1 1 1 1 1 1 1 1 1 1 1 1 1 100 1 100 1 7 1 1 1 1 1 1 1 1 1 1 1 1 1 1 1 1 1 1 1 1 1 1 1 1 1 1 1 1 15 10 7 12 1 1 1 16 15 10 12 16 16 15 10 12 16 16 15 10 16 1 15 10 12 16 1 15 10 12 16 1 16 15 10 12 16 1 1 1 1 1 1 1 100 1 100 1 1
staticfield java/lang/Module ALL_UNNAMED_MODULE Ljava/lang/Module; java/lang/Module
staticfield java/lang/Module ALL_UNNAMED_MODULE_SET Ljava/util/Set; java/util/ImmutableCollections$Set12
staticfield java/lang/Module EVERYONE_MODULE Ljava/lang/Module; java/lang/Module
staticfield java/lang/Module EVERYONE_SET Ljava/util/Set; java/util/ImmutableCollections$Set12
staticfield java/lang/Module $assertionsDisabled Z 1
ciInstanceKlass java/util/ArrayList 1 1 492 10 7 12 1 1 1 7 1 9 7 12 1 1 1 9 12 1 100 1 100 1 10 8 1 10 12 1 1 10 12 1 10 12 1 1 10 12 1 9 12 1 11 7 12 1 1 1 9 12 1 1 10 12 1 1 7 10 7 12 1 1 1 9 12 1 10 12 1 10 12 1 1 10 7 12 1 1 1 10 7 12 1 1 1 10 12 1 1 10 12 1 1 10 12 1 1 10 12 1 10 12 1 1 100 1 100 1 10 12 1 10 7 12 1 1 1 10 7 12 1 1 10 12 1 10 12 10 12 1 1 10 12 1 1 10 12 1 1 100 1 10 12 1 1 10 12 1 1 10 12 1 100 1 10 11 12 1 1 11 100 12 1 1 1 11 12 1 10 12 1 10 12 1 10 12 1 1 100 1 10 12 1 1 10 10 12 1 1 10 12 1 8 1 8 1 8 1 8 1 10 12 1 1 10 12 1 1 11 12 1 100 1 10 100 12 1 1 10 12 1 10 12 1 1 10 100 12 1 1 10 12 1 10 100 12 1 1 1 11 100 12 1 1 1 10 12 1 100 1 8 1 10 100 1 10 12 1 7 1 10 12 1 10 12 1 1 7 1 10 12 1 10 12 1 1 11 100 12 1 1 7 1 10 12 1 10 12 1 1 11 100 12 1 1 10 12 1 1 10 12 1 1 10 12 1 1 10 12 1 1 11 100 12 1 1 10 12 1 1 100 1 100 1 100 1 1 1 1 5 0 1 3 1 1 1 1 1 1 1 1 1 1 1 1 1 1 1 1 1 1 1 1 1 1 1 1 1 1 1 1 1 1 1 1 1 1 1 1 1 1 1 1 1 1 1 1 1 1 1 1 1 1 1 1 1 1 1 1 1 1 1 1 1 1 1 1 1 1 1 1 1 1 1 1 1 1 1 1 1 1 1 1 1 1 1 1 1 1 1 1 1 1 1 1 1 1 1 1 100 1 1 1 1 100 1 1 1 1 1 1 1 1 1 1 1 1 1 1 1 1 1 1 1 1 1 1 1 1 1 1 1 1 1 100 1 1 1 1 1 1 1 1 1 1 1 1 1 1 1 1 1 1 100 1 100 1 1 1 1 1 1
staticfield java/util/ArrayList EMPTY_ELEMENTDATA [Ljava/lang/Object; 0 [Ljava/lang/Object;
staticfield java/util/ArrayList DEFAULTCAPACITY_EMPTY_ELEMENTDATA [Ljava/lang/Object; 0 [Ljava/lang/Object;
ciInstanceKlass java/util/concurrent/ConcurrentHashMap 1 1 1210 7 1 7 1 3 10 12 1 1 3 100 1 10 7 12 1 1 1 100 1 10 100 12 1 1 1 100 1 11 12 1 1 11 12 1 11 12 1 1 9 12 1 1 9 12 1 1 9 12 1 10 7 12 1 1 1 7 1 10 12 1 1 10 12 1 1 10 7 12 1 1 1 4 10 12 1 9 12 1 10 12 1 1 100 1 10 5 0 10 12 1 10 12 1 1 5 0 10 12 1 1 10 12 1 9 12 1 1 10 12 1 1 9 12 1 9 12 1 1 10 12 1 1 9 12 1 10 12 1 1 9 12 1 1 10 12 1 1 100 1 10 100 1 10 12 1 10 12 1 1 10 12 1 1 10 12 1 1 10 12 1 10 12 1 1 10 12 1 1 100 1 10 12 1 1 7 1 100 1 8 1 10 12 1 10 12 1 1 10 12 1 1 11 7 12 1 1 10 12 1 1 11 12 1 1 11 7 12 1 1 1 11 7 12 1 1 1 11 12 1 7 1 11 12 1 11 12 1 10 12 1 1 10 12 1 1 9 12 1 1 10 100 12 1 1 1 9 10 12 1 1 9 12 1 10 12 1 1 5 0 9 12 1 1 7 1 10 12 1 9 12 1 1 7 1 10 12 1 9 12 1 7 1 10 100 1 10 10 12 1 1 8 1 10 12 1 10 12 1 1 11 100 1 10 12 1 10 100 12 1 1 1 8 1 10 100 12 1 1 1 8 1 10 12 1 8 1 10 12 1 10 12 1 1 10 100 12 1 1 10 12 1 10 12 1 10 12 1 9 12 1 9 10 12 1 9 12 1 1 11 100 12 1 1 1 11 100 12 1 1 1 100 1 10 12 11 100 12 1 1 10 11 7 12 1 10 12 1 100 1 10 12 1 100 1 10 10 9 100 12 1 1 1 10 12 3 10 100 12 1 1 9 12 1 10 12 1 1 9 12 1 1 9 12 1 10 12 1 1 10 100 12 1 1 9 12 1 9 7 12 1 1 10 12 1 1 10 12 1 3 9 12 1 9 12 1 10 12 1 1 7 1 9 3 9 12 1 100 1 10 12 1 9 12 1 10 12 1 9 12 1 10 12 1 9 12 1 10 100 12 1 1 1 100 10 12 1 100 1 5 0 10 100 12 1 1 100 1 10 12 1 1 10 12 1 10 12 1 100 1 10 12 1 10 100 1 100 1 10 10 12 1 10 100 1 10 12 1 10 100 1 10 12 1 10 100 1 10 12 1 1 100 1 10 12 1 10 10 12 1 100 1 10 12 1 10 10 12 1 100 1 10 12 1 10 100 1 10 12 1 10 100 1 10 12 1 10 100 1 10 12 1 10 100 1 10 12 1 10 100 1 10 12 1 10 100 1 10 12 1 10 100 1 10 12 1 10 100 1 10 10 100 1 10 10 100 1 10 10 100 1 10 12 1 10 100 1 10 12 1 10 100 1 10 12 1 10 100 1 10 12 1 10 100 1 10 12 1 10 100 1 10 10 100 1 10 10 100 1 10 10 100 1 10 12 1 10 100 1 10 12 1 10 100 1 10 12 1 10 100 1 10 12 1 10 100 1 10 12 1 10 10 12 1 10 7 12 1 1 1 10 12 1 7 1 7 1 10 12 1 9 12 1 1 9 12 1 1 10 12 1 1 8 10 12 1 1 8 8 8 8 7 10 12 1 1 10 12 1 100 1 8 1 10 7 1 100 1 100 1 1 1 5 0 1 1 3 1 3 1 1 1 1 3 1 3 1 3 1 1 1 1 1 3 1 3 1 3 1 1 1 1 1 1 1 1 1 1 1 1 1 1 1 1 1 1 1 1 1 1 1 1 1 100 1 1 1 1 1 1 1 1 1 1 1 1 1 1 1 1 1 1 1 1 1 1 1 1 1 1 1 1 1 1 1 1 1 1 1 1 1 1 1 1 1 1 1 1 1 1 1 1 1 1 1 1 1 1 1 1 1 1 1 1 1 1 1 1 1 1 1 1 1 1 1 1 1 1 1 1 1 1 1 1 1 1 1 1 100 1 1 1 1 1 1 1 1 1 1 1 100 1 1 1 1 1 1 1 1 1 1 1 1 1 1 1 1 1 1 1 1 1 1 1 1 1 1 1 1 1 1 1 1 1 1 1 1 1 1 1 1 1 1 1 1 1 1 1 1 1 1 1 1 1 1 1 1 1 1 1 1 1 1 1 1 1 1 1 1 1 1 1 1 1 1 1 1 1 1 1 1 1 1 1 1 1 1 1 1 1 1 1 1 1 1 1 1 1 1 1 1 1 1 1 1 1 1 1 1 1 1 1 1 1 1 1 1 1 1 1 1 1 1 1 1 1 1 1 1 1 1 1 1 1 1 1 1 1 1 1 1 1 1 1 1 1 1 1 1 1 1 1 1 1 1 1 1 1 1 1 1 1 1 1 1 1 1 1 1 1 1 1 1 1 1 1 1 1 1 1 1 1 1 1 1 1 1 1 1 1 1 1 1 1 1 1 1 1 1 1 1 1 1 1 1 1 1 1 1 1 1 1 1 1 1 1 1 1 1 1 1 1 1 1 100 1 100 1 100 1 100 1 100 1 100 1 100 1 100 1 100 1 1 1 1 1 1 1 1 1 1 1 1 1 1 1 1 1 1 1 1 1 1 1 1 1 1 1 1 1 1 1 1 1 1 1 1 1 1 1 1 1 1 1 1 1 1 1 1 1 1 1 1 1 1 1 1 1 1
staticfield java/util/concurrent/ConcurrentHashMap NCPU I 12
staticfield java/util/concurrent/ConcurrentHashMap serialPersistentFields [Ljava/io/ObjectStreamField; 3 [Ljava/io/ObjectStreamField;
staticfield java/util/concurrent/ConcurrentHashMap U Ljdk/internal/misc/Unsafe; jdk/internal/misc/Unsafe
staticfield java/util/concurrent/ConcurrentHashMap SIZECTL J 20
staticfield java/util/concurrent/ConcurrentHashMap TRANSFERINDEX J 32
staticfield java/util/concurrent/ConcurrentHashMap BASECOUNT J 24
staticfield java/util/concurrent/ConcurrentHashMap CELLSBUSY J 36
staticfield java/util/concurrent/ConcurrentHashMap CELLVALUE J 144
staticfield java/util/concurrent/ConcurrentHashMap ABASE I 16
staticfield java/util/concurrent/ConcurrentHashMap ASHIFT I 2
ciInstanceKlass java/lang/String 1 1 1396 10 7 12 1 1 1 8 1 9 7 12 1 1 1 9 12 1 1 9 12 1 1 10 12 1 10 12 1 1 10 12 1 1 9 12 1 1 10 7 12 1 1 1 10 7 1 10 7 12 1 1 1 10 12 1 1 10 12 1 1 10 12 1 10 12 1 1 10 12 1 10 7 12 1 1 1 9 7 12 1 1 1 10 7 12 1 1 1 10 12 1 1 10 12 1 1 10 12 1 1 10 12 1 1 10 12 1 1 9 7 12 1 1 10 12 9 7 12 1 1 3 10 7 12 1 1 1 7 1 11 12 1 1 11 12 1 11 12 1 1 10 100 12 1 1 1 10 12 1 1 9 100 12 1 1 1 10 12 1 1 10 12 1 11 12 1 1 10 12 1 1 10 12 10 12 1 1 10 100 12 1 1 1 10 7 12 1 1 1 10 12 1 1 100 1 100 1 10 12 1 10 12 1 10 12 1 1 100 1 10 12 1 1 100 1 10 12 1 1 10 12 1 1 10 10 12 1 100 1 100 1 100 1 10 12 1 10 12 1 1 10 12 1 1 10 12 1 10 12 1 1 10 12 1 1 10 7 12 1 1 7 1 11 11 12 1 11 12 1 10 12 1 1 10 12 1 10 12 10 12 1 1 10 10 100 12 1 1 1 10 100 12 1 1 10 12 1 1 10 100 12 1 1 10 12 1 10 12 1 1 10 12 1 1 10 12 1 10 12 1 10 12 1 1 100 1 10 12 1 1 10 12 10 12 1 10 12 1 1 10 100 12 1 1 1 10 12 1 10 12 1 1 10 12 1 10 12 1 3 3 10 12 1 10 12 1 1 10 12 1 1 10 12 1 1 10 12 1 10 12 1 1 10 12 1 1 10 12 1 10 12 1 10 12 1 10 12 1 1 10 12 1 10 12 1 10 12 1 10 12 1 10 12 1 10 12 1 10 100 1 10 8 1 10 12 1 1 10 12 1 8 1 10 12 1 1 10 12 10 12 1 8 1 10 10 12 1 1 10 12 1 1 10 12 1 10 12 1 1 10 12 10 100 1 10 10 12 1 10 12 1 10 12 1 10 10 12 1 10 12 1 1 10 12 1 100 1 10 10 12 1 100 1 10 10 12 1 10 12 1 1 10 12 1 10 12 1 1 10 10 12 1 1 10 100 1 10 10 12 1 10 12 1 1 10 12 1 1 10 100 1 10 12 1 10 12 1 10 12 1 10 12 1 1 10 12 1 11 7 1 11 12 10 12 1 10 12 1 1 10 12 1 1 10 10 12 1 10 12 1 9 12 1 1 11 7 12 1 1 1 10 10 12 1 10 12 1 1 10 10 12 1 10 12 1 10 12 1 1 9 12 1 10 12 1 1 10 10 12 1 1 10 12 10 10 12 1 10 12 10 10 12 10 10 12 1 10 12 1 10 12 10 10 12 10 12 1 10 12 10 12 10 10 12 1 10 12 1 1 10 12 1 10 10 12 1 10 7 12 1 1 1 10 12 1 1 10 10 7 12 1 1 1 11 10 12 1 10 12 1 1 10 12 1 1 10 7 12 1 1 1 10 12 1 10 10 12 1 10 12 1 10 12 1 10 7 12 1 1 10 12 1 100 1 100 1 8 1 10 10 10 12 1 8 1 10 12 1 3 3 7 1 10 10 12 1 10 12 1 10 12 1 1 10 12 1 1 11 7 12 1 1 1 100 1 10 12 1 1 10 12 1 10 12 1 1 10 12 1 1 8 1 10 12 1 1 10 12 1 11 100 12 1 1 1 11 7 12 1 1 11 12 1 1 10 12 1 10 12 1 1 10 10 7 12 1 1 1 10 12 1 10 12 1 10 10 12 10 12 1 1 10 10 12 1 10 10 12 1 10 10 12 1 10 10 12 1 10 12 1 1 10 10 12 1 8 1 10 12 1 1 18 12 1 1 11 7 12 1 1 1 7 1 3 18 12 1 18 12 1 8 1 10 7 12 1 1 1 11 12 1 1 10 12 10 10 12 1 10 11 12 1 1 10 12 1 1 11 12 1 18 3 11 10 12 1 11 11 10 12 1 10 12 1 1 8 1 10 12 1 10 12 1 10 12 1 1 10 10 12 1 11 100 12 1 100 1 100 1 10 12 1 100 1 10 10 100 12 1 1 1 100 1 10 100 1 10 10 12 1 10 10 12 1 8 1 10 10 12 1 8 1 8 1 10 12 1 10 12 1 10 10 12 10 7 12 1 1 10 100 12 1 1 10 100 12 1 1 8 1 10 12 1 10 12 1 1 10 10 12 8 1 8 1 10 8 1 8 1 8 1 8 1 10 12 1 10 12 1 8 1 10 100 12 1 1 1 10 12 10 12 1 1 10 12 10 10 12 10 12 7 1 9 12 1 1 7 1 10 100 1 100 1 100 1 100 1 1 1 1 1 1 5 0 1 1 1 1 1 3 1 3 1 1 1 1 1 1 1 1 1 1 1 1 1 1 1 100 1 1 1 100 1 1 1 1 1 1 1 1 1 1 1 1 1 1 1 1 1 1 1 1 1 1 1 1 1 1 1 100 1 1 1 1 1 1 1 1 1 100 1 1 1 1 1 1 1 1 1 1 1 1 1 1 1 1 1 1 1 1 1 1 1 1 1 1 1 1 1 1 1 1 1 1 1 1 1 1 1 1 1 1 1 1 1 1 1 1 1 1 1 1 1 1 1 1 1 1 1 1 1 1 1 1 1 1 1 1 1 1 1 1 1 1 1 1 1 1 1 1 1 1 1 1 1 1 1 1 1 1 1 1 1 1 1 1 1 1 1 1 1 1 1 1 1 1 1 1 1 1 1 1 1 1 1 1 1 1 1 1 1 1 1 1 1 1 1 1 1 1 1 1 1 1 1 1 1 1 1 1 1 1 1 1 1 1 1 1 1 1 1 1 1 1 1 1 1 1 1 1 1 1 1 1 1 1 1 1 1 100 1 1 1 1 1 1 1 1 1 1 1 1 1 1 1 1 1 1 1 1 1 1 1 1 100 1 1 1 1 1 1 1 1 1 1 1 1 1 100 1 1 1 1 1 1 1 1 1 1 1 1 1 1 1 15 10 7 12 1 1 1 16 15 10 12 16 15 10 12 15 10 12 15 10 12 1 1 1 1 100 1 100 1 1 1
staticfield java/lang/String COMPACT_STRINGS Z 1
staticfield java/lang/String serialPersistentFields [Ljava/io/ObjectStreamField; 0 [Ljava/io/ObjectStreamField;
staticfield java/lang/String CASE_INSENSITIVE_ORDER Ljava/util/Comparator; java/lang/String$CaseInsensitiveComparator
ciInstanceKlass java/security/ProtectionDomain 1 1 324 10 7 12 1 1 1 9 7 12 1 1 1 7 1 10 9 12 1 1 9 12 1 1 9 12 1 1 10 7 12 1 1 7 1 9 12 1 9 12 1 1 7 1 9 12 1 1 9 12 1 10 100 12 1 1 10 100 12 1 1 1 10 12 1 1 10 12 1 9 12 1 9 100 12 1 1 10 12 1 1 10 100 1 10 12 1 1 8 1 100 1 8 1 10 12 1 10 10 100 12 1 1 1 10 12 1 1 8 1 11 8 1 10 12 1 8 1 8 1 10 12 1 1 10 12 1 10 12 1 1 10 12 1 8 1 10 12 1 8 1 8 1 10 100 12 1 1 1 9 100 12 1 1 1 10 12 1 1 9 100 12 1 1 1 10 100 12 1 1 1 100 1 100 1 10 12 1 10 100 12 1 1 1 10 100 1 10 12 1 10 12 1 1 11 100 12 1 1 11 12 1 100 1 11 100 12 1 1 1 10 12 1 10 11 12 1 1 11 12 1 1 10 12 1 10 7 12 1 1 10 100 12 1 1 11 12 1 10 12 8 1 8 1 10 7 12 1 1 1 7 1 10 10 7 12 1 1 1 1 1 1 1 1 1 1 100 1 1 100 1 1 1 1 1 1 1 1 1 1 1 1 1 1 1 1 1 1 1 1 1 1 1 1 1 1 1 1 1 1 1 1 1 1 1 1 1 1 1 1 1 1 100 1 1 1 1 1 100 1 1 1 1 1
staticfield java/security/ProtectionDomain filePermCompatInPD Z 0
ciInstanceKlass java/security/CodeSource 1 1 395 10 7 12 1 1 1 9 7 12 1 1 1 9 12 1 1 9 12 1 1 9 12 1 1 10 7 12 1 1 1 9 12 1 1 10 100 12 1 1 10 100 10 100 12 1 1 1 10 100 12 1 1 1 10 12 1 1 100 1 10 10 100 12 1 1 1 10 100 12 1 1 1 10 12 1 1 10 12 1 100 1 10 12 1 1 10 12 1 1 10 12 1 1 10 12 1 10 10 10 12 1 1 10 100 12 1 1 1 10 12 1 10 12 1 10 12 1 8 1 10 12 1 10 12 1 10 12 1 1 10 12 1 8 1 10 12 1 1 10 100 1 10 10 12 1 1 8 1 10 12 1 10 12 1 10 12 1 8 1 8 1 9 12 1 1 100 1 8 1 10 12 1 10 12 1 1 8 1 10 12 1 8 1 8 1 8 1 10 100 12 1 1 10 12 1 1 10 12 1 10 12 1 1 10 12 1 1 10 12 1 1 100 1 100 1 10 12 1 10 12 10 12 1 1 10 100 12 1 1 10 12 1 100 1 10 12 10 8 1 10 12 1 10 12 1 10 12 1 1 100 1 10 12 1 1 100 1 100 1 8 1 8 1 10 10 12 1 1 10 100 12 1 1 1 100 1 10 12 10 12 1 1 11 100 12 1 1 10 10 12 1 11 10 12 1 8 1 100 1 10 12 1 10 12 1 1 10 12 1 11 12 1 1 11 100 1 1 1 1 5 0 1 1 1 1 1 1 1 1 1 1 1 1 1 1 1 1 1 1 1 1 1 1 1 1 1 1 1 1 1 1 1 1 1 1 1 1 1 1 1 1 1 1 1 1 1 1 1 1 1 1 1 1 1 1 1 1 1 1 1 1 1 1 1 1 1 100 1 1 1 1 1 1 1
ciInstanceKlass java/lang/StringBuilder 1 1 409 10 7 12 1 1 1 10 12 1 10 12 1 10 12 1 1 10 7 12 1 1 1 10 7 12 1 1 1 10 12 1 10 12 1 10 12 1 10 12 1 10 12 1 10 12 1 10 12 1 10 12 1 10 12 1 10 12 1 10 12 1 10 12 1 10 12 1 10 12 1 1 10 12 1 10 12 1 1 10 12 1 1 10 12 1 10 12 1 10 12 1 10 12 1 10 12 1 10 12 1 10 12 1 10 12 10 12 1 10 12 1 10 12 1 10 12 1 1 10 12 1 10 12 1 10 12 10 12 1 1 10 12 1 1 9 12 1 1 9 12 1 1 10 7 12 1 1 1 10 7 1 10 100 12 1 1 1 10 12 1 10 12 1 1 10 12 1 1 10 10 12 1 1 10 100 12 1 1 10 12 1 10 12 1 1 100 1 100 1 8 1 10 10 12 1 1 10 12 1 1 10 12 1 10 12 1 10 12 1 10 12 1 10 12 1 10 12 1 10 12 1 10 12 1 10 12 1 10 12 1 10 12 1 10 12 1 10 12 1 10 12 1 10 12 1 1 10 12 1 1 10 12 1 10 12 1 10 12 1 10 12 10 12 10 12 1 10 12 1 10 12 1 10 12 10 12 1 10 12 1 10 12 1 10 12 1 10 12 1 10 12 1 10 12 1 10 12 1 10 12 1 1 10 12 1 10 12 1 1 10 12 1 10 12 1 1 10 12 1 10 12 1 1 10 12 1 10 12 1 10 12 1 10 10 12 1 10 12 1 100 1 100 1 100 1 1 1 1 5 0 1 1 1 1 1 1 1 1 1 1 1 1 1 1 1 1 1 1 1 1 1 1 1 1 1 1 1 1 1 1 1 1 1 1 1 1 1 1 1 1 1 1 1 100 1 1 1 100 1 1 1 1 1 1 1 1 1 1
ciInstanceKlass jdk/internal/loader/ClassLoaders 1 1 183 10 100 12 1 1 1 10 7 12 1 1 1 10 12 1 1 10 100 12 1 1 1 9 7 12 1 1 1 9 12 1 1 9 12 1 1 7 1 11 100 12 1 1 1 100 1 11 12 1 1 11 12 1 1 10 100 12 1 1 1 10 100 12 1 1 1 100 1 100 1 10 7 12 1 1 1 9 12 1 1 10 12 1 1 7 1 10 12 1 1 10 12 1 7 1 8 1 10 7 12 1 1 1 10 12 1 1 7 1 10 12 1 10 12 1 10 12 1 8 1 10 7 12 1 1 8 1 8 1 10 12 1 7 1 10 12 1 10 12 1 10 12 1 1 1 1 1 1 1 1 1 1 1 1 1 1 1 1 1 1 1 1 100 1 1 1 1 1 1 1 1 1 1 1 1 1 1 1 1 1 1 1
staticfield jdk/internal/loader/ClassLoaders JLA Ljdk/internal/access/JavaLangAccess; java/lang/System$2
staticfield jdk/internal/loader/ClassLoaders BOOT_LOADER Ljdk/internal/loader/ClassLoaders$BootClassLoader; jdk/internal/loader/ClassLoaders$BootClassLoader
staticfield jdk/internal/loader/ClassLoaders PLATFORM_LOADER Ljdk/internal/loader/ClassLoaders$PlatformClassLoader; jdk/internal/loader/ClassLoaders$PlatformClassLoader
staticfield jdk/internal/loader/ClassLoaders APP_LOADER Ljdk/internal/loader/ClassLoaders$AppClassLoader; jdk/internal/loader/ClassLoaders$AppClassLoader
ciInstanceKlass jdk/internal/misc/Unsafe 1 1 1285 10 7 12 1 1 1 9 7 12 1 1 1 9 12 1 1 10 12 1 1 10 100 12 1 1 1 10 12 1 1 10 12 1 1 10 12 1 1 10 12 1 1 10 12 1 1 10 12 1 1 10 12 1 1 10 12 1 1 10 12 1 1 10 12 1 1 10 12 1 1 10 12 1 1 10 12 1 1 10 12 1 10 12 1 100 1 10 10 12 1 1 10 12 1 1 5 0 10 12 1 1 10 12 1 1 10 7 12 1 1 1 10 12 1 1 10 12 1 10 12 1 10 12 1 1 10 12 1 1 10 12 1 10 12 1 100 1 100 1 10 8 1 10 12 1 1 10 12 1 8 1 10 12 1 1 10 12 1 10 12 1 10 12 1 1 10 12 1 10 12 1 1 10 12 1 1 10 12 1 10 12 1 10 12 1 10 12 1 1 10 12 1 10 12 1 10 12 1 1 10 12 1 5 0 5 0 5 0 10 12 1 10 12 1 10 12 1 10 12 1 10 12 1 10 12 1 10 12 1 10 12 1 10 12 1 1 10 12 1 10 12 1 100 1 8 1 10 100 1 10 10 12 1 1 10 12 1 1 10 12 1 10 12 1 1 10 12 1 1 10 12 1 10 12 1 1 10 12 1 9 7 12 1 1 9 12 1 100 1 10 10 12 1 1 8 1 10 8 1 8 1 10 12 1 1 9 7 12 1 1 1 9 100 1 9 7 1 9 100 1 9 9 100 1 9 100 1 9 100 1 10 12 1 1 10 12 1 1 10 12 1 1 10 12 1 1 5 0 5 0 9 12 1 1 10 12 1 10 12 1 10 12 1 1 10 12 1 1 10 12 1 8 1 3 10 12 1 1 10 12 1 1 10 12 1 10 12 1 1 10 12 1 1 10 12 1 10 12 1 10 12 1 10 12 1 10 12 1 10 12 1 1 10 12 1 1 10 12 1 10 12 1 10 12 1 10 12 1 10 12 1 10 12 1 1 10 12 1 1 10 12 1 10 12 1 10 12 1 10 12 1 10 12 1 10 12 1 1 10 12 1 1 10 12 1 1 10 12 1 1 10 12 1 10 12 1 10 12 1 10 12 1 10 12 1 10 12 1 10 12 1 1 10 12 1 1 10 12 1 10 12 1 10 12 1 10 12 1 10 12 1 10 12 1 10 12 1 1 10 12 1 1 10 12 1 10 12 1 10 12 1 10 12 1 10 12 1 10 12 1 10 12 1 10 12 1 1 10 12 1 10 12 1 10 12 1 10 12 1 10 12 1 1 10 12 1 10 12 1 10 12 1 10 12 1 10 12 1 10 12 1 10 12 1 10 12 1 1 10 12 1 10 12 1 10 12 1 10 12 1 10 12 1 10 12 1 1 10 12 1 10 12 1 10 12 1 1 10 12 1 10 12 1 10 12 1 10 12 1 10 12 1 10 12 1 10 12 1 10 12 1 10 12 1 10 12 1 10 12 1 10 12 1 10 12 1 10 12 1 10 12 1 10 12 1 10 12 1 10 12 1 10 12 1 10 12 1 10 12 1 10 12 1 100 1 10 100 1 10 9 12 1 5 0 10 12 1 1 5 0 10 12 1 5 0 10 12 1 10 12 1 10 12 1 1 10 12 1 1 10 12 1 10 12 1 10 12 1 10 12 1 1 10 12 1 10 12 1 10 12 1 10 12 1 10 12 1 1 10 12 1 10 12 1 10 12 1 10 12 1 1 10 12 1 10 12 1 10 12 1 1 10 12 1 10 12 1 10 12 1 10 12 1 1 10 12 1 10 10 12 1 1 10 12 1 10 12 1 1 10 12 1 10 12 5 0 5 0 5 0 10 12 1 1 10 12 1 10 12 1 10 12 10 100 12 1 1 8 1 100 1 11 12 1 1 8 1 11 12 1 1 10 100 12 1 1 10 12 1 10 12 1 10 12 1 10 12 1 10 12 1 1 10 12 1 10 12 1 10 12 1 10 12 1 10 12 1 10 12 1 10 7 1 10 12 1 9 12 1 7 1 9 12 1 7 1 9 12 1 7 1 9 12 1 7 1 9 12 1 7 1 9 12 1 7 1 9 12 1 7 1 9 12 1 7 1 9 12 1 10 12 1 9 12 1 9 12 1 9 12 1 9 12 1 9 12 1 9 12 1 9 12 1 9 12 1 9 12 1 9 12 1 1 1 3 1 1 1 1 1 1 1 1 1 1 1 1 1 1 1 1 1 1 1 1 1 1 1 1 1 1 1 1 1 1 1 1 1 1 1 1 1 1 1 1 1 1 1 1 1 1 1 1 1 1 1 1 1 1 1 1 1 1 1 1 1 1 1 1 1 1 1 1 1 1 1 1 1 1 1 1 1 1 1 1 1 1 1 1 1 1 1 1 1 100 1 1 1 1 1 1 1 1 1 1 1 1 1 1 1 1 1 1 1 1 1 1 1 1 1 1 1 1 1 1 1 1 1 1 1 1 1 1 1 1 1 1 1 1 1 1 1 1 1 1 1 1 1 1 1 1 1 1 1 1 1 1 1 1 1 1 1 1 1 1 1 1 1 1 1 1 1 1 1 1 1 1 1 1 1 1 1 1 1 1 1 1 1 1 1 1 1 1 1 1 1 1 1 1 1 1 1 1 1 1 1 1 1 1 1 1 1 1 1 1 1 1 1 1 1 1 1 1 1 1 1 1 1 1 1 1 1 1 1 1 1 1 1 1 1 1 1 1 1 1 1 1 1 1 1 1 1 1 1 1 1 1 1 1 1 1 1 1 1 1 1 1 1 1 1 1 1 1 1 1 1 1 1 1 1 1 1 1 1 1 1 1 1 1 1 1 1 1 1 1 1 1 1 1 1 1 1 3 1 1 1 1 1 1 1 1 1 1 1 1 1 1 1 1 1 1 1 1 1
staticfield jdk/internal/misc/Unsafe theUnsafe Ljdk/internal/misc/Unsafe; jdk/internal/misc/Unsafe
staticfield jdk/internal/misc/Unsafe ARRAY_BOOLEAN_BASE_OFFSET I 16
staticfield jdk/internal/misc/Unsafe ARRAY_BYTE_BASE_OFFSET I 16
staticfield jdk/internal/misc/Unsafe ARRAY_SHORT_BASE_OFFSET I 16
staticfield jdk/internal/misc/Unsafe ARRAY_CHAR_BASE_OFFSET I 16
staticfield jdk/internal/misc/Unsafe ARRAY_INT_BASE_OFFSET I 16
staticfield jdk/internal/misc/Unsafe ARRAY_LONG_BASE_OFFSET I 16
staticfield jdk/internal/misc/Unsafe ARRAY_FLOAT_BASE_OFFSET I 16
staticfield jdk/internal/misc/Unsafe ARRAY_DOUBLE_BASE_OFFSET I 16
staticfield jdk/internal/misc/Unsafe ARRAY_OBJECT_BASE_OFFSET I 16
staticfield jdk/internal/misc/Unsafe ARRAY_BOOLEAN_INDEX_SCALE I 1
staticfield jdk/internal/misc/Unsafe ARRAY_BYTE_INDEX_SCALE I 1
staticfield jdk/internal/misc/Unsafe ARRAY_SHORT_INDEX_SCALE I 2
staticfield jdk/internal/misc/Unsafe ARRAY_CHAR_INDEX_SCALE I 2
staticfield jdk/internal/misc/Unsafe ARRAY_INT_INDEX_SCALE I 4
staticfield jdk/internal/misc/Unsafe ARRAY_LONG_INDEX_SCALE I 8
staticfield jdk/internal/misc/Unsafe ARRAY_FLOAT_INDEX_SCALE I 4
staticfield jdk/internal/misc/Unsafe ARRAY_DOUBLE_INDEX_SCALE I 8
staticfield jdk/internal/misc/Unsafe ARRAY_OBJECT_INDEX_SCALE I 4
staticfield jdk/internal/misc/Unsafe ADDRESS_SIZE I 8
ciInstanceKlass java/util/Map 1 1 259 11 7 12 1 1 1 11 12 1 1 10 100 12 1 1 11 12 1 1 11 7 12 1 1 1 11 100 12 1 1 1 11 12 1 1 7 1 11 12 1 11 12 1 100 1 100 1 10 12 1 1 11 100 12 1 1 1 11 100 12 1 1 1 11 12 1 11 12 1 10 12 1 1 11 12 1 11 100 12 1 9 7 12 1 1 1 100 1 10 12 7 1 7 1 10 12 1 7 1 10 7 1 11 12 1 1 7 1 11 12 1 1 1 1 1 1 1 1 1 1 1 1 1 1 1 1 1 1 1 1 1 1 1 1 1 1 1 1 1 1 1 1 1 1 1 1 1 1 1 1 1 1 1 1 1 1 1 1 1 1 1 1 1 1 1 1 1 1 1 1 1 1 1 1 1 1 1 1 1 1 1 1 1 1 1 1 1 1 1 1 1 1 1 1 1 1 1 1 1 1 1 1 1 1 1 1 1 1 1 1 1 1 1 1 1 1 1 1 1 1 1 1 1 1 1 1 1 1 1 1 1 1 1 1 1 1 1 1 1 100 1 1 1 1 1 1 1 1 1 1 1 1 1 1 1 1 1 1
ciInstanceKlass java/lang/ThreadGroup 1 1 293 10 7 12 1 1 1 9 7 12 1 1 1 8 1 9 12 1 1 7 1 9 12 1 9 12 1 1 10 12 1 1 10 12 1 1 10 12 1 10 12 1 1 10 12 1 9 12 1 1 10 12 1 1 10 12 1 9 12 1 10 100 12 1 1 1 9 12 1 9 12 1 1 10 7 12 1 1 1 100 10 12 1 1 10 7 12 1 1 1 10 100 12 1 9 12 1 10 12 1 1 10 12 1 1 9 12 1 1 10 12 1 1 10 12 1 10 12 1 10 12 1 1 10 12 1 1 10 12 1 10 12 1 10 10 12 1 10 12 1 10 100 1 10 10 12 1 10 12 1 10 12 1 7 10 12 1 9 12 1 1 10 12 1 1 8 1 10 100 12 1 1 1 10 12 1 1 10 12 1 1 10 12 1 1 11 100 1 100 1 9 12 1 100 1 10 8 1 10 12 1 1 10 12 1 1 8 1 10 12 1 10 100 12 1 1 1 10 12 1 1 10 100 1 8 1 10 8 1 10 12 1 8 1 1 1 1 1 1 1 1 1 1 1 1 1 1 1 1 1 3 1 1 1 1 1 1 1 1 1 1 1 1 1 1 1 1 1 1 1 1 1 1 1 1 1 1 1 1 1 1 1 1 1 1 1 1 1 1 1 1 1 1
ciInstanceKlass java/util/Properties 1 1 651 10 7 12 1 1 1 100 1 10 7 12 1 1 7 1 10 12 1 9 12 1 1 9 12 1 1 9 12 1 1 10 7 12 1 1 1 10 12 1 1 8 1 10 7 12 1 1 1 7 1 10 12 1 10 12 1 1 8 1 10 12 1 7 1 10 12 10 12 1 1 9 12 1 1 10 12 1 1 7 1 10 12 1 10 12 1 10 12 1 1 100 1 8 1 10 12 1 10 12 1 10 12 1 1 10 12 1 100 1 3 10 10 100 12 1 1 1 10 12 1 10 12 1 1 8 1 10 12 1 10 12 1 1 8 1 10 100 12 1 1 10 12 1 1 10 12 1 10 12 1 1 100 1 10 12 1 10 12 1 1 100 1 9 100 12 1 1 1 10 12 1 10 12 1 1 100 1 10 10 10 12 1 1 11 100 12 1 1 1 11 100 12 1 1 1 11 12 1 1 100 1 11 12 1 11 12 1 10 12 1 1 8 1 10 12 1 10 12 1 100 1 10 10 12 1 1 10 100 12 1 1 9 100 12 1 1 10 12 1 1 10 100 12 1 1 1 100 1 100 1 100 1 10 8 1 8 1 10 12 1 10 12 1 10 12 1 1 10 10 12 1 1 10 12 1 1 100 1 10 10 12 1 11 100 12 1 1 10 100 12 1 1 1 8 1 10 100 12 1 1 11 8 1 10 100 1 11 10 12 1 10 12 1 10 12 1 10 12 1 1 10 12 1 1 10 12 1 1 10 12 1 10 12 1 10 10 12 1 10 12 1 10 12 1 10 10 12 1 1 10 12 1 1 100 1 10 10 12 1 10 12 1 10 12 1 10 12 1 10 12 1 1 10 12 1 1 10 12 1 10 12 1 10 12 1 1 10 12 10 12 1 1 10 12 1 1 10 12 1 10 12 1 1 10 12 1 1 10 12 100 1 10 11 100 12 1 1 4 11 10 12 1 1 10 100 12 1 1 11 12 1 10 12 1 1 10 100 12 1 1 10 12 1 100 1 8 1 10 12 1 10 10 100 12 1 1 1 100 1 6 0 10 12 1 1 11 100 12 1 1 1 10 12 1 10 12 1 1 1 1 1 5 0 1 1 1 1 1 1 1 1 1 1 1 1 1 1 1 1 1 1 1 1 1 1 1 1 1 1 1 1 1 1 1 1 1 1 1 1 1 1 1 1 100 1 1 1 1 1 1 1 1 1 1 1 1 1 1 1 1 1 1 1 1 100 1 1 1 1 1 1 1 100 1 100 1 1 1 1 100 1 1 1 1 1 1 1 1 1 1 1 1 1 1 1 1 1 1 1 1 1 1 1 1 1 1 1 1 1 1 1 1 1 1 1 1 1 1 1 1 1 1 1 1 1 1 1 1 1 1 1 1 1 1 1 1 1 1 1 1 1 1 1 1 1 1 1 1 1 1 1 1 1 1 1 1 100 1 1 1 1 1 1 1 1 1 100 1 1 1
staticfield java/util/Properties UNSAFE Ljdk/internal/misc/Unsafe; jdk/internal/misc/Unsafe
instanceKlass java/util/Hashtable
ciInstanceKlass java/util/Dictionary 1 1 36 10 7 12 1 1 1 100 1 1 1 1 1 1 1 1 1 1 1 1 1 1 1 1 1 1 1 1 1 1 1 1 1 1 1 1
instanceKlass java/util/Properties
ciInstanceKlass java/util/Hashtable 1 1 512 100 1 10 7 12 1 1 1 9 7 12 1 1 1 100 1 100 1 10 8 1 10 12 1 1 10 12 1 10 12 1 1 10 12 1 10 7 12 1 1 1 8 1 10 12 1 9 12 1 1 7 1 9 12 1 1 4 10 7 12 1 1 1 9 12 1 4 10 12 1 11 100 12 1 1 1 10 12 1 1 10 12 1 1 9 12 1 10 12 1 1 100 1 10 9 12 1 1 10 7 12 1 1 1 9 12 1 1 10 12 1 10 12 1 3 9 12 1 9 12 1 3 10 12 1 10 12 1 10 12 1 1 11 12 1 1 11 100 12 1 1 1 11 100 12 1 1 1 11 12 1 100 1 11 12 1 11 12 1 10 12 1 1 10 12 1 1 10 12 1 9 12 1 1 9 12 9 12 1 1 10 100 1 100 1 10 12 1 10 8 1 10 10 12 1 8 1 10 8 1 10 100 12 1 1 1 100 1 10 12 1 10 12 1 100 1 10 12 1 10 12 1 1 100 1 10 100 1 10 10 12 1 1 11 12 1 1 11 12 1 100 1 10 10 10 100 12 1 1 11 100 12 1 1 1 100 1 10 11 100 12 1 1 11 100 12 1 10 12 1 10 12 1 1 10 100 12 1 1 10 12 1 1 10 12 1 1 10 12 1 1 10 100 12 1 1 1 8 10 100 12 1 1 100 1 8 1 10 4 10 12 4 10 12 1 8 1 10 12 10 100 12 1 1 1 100 1 11 100 12 1 1 1 10 100 12 1 1 1 10 12 1 10 12 1 1 10 100 1 100 1 1 1 1 1 1 5 0 1 1 1 1 1 3 1 3 1 3 1 1 1 1 1 1 1 1 1 1 1 1 1 1 1 1 1 1 1 1 1 1 1 1 1 100 1 1 1 1 1 1 1 1 1 1 1 1 1 1 1 1 1 1 1 1 1 1 1 1 1 1 1 1 1 100 1 1 1 1 1 1 1 1 1 1 1 1 1 1 1 1 1 1 1 1 1 1 1 1 1 1 1 1 1 1 1 1 1 1 1 1 1 1 1 1 1 1 1 1 1 1 1 1 1 1 1 1 1 1 1 1 1 1 100 1 1 1 100 1 1 1 1 1 100 1 1 1 1 1 1 1 1 1 1 1 1 1 1 1 1 1 1
ciInstanceKlass java/util/Set 1 1 140 100 1 10 7 12 1 1 1 9 7 12 1 1 1 7 1 10 12 1 1 10 12 1 7 1 7 1 10 12 1 7 1 7 1 7 1 10 12 1 10 12 1 1 11 12 1 1 100 1 1 1 1 1 1 1 1 1 1 1 1 1 1 1 1 1 1 1 1 1 1 1 1 1 1 1 1 1 1 1 1 1 1 1 1 1 1 1 1 1 1 1 1 1 1 1 1 1 1 1 1 1 1 1 1 1 1 1 1 1 1 1 1 1 1 1 1 1 1 1 1 1 1 1 1 1 1 1 1 1 1 1 1 1 1 1 1 1 1 1
instanceKlass java/util/zip/ZipFile$ZipFileInputStream
instanceKlass jdk/nio/zipfs/ZipFileSystem$EntryInputStream
instanceKlass sun/nio/ch/ChannelInputStream
instanceKlass java/io/FilterInputStream
instanceKlass java/io/FileInputStream
instanceKlass java/io/ByteArrayInputStream
ciInstanceKlass java/io/InputStream 1 1 184 100 1 10 7 12 1 1 1 100 1 10 10 7 12 1 1 1 10 7 12 1 1 1 10 12 1 100 1 3 10 12 1 1 100 1 8 1 10 12 1 10 7 12 1 1 1 3 100 1 8 1 10 10 7 12 1 1 1 7 1 10 11 7 12 1 1 1 10 12 1 1 11 12 1 1 11 7 12 1 1 1 11 12 1 1 7 1 10 7 12 1 1 1 5 0 10 12 1 10 12 1 1 100 1 10 8 1 10 8 1 8 1 10 12 1 1 10 100 12 1 1 1 100 1 1 1 1 3 1 3 1 1 1 1 1 1 1 1 1 1 1 1 1 1 1 1 1 1 1 1 1 1 1 1 1 1 1 1 1 1 1 1 1 1 1 1 1 1 1 1 1 1 1 1 1 1 1 1 1 1 1 1 1
ciInstanceKlass java/io/ByteArrayInputStream 1 1 96 10 7 12 1 1 1 9 7 12 1 1 1 9 12 1 1 9 12 1 9 12 1 10 7 12 1 1 1 10 7 12 1 1 1 10 7 12 1 1 1 10 100 12 1 1 1 10 12 1 1 10 100 12 1 1 1 1 1 1 1 1 1 1 1 1 1 1 1 1 1 1 1 1 1 1 1 1 1 1 1 100 1 1 1 1 1 1 1 1 1 1 1 1 1 1
instanceKlass com/sun/tools/javac/file/BaseFileManager$1
instanceKlass jdk/internal/misc/InnocuousThread
instanceKlass java/lang/ref/Finalizer$FinalizerThread
instanceKlass java/lang/ref/Reference$ReferenceHandler
ciInstanceKlass java/lang/Thread 1 1 612 9 7 12 1 1 1 9 12 1 1 10 12 1 1 9 12 1 1 9 12 1 1 100 1 8 1 10 12 1 1 3 8 1 100 1 5 0 10 12 1 1 10 7 12 1 1 9 12 1 1 9 12 1 9 12 1 1 9 12 1 100 1 8 1 10 9 12 1 1 10 7 12 1 1 1 10 100 12 1 1 1 10 10 7 12 1 1 10 12 1 1 10 12 1 1 9 100 12 1 1 1 10 12 1 1 10 12 1 9 12 1 1 10 12 1 1 10 12 1 1 9 12 1 10 12 1 1 9 12 1 1 10 7 12 1 1 1 9 12 1 1 9 12 1 1 10 12 1 1 10 100 12 1 1 1 9 12 1 10 12 1 1 9 12 1 100 1 10 100 1 10 8 1 10 12 1 1 10 12 1 10 12 1 10 12 1 1 10 12 1 10 12 1 9 12 1 100 1 10 10 12 1 1 10 12 1 10 12 1 100 1 11 7 12 1 1 9 100 12 1 1 1 10 12 1 10 12 1 10 12 9 12 1 1 10 9 12 1 10 12 1 100 1 10 10 12 1 1 9 12 1 10 12 1 11 100 12 1 1 10 12 1 9 12 1 10 12 1 10 12 1 10 10 12 1 10 12 1 10 12 1 10 12 1 10 12 1 1 100 1 10 10 12 1 10 12 1 10 12 1 9 100 12 1 1 1 10 12 1 1 10 12 1 100 1 8 1 10 10 12 1 10 12 8 1 10 12 1 8 1 10 8 1 8 1 10 100 12 1 1 10 100 12 1 1 1 100 1 8 1 10 9 12 1 9 12 1 1 10 12 1 1 10 10 12 1 1 9 12 1 10 12 1 1 100 1 10 12 11 100 12 1 1 1 9 100 12 1 1 1 9 12 1 1 10 12 1 1 100 1 10 12 1 11 100 12 1 1 1 100 1 10 12 1 10 12 1 1 11 12 1 10 12 1 100 1 10 12 1 10 12 1 1 10 100 12 1 1 1 8 1 9 12 1 10 12 1 1 11 100 12 1 1 1 10 100 12 1 1 1 11 12 1 10 12 1 7 1 1 1 1 3 1 3 1 3 1 1 1 1 1 1 1 1 1 1 1 1 1 1 1 1 1 1 1 100 1 1 1 1 1 1 1 1 1 1 1 1 100 1 100 1 1 1 1 1 1 1 1 1 1 1 1 1 1 1 1 1 1 1 1 1 1 1 1 1 1 1 1 1 1 1 1 1 1 1 1 1 1 1 1 1 1 1 100 100 1 1 1 1 1 1 1 1 1 100 1 1 1 1 1 1 1 1 1 1 1 1 1 1 1 1 1 1 1 1 1 1 1 1 1 1 1 1 100 1 1 1 1 1 1 100 1 1 100 1 1 1 1 1 1
staticfield java/lang/Thread EMPTY_STACK_TRACE [Ljava/lang/StackTraceElement; 0 [Ljava/lang/StackTraceElement;
instanceKlass lombok/javac/handlers/HandleDelegate$DelegateRecursion
instanceKlass java/lang/Exception
instanceKlass java/lang/Error
ciInstanceKlass java/lang/Throwable 1 1 393 10 7 12 1 1 1 9 7 12 1 1 1 9 12 1 1 9 12 1 9 12 1 1 9 12 1 10 12 1 1 9 12 1 1 10 12 1 1 10 12 1 100 1 100 1 10 8 1 10 12 1 1 8 1 10 100 12 1 1 10 10 12 1 100 1 8 1 10 10 12 1 1 10 7 12 1 1 10 12 1 8 1 9 100 12 1 1 1 10 12 1 1 100 1 10 12 10 12 1 100 1 10 10 7 12 1 1 1 11 100 12 1 1 1 10 100 12 1 1 1 10 12 1 1 10 12 1 1 8 1 10 12 1 10 12 1 1 8 1 8 1 10 12 1 1 10 12 1 8 1 8 1 9 12 1 1 10 100 12 1 1 100 1 10 11 12 1 8 1 8 1 10 7 12 1 1 8 1 10 12 1 8 1 100 1 10 12 1 9 12 1 1 10 12 1 10 7 12 1 9 12 1 1 10 12 1 1 100 1 8 1 10 12 1 10 100 12 1 1 10 12 1 1 100 1 10 100 12 1 1 1 10 12 1 11 100 12 1 1 1 11 100 12 1 1 1 11 12 1 8 1 10 12 1 1 8 1 10 10 9 100 12 1 1 1 8 1 10 12 1 1 10 100 1 8 1 10 11 12 1 1 8 1 9 12 1 10 100 12 1 1 11 9 12 1 1 11 12 1 1 100 10 12 1 10 12 1 1 100 1 1 1 1 5 0 1 1 1 1 1 1 1 1 1 1 1 1 1 100 1 1 1 1 1 1 1 1 1 1 1 1 1 1 1 1 1 1 1 1 1 1 1 1 1 1 1 1 1 1 1 1 1 1 1 1 1 1 1 1 1 1 100 1 100 1 1 1 1 1 1 1 1 1 1 1 1 1 1 1 1 1 1
staticfield java/lang/Throwable UNASSIGNED_STACK [Ljava/lang/StackTraceElement; 0 [Ljava/lang/StackTraceElement;
staticfield java/lang/Throwable SUPPRESSED_SENTINEL Ljava/util/List; java/util/Collections$EmptyList
staticfield java/lang/Throwable EMPTY_THROWABLE_ARRAY [Ljava/lang/Throwable; 0 [Ljava/lang/Throwable;
staticfield java/lang/Throwable $assertionsDisabled Z 1
instanceKlass lombok/javac/handlers/HandleDelegate$CantMakeDelegates
instanceKlass lombok/javac/JavacResolution$TypeNotConvertibleException
instanceKlass java/lang/InterruptedException
instanceKlass com/sun/tools/javac/parser/ReferenceParser$ParseException
instanceKlass com/sun/tools/javac/jvm/JNIWriter$TypeSignature$SignatureException
instanceKlass com/sun/tools/javac/jvm/ModuleNameReader$BadClassFile
instanceKlass java/lang/CloneNotSupportedException
instanceKlass sun/nio/fs/WindowsException
instanceKlass java/security/PrivilegedActionException
instanceKlass com/sun/tools/javac/platform/PlatformProvider$PlatformNotSupported
instanceKlass jdk/javadoc/internal/doclint/DocLint$BadArgs
instanceKlass java/net/URISyntaxException
instanceKlass com/sun/tools/javac/main/CommandLine$UnmatchedQuote
instanceKlass com/sun/tools/javac/main/Option$InvalidValueException
instanceKlass java/security/GeneralSecurityException
instanceKlass java/io/IOException
instanceKlass java/lang/ReflectiveOperationException
instanceKlass java/lang/RuntimeException
ciInstanceKlass java/lang/Exception 1 1 40 10 7 12 1 1 1 10 12 1 10 12 1 10 12 1 10 12 1 100 1 1 1 1 5 0 1 1 1 1 1 1 1 1 1 1 1 1 1 1
instanceKlass java/lang/InstantiationException
instanceKlass java/lang/IllegalAccessException
instanceKlass java/lang/reflect/InvocationTargetException
instanceKlass java/lang/NoSuchFieldException
instanceKlass java/lang/NoSuchMethodException
instanceKlass java/lang/ClassNotFoundException
ciInstanceKlass java/lang/ReflectiveOperationException 1 1 34 10 7 12 1 1 1 10 12 1 10 12 1 10 12 1 100 1 1 1 1 5 0 1 1 1 1 1 1 1 1 1 1 1
instanceKlass java/lang/reflect/UndeclaredThrowableException
instanceKlass lombok/core/AnnotationValues$AnnotationValueDecodeFail
instanceKlass java/lang/LayerInstantiationException
instanceKlass javax/lang/model/UnknownEntityException
instanceKlass com/sun/tools/javac/jvm/Gen$CodeSizeOverflow
instanceKlass com/sun/tools/javac/code/Types$SignatureGenerator$InvalidSignatureException
instanceKlass com/sun/tools/javac/comp/Infer$GraphStrategy$NodeNotFoundException
instanceKlass com/sun/tools/javac/code/Types$AdaptFailure
instanceKlass com/sun/tools/javac/code/Types$FunctionDescriptorLookupError
instanceKlass com/sun/tools/javac/comp/Attr$BreakAttr
instanceKlass com/sun/tools/javac/comp/Resolve$InapplicableMethodException
instanceKlass com/sun/tools/javac/jvm/ClassWriter$StringOverflow
instanceKlass com/sun/tools/javac/jvm/ClassWriter$PoolOverflow
instanceKlass com/sun/tools/javac/code/Symbol$CompletionFailure
instanceKlass java/time/DateTimeException
instanceKlass java/util/ConcurrentModificationException
instanceKlass java/nio/file/FileSystemAlreadyExistsException
instanceKlass java/nio/file/FileSystemNotFoundException
instanceKlass java/util/NoSuchElementException
instanceKlass java/lang/IndexOutOfBoundsException
instanceKlass java/util/MissingResourceException
instanceKlass java/lang/SecurityException
instanceKlass java/nio/file/ProviderNotFoundException
instanceKlass java/io/UncheckedIOException
instanceKlass java/lang/UnsupportedOperationException
instanceKlass com/sun/tools/javac/util/ClientCodeException
instanceKlass com/sun/tools/javac/util/PropagatedException
instanceKlass java/lang/IllegalStateException
instanceKlass java/lang/IllegalArgumentException
instanceKlass java/lang/ArithmeticException
instanceKlass java/lang/NullPointerException
instanceKlass java/lang/IllegalMonitorStateException
instanceKlass java/lang/ArrayStoreException
instanceKlass java/lang/ClassCastException
ciInstanceKlass java/lang/RuntimeException 1 1 40 10 7 12 1 1 1 10 12 1 10 12 1 10 12 1 10 12 1 100 1 1 1 1 5 0 1 1 1 1 1 1 1 1 1 1 1 1 1 1
instanceKlass com/sun/tools/javac/tree/Pretty$UncheckedIOException
instanceKlass com/sun/source/util/TreePath$1Result
instanceKlass com/sun/tools/javac/file/PathFileObject$CannotCreateUriError
instanceKlass com/sun/tools/javac/tree/TreeInfo$1Result
instanceKlass java/util/ServiceConfigurationError
instanceKlass com/sun/tools/javac/processing/ServiceProxy$ServiceConfigurationError
instanceKlass com/sun/tools/javac/util/Abort
instanceKlass java/lang/AssertionError
instanceKlass com/sun/tools/javac/processing/AnnotationProcessingError
instanceKlass com/sun/tools/javac/util/FatalError
instanceKlass java/lang/VirtualMachineError
instanceKlass java/lang/LinkageError
instanceKlass java/lang/ThreadDeath
ciInstanceKlass java/lang/Error 1 1 40 10 7 12 1 1 1 10 12 1 10 12 1 10 12 1 10 12 1 100 1 1 1 1 5 0 1 1 1 1 1 1 1 1 1 1 1 1 1 1
instanceKlass java/lang/StackOverflowError
instanceKlass java/lang/OutOfMemoryError
instanceKlass java/lang/InternalError
ciInstanceKlass java/lang/VirtualMachineError 1 1 34 10 100 12 1 1 1 10 12 1 10 12 1 10 12 1 100 1 1 1 1 5 0 1 1 1 1 1 1 1 1 1 1 1
ciInstanceKlass java/lang/StackOverflowError 1 1 26 10 100 12 1 1 1 10 12 1 100 1 1 1 1 5 0 1 1 1 1 1 1 1 1 1
instanceKlass java/lang/ClassFormatError
instanceKlass java/lang/IncompatibleClassChangeError
instanceKlass java/lang/BootstrapMethodError
instanceKlass java/lang/NoClassDefFoundError
ciInstanceKlass java/lang/LinkageError 1 1 31 10 7 12 1 1 1 10 12 1 10 12 1 100 1 1 1 1 5 0 1 1 1 1 1 1 1 1 1 1 1
ciInstanceKlass java/lang/ArrayStoreException 1 1 26 10 100 12 1 1 1 10 12 1 100 1 1 1 1 5 0 1 1 1 1 1 1 1 1 1
ciInstanceKlass java/lang/ThreadDeath 0 0 21 10 100 12 1 1 1 100 1 1 1 1 5 0 1 1 1 1 1 1 1
ciInstanceKlass java/lang/StackTraceElement 0 0 224 10 100 12 1 1 1 10 100 12 1 1 9 12 1 1 9 12 1 1 9 12 1 9 12 1 8 1 10 100 12 1 1 1 100 1 9 12 1 8 1 9 12 1 9 12 1 9 12 1 1 8 1 10 12 1 1 10 12 1 100 1 10 10 12 1 1 8 1 10 12 1 1 10 12 1 8 1 8 1 8 1 10 12 1 8 1 8 1 10 12 1 8 1 8 1 10 12 1 1 10 12 1 10 12 1 1 10 12 1 9 12 1 1 10 100 12 1 1 1 10 12 1 1 100 1 10 12 1 1 10 100 12 1 1 10 100 12 1 1 1 10 100 12 1 1 10 100 12 1 1 10 10 12 1 1 10 12 1 10 12 1 1 100 1 1 1 1 1 3 1 3 1 1 5 0 1 1 1 1 1 1 1 1 1 1 1 1 1 1 1 1 1 1 1 1 1 1 1 1 1 1 100 1 100 1 1 1 1 1 1 1 1 1 1 100 1 1 1 1 1 1 1 1
instanceKlass java/util/TreeMap$Values
instanceKlass java/util/AbstractQueue
instanceKlass java/util/LinkedHashMap$LinkedValues
instanceKlass com/sun/tools/javac/util/List
instanceKlass java/util/HashMap$Values
instanceKlass java/util/ArrayDeque
instanceKlass java/util/AbstractSet
instanceKlass java/util/ImmutableCollections$AbstractImmutableCollection
instanceKlass java/util/AbstractList
ciInstanceKlass java/util/AbstractCollection 1 1 160 10 7 12 1 1 1 10 7 12 1 1 1 10 12 1 1 11 7 12 1 1 1 11 12 1 1 10 12 1 1 10 100 12 1 1 1 10 12 1 1 10 12 1 1 10 7 12 1 1 10 7 12 1 1 1 7 1 10 100 12 1 1 1 10 100 12 1 1 1 100 1 10 11 12 1 11 7 1 10 12 1 10 12 1 10 7 12 1 1 1 11 8 1 100 1 10 10 12 1 1 8 1 10 12 1 10 12 1 1 1 1 1 1 1 1 1 1 1 1 1 1 1 1 1 1 1 1 1 1 1 1 1 1 1 1 1 1 1 1 1 1 1 1 1 1 1 1 1 1 1 1 1 1 1 1 1 1 1 1
ciInstanceKlass java/lang/Boolean 1 1 151 10 7 12 1 1 1 9 7 12 1 1 1 10 12 1 1 10 12 1 8 1 10 7 12 1 1 9 12 1 1 9 12 1 8 1 10 12 1 1 10 12 1 1 10 7 12 1 1 1 100 1 100 1 10 12 1 1 9 100 12 1 1 9 12 10 100 12 1 1 1 10 12 1 1 8 1 10 7 12 1 1 1 9 12 1 1 100 1 100 1 100 1 1 1 1 1 1 5 0 1 1 1 1 1 1 1 1 1 1 3 1 1 1 1 1 1 1 1 1 1 1 1 1 1 1 1 1 1 1 1 100 1 1 1 1 1 1 1 1 1 1 100 1 1 1 1 1 1 1 1
staticfield java/lang/Boolean TRUE Ljava/lang/Boolean; java/lang/Boolean
staticfield java/lang/Boolean FALSE Ljava/lang/Boolean; java/lang/Boolean
staticfield java/lang/Boolean TYPE Ljava/lang/Class; java/lang/Class
instanceKlass java/util/concurrent/locks/AbstractQueuedSynchronizer
ciInstanceKlass java/util/concurrent/locks/AbstractOwnableSynchronizer 1 1 32 10 7 12 1 1 1 9 7 12 1 1 1 100 1 1 1 1 5 0 1 1 1 1 1 1 1 1 1 1 1 1
instanceKlass java/lang/LiveStackFrameInfo
ciInstanceKlass java/lang/StackFrameInfo 0 0 132 10 100 12 1 1 1 9 100 12 1 1 1 9 100 1 9 12 1 1 11 100 12 1 1 1 9 12 1 1 11 12 1 1 10 12 1 1 10 100 12 1 1 1 10 12 1 11 12 1 11 12 1 1 11 12 1 10 12 1 1 9 12 1 1 10 12 1 1 10 100 12 1 1 10 12 1 1 11 12 1 1 10 12 1 9 12 1 1 10 12 1 1 100 1 8 1 10 12 1 10 100 12 1 1 1 100 1 1 1 1 1 1 1 1 1 1 1 1 1 1 1 1 1 1 100 1 1 1 1 1 1
ciInstanceKlass java/lang/LiveStackFrameInfo 0 0 97 10 100 12 1 1 1 9 100 12 1 1 1 9 12 1 9 12 1 9 12 1 9 12 1 1 100 1 10 12 1 1 10 12 1 8 1 10 12 1 1 8 1 8 1 8 1 10 100 1 10 12 1 100 1 10 12 1 100 1 100 1 1 1 3 1 3 1 1 1 1 1 1 1 1 1 1 1 1 1 1 1 1 1 1 1 1 1 1 1 1 1 1 1 100 1 1
ciMethod java/lang/Boolean booleanValue ()Z 260 0 130 0 -1
ciMethod java/lang/Boolean valueOf (Z)Ljava/lang/Boolean; 520 0 310581 0 96
ciInstanceKlass java/lang/Character 1 1 576 7 1 100 1 100 1 9 12 1 1 8 1 9 12 1 1 100 1 9 12 1 1 10 100 12 1 1 1 10 100 12 1 1 1 10 100 12 1 1 1 10 100 12 1 1 1 9 100 12 1 1 1 10 12 1 10 12 1 1 10 12 1 1 10 7 12 1 1 10 12 1 1 3 3 3 3 3 10 12 1 1 10 12 1 3 11 7 12 1 1 1 11 12 1 1 10 12 1 1 10 12 1 1 100 1 10 10 12 1 3 10 12 1 1 10 12 1 10 12 1 1 100 1 8 1 10 12 1 1 10 12 1 10 12 1 10 12 1 10 12 1 10 12 1 1 10 12 1 10 7 12 1 1 10 10 12 1 10 10 12 1 10 12 1 1 10 12 1 10 10 12 1 10 12 1 10 12 1 10 12 1 10 12 1 10 12 1 10 12 1 10 12 10 10 12 10 10 12 1 10 10 12 1 10 10 12 1 10 10 12 1 10 10 12 1 10 10 12 1 10 10 12 1 1 10 10 12 1 10 5 0 10 12 1 10 12 1 10 10 12 1 10 10 12 1 1 10 10 12 1 10 10 12 1 9 12 1 1 100 1 10 10 12 1 10 12 1 1 3 10 100 12 1 1 1 10 12 1 10 100 12 1 1 100 1 10 10 12 1 1 10 12 1 1 10 12 1 1 8 1 10 12 1 9 100 12 1 1 1 10 12 1 10 10 12 1 10 12 1 1 10 12 1 10 10 12 1 1 10 10 12 1 1 100 1 8 1 10 12 1 1 10 7 12 1 1 1 8 1 10 12 1 1 9 12 1 1 100 1 100 1 100 1 1 1 1 3 1 3 1 3 1 3 1 1 1 1 1 3 1 1 3 1 3 1 3 1 3 1 3 1 3 1 3 1 3 1 3 1 3 1 3 1 3 1 3 1 3 1 3 1 3 1 3 1 3 1 3 1 3 1 3 1 3 1 3 1 3 1 3 1 3 1 3 1 3 1 1 1 1 1 1 1 1 1 1 1 1 1 1 1 1 1 1 1 3 1 1 1 1 1 1 1 3 1 1 3 1 1 1 1 1 3 1 1 5 0 1 1 1 1 1 1 1 1 1 1 1 1 1 1 1 1 1 1 1 1 1 1 1 1 1 1 1 1 1 1 1 1 1 1 1 1 1 1 1 1 1 1 1 1 1 1 1 1 1 1 1 1 1 1 1 1 1 1 1 1 1 1 1 1 1 1 1 1 1 1 1 1 1 1 1 1 1 1 1 1 1 1 1 1 1 1 1 1 1 100 1 100 1 1 1 1 1 1
staticfield java/lang/Character TYPE Ljava/lang/Class; java/lang/Class
staticfield java/lang/Character $assertionsDisabled Z 1
ciInstanceKlass java/lang/Float 1 1 223 7 1 100 1 10 100 12 1 1 1 10 100 12 1 1 1 4 100 1 10 12 1 1 10 12 1 1 8 1 8 1 10 100 12 1 1 1 10 12 1 1 10 12 1 1 10 4 4 4 10 7 12 1 1 9 12 1 1 10 12 1 1 10 12 1 10 12 1 10 12 1 1 10 12 1 10 12 1 3 10 12 1 1 10 12 1 1 10 12 1 10 100 12 1 1 1 10 12 1 1 10 12 1 1 8 1 10 7 12 1 1 1 9 12 1 1 100 1 100 1 100 1 1 1 1 1 4 1 1 1 4 1 1 3 1 3 1 3 1 3 1 1 1 1 5 0 1 1 1 1 1 1 1 1 1 1 100 1 1 1 1 1 1 1 1 1 1 1 1 1 3 1 1 1 1 1 1 1 1 1 1 1 1 1 1 1 1 1 1 1 1 1 1 1 1 1 1 1 1 1 1 1 1 1 1 1 1 1 1 100 1 1 1 1 1 1 1 100 1 100 1 1
staticfield java/lang/Float TYPE Ljava/lang/Class; java/lang/Class
instanceKlass java/math/BigInteger
instanceKlass java/util/concurrent/atomic/AtomicLong
instanceKlass java/util/concurrent/atomic/AtomicInteger
instanceKlass java/lang/Long
instanceKlass java/lang/Integer
instanceKlass java/lang/Short
instanceKlass java/lang/Byte
instanceKlass java/lang/Double
instanceKlass java/lang/Float
ciInstanceKlass java/lang/Number 1 1 37 10 7 12 1 1 1 10 100 12 1 1 1 100 1 1 1 1 5 0 1 1 1 1 1 1 1 1 1 1 1 1 1 1 1 1 1
ciMethod java/lang/Number intValue ()I 0 0 1 0 -1
ciInstanceKlass java/lang/Double 1 1 285 7 1 100 1 10 7 12 1 1 1 10 12 1 1 10 12 1 100 1 10 12 1 1 10 100 12 1 1 1 6 0 8 1 10 12 1 1 8 1 10 12 1 1 8 1 6 0 10 12 1 1 100 1 5 0 5 0 8 1 8 1 10 100 12 1 1 1 10 100 12 1 1 1 8 1 10 12 1 1 8 1 8 1 8 1 10 12 1 1 10 12 1 10 12 1 1 10 12 1 10 12 1 10 12 1 1 10 12 1 10 6 0 6 0 6 0 10 7 12 1 1 9 12 1 1 10 12 1 10 12 1 10 12 1 10 12 1 5 0 10 12 1 1 10 12 1 10 12 1 10 100 12 1 1 1 10 12 1 1 10 12 1 1 8 1 10 7 12 1 1 1 9 12 1 1 100 1 100 1 100 1 1 1 1 1 6 0 1 1 1 6 0 1 1 3 1 3 1 3 1 3 1 1 1 1 5 0 1 1 1 1 1 1 1 1 1 1 1 1 1 1 1 1 100 1 1 1 1 1 1 1 1 1 1 1 1 3 1 1 1 1 1 1 1 1 1 1 1 1 1 1 1 1 1 1 1 1 1 1 1 1 1 1 1 1 1 1 1 1 1 1 100 1 1 1 1 1 1 1 100 1 100 1 1
staticfield java/lang/Double TYPE Ljava/lang/Class; java/lang/Class
ciInstanceKlass java/lang/Byte 1 1 215 7 1 100 1 10 100 12 1 1 1 9 12 1 1 8 1 9 12 1 1 100 1 10 12 1 1 10 12 1 1 10 100 12 1 1 1 10 100 12 1 1 1 9 100 12 1 1 1 10 12 1 1 100 1 100 1 10 12 1 1 8 1 10 12 1 1 8 1 10 12 1 10 12 1 10 12 1 10 12 1 1 10 12 1 10 12 1 10 12 1 1 10 8 1 8 1 10 7 1 9 12 1 1 10 12 1 10 12 1 1 10 12 1 1 10 12 1 1 10 12 1 5 0 10 12 1 1 8 1 10 7 12 1 1 1 9 12 1 1 100 1 100 1 1 1 3 1 3 1 1 1 1 3 1 3 1 1 5 0 1 1 1 1 1 1 1 1 1 1 1 1 1 1 1 1 1 1 1 1 1 1 1 1 1 1 1 1 1 1 1 1 1 1 1 1 1 1 1 1 1 1 1 1 1 1 1 1 1 1 1 1 1 1 1
staticfield java/lang/Byte TYPE Ljava/lang/Class; java/lang/Class
ciInstanceKlass java/lang/Short 1 1 224 7 1 100 1 100 1 10 100 12 1 1 1 10 12 1 1 100 1 100 1 10 12 1 1 8 1 10 12 1 1 8 1 10 12 1 10 12 1 10 12 1 10 12 1 1 10 12 1 1 10 12 1 9 12 1 1 8 1 9 12 1 1 100 1 10 12 1 1 10 12 1 10 100 12 1 1 1 10 100 12 1 1 1 9 100 12 1 1 1 10 12 1 10 12 1 1 10 8 1 8 1 10 100 1 9 12 1 1 10 12 1 10 12 1 1 10 12 1 1 10 12 1 1 10 12 1 3 3 5 0 10 12 1 1 8 1 10 7 12 1 1 1 9 12 1 1 100 1 100 1 1 1 3 1 3 1 1 1 1 3 1 3 1 1 5 0 1 1 1 1 1 1 1 1 1 1 1 1 1 1 1 1 1 1 1 1 1 1 1 1 1 1 1 3 1 1 1 1 1 1 1 1 1 1 1 1 1 1 1 1 1 1 1 1 1 1 1 1 1 1 1 1 1
staticfield java/lang/Short TYPE Ljava/lang/Class; java/lang/Class
ciInstanceKlass java/lang/Integer 1 1 445 7 1 100 1 7 1 7 1 10 12 1 1 9 12 1 1 9 12 1 1 10 7 12 1 1 1 10 12 1 1 10 100 12 1 1 1 10 10 12 1 1 10 100 12 1 1 1 10 12 1 10 12 1 1 10 7 12 1 1 1 10 12 1 1 10 12 1 1 10 12 1 10 12 1 10 12 1 1 10 10 12 1 9 12 1 1 9 12 1 100 1 8 1 10 12 1 100 1 10 12 1 8 1 10 12 1 1 10 12 1 8 1 10 12 1 8 1 10 12 1 1 3 10 12 1 1 3 10 12 1 1 10 12 1 1 10 7 12 1 1 1 11 7 1 100 1 10 11 10 12 1 1 8 1 10 12 1 1 8 1 100 1 10 12 1 1 10 12 1 1 5 0 8 1 10 12 1 10 12 1 10 12 1 10 12 1 1 7 1 9 12 1 1 9 12 1 1 10 12 1 10 7 1 9 12 1 10 12 1 10 12 1 10 12 1 1 10 7 12 1 1 1 100 1 100 1 10 12 1 1 10 12 1 1 8 1 8 1 10 12 1 1 8 1 8 1 8 1 8 1 8 1 8 1 10 12 1 10 12 1 10 12 1 5 0 3 3 3 3 10 12 1 3 10 12 1 10 100 12 1 1 1 10 12 1 1 10 12 1 1 8 1 10 7 12 1 1 1 9 12 1 1 3 3 3 3 3 3 9 12 1 1 100 1 100 1 100 1 1 1 1 1 1 1 3 1 3 1 1 5 0 1 1 1 1 1 1 1 1 1 100 1 1 1 1 1 1 1 1 1 1 1 1 1 1 1 1 1 1 1 1 1 1 1 1 1 1 1 1 1 1 1 1 1 1 1 1 1 1 1 3 1 1 1 1 1 1 1 1 1 1 1 1 1 1 1 1 100 1 1 1 1 1 1 1 1 1 1 1 1 1 1 1 1 1 1 1 1 1 1 1 1 1 1 1 1 1 1 1 100 1 1 1 1 1 1 1 1 1 100 1 100 1 1
staticfield java/lang/Integer TYPE Ljava/lang/Class; java/lang/Class
staticfield java/lang/Integer digits [C 36
staticfield java/lang/Integer DigitTens [B 100
staticfield java/lang/Integer DigitOnes [B 100
staticfield java/lang/Integer sizeTable [I 10
ciMethod java/lang/Integer intValue ()I 270 0 135 0 -1
ciMethod java/lang/Integer valueOf (I)Ljava/lang/Integer; 780 0 100843 0 -1
ciInstanceKlass java/lang/Long 1 1 506 7 1 100 1 7 1 7 1 10 12 1 1 9 12 1 1 9 7 12 1 1 1 10 100 12 1 1 1 10 12 1 1 10 100 12 1 1 1 10 10 12 10 12 1 10 12 1 10 12 1 5 0 5 0 100 1 10 12 1 1 10 12 1 1 10 12 1 10 12 1 10 12 1 10 12 1 1 10 100 12 1 1 10 12 1 10 12 1 1 10 12 1 1 10 12 1 1 10 12 1 1 10 100 12 1 1 1 10 12 1 1 10 12 1 10 12 1 10 12 1 10 12 1 1 10 10 12 1 5 0 5 0 9 12 1 1 9 12 1 5 0 100 1 8 1 10 12 1 8 1 10 12 1 8 1 8 1 10 12 1 1 5 0 10 12 1 1 5 0 10 12 1 1 10 12 1 1 10 100 12 1 1 1 11 100 1 100 1 10 11 10 12 1 1 8 1 10 12 1 1 8 1 100 1 10 12 1 1 10 12 1 8 1 8 1 11 12 1 1 10 12 1 10 12 1 10 12 1 5 0 5 0 9 7 12 1 1 1 10 12 1 10 12 1 1 8 1 8 1 10 12 1 1 8 1 8 1 8 1 8 1 8 1 8 1 10 12 1 10 12 1 10 12 1 1 10 7 1 9 12 1 1 10 12 1 10 12 1 1 10 100 12 1 1 1 100 1 100 1 10 12 1 1 10 12 1 1 5 0 10 12 1 10 12 1 5 0 5 0 5 0 10 12 1 1 5 0 5 0 10 12 1 10 12 1 10 100 12 1 1 1 10 12 1 1 10 12 1 1 8 1 10 7 12 1 1 1 9 12 1 1 100 1 100 1 100 1 1 1 1 5 0 1 1 1 1 3 1 3 1 5 0 1 1 1 1 1 1 1 1 1 100 1 1 1 1 1 1 1 1 1 1 1 1 1 1 1 1 1 1 1 1 1 1 1 1 1 1 1 1 1 1 1 1 1 1 1 1 1 1 1 1 1 1 1 1 1 1 1 1 1 1 1 1 1 1 3 1 1 1 1 1 1 1 1 1 1 1 1 1 1 1 100 1 1 1 1 1 1 1 1 1 1 1 1 1 1 1 1 1 1 1 1 1 1 1 1 1 1 1 100 1 1 1 1 1 1 1 1 1 100 1 100 1 1
staticfield java/lang/Long TYPE Ljava/lang/Class; java/lang/Class
instanceKlass java/lang/ref/PhantomReference
instanceKlass java/lang/ref/FinalReference
instanceKlass java/lang/ref/WeakReference
instanceKlass java/lang/ref/SoftReference
ciInstanceKlass java/lang/ref/Reference 1 1 195 9 7 12 1 1 1 9 7 12 1 1 10 12 1 1 10 12 1 1 9 12 1 1 10 12 1 1 9 12 1 1 9 12 1 1 7 1 10 12 1 10 7 12 1 1 10 12 1 10 12 1 1 10 12 1 9 12 1 10 12 1 1 10 12 1 10 12 1 9 12 1 100 1 100 1 10 12 1 9 12 1 9 12 1 100 1 10 10 12 1 10 10 7 12 1 1 10 7 12 1 1 1 10 12 1 1 10 7 12 1 1 7 1 8 1 10 12 1 10 12 1 1 10 12 1 1 10 12 1 7 1 10 10 7 12 1 1 1 1 1 1 1 1 1 1 1 1 1 1 1 1 1 1 1 100 1 1 1 100 1 1 1 1 1 1 1 1 1 1 1 1 1 1 1 1 1 1 1 1 1 1 1 1 1 1 1 1 1 1 1 1 1 1 1
staticfield java/lang/ref/Reference processPendingLock Ljava/lang/Object; java/lang/Object
staticfield java/lang/ref/Reference $assertionsDisabled Z 1
instanceKlass java/util/ResourceBundle$BundleReference
instanceKlass sun/util/locale/LocaleObjectCache$CacheEntry
instanceKlass java/lang/invoke/LambdaFormEditor$Transform
ciInstanceKlass java/lang/ref/SoftReference 1 1 47 10 7 12 1 1 1 9 7 12 1 1 1 9 12 1 10 12 1 10 12 1 1 1 1 1 1 1 1 1 1 1 1 1 1 1 1 1 1 1 1 100 1 1 1 1 1
instanceKlass java/lang/ClassValue$Entry
instanceKlass java/lang/WeakPairMap$WeakRefPeer
instanceKlass java/lang/ThreadLocal$ThreadLocalMap$Entry
instanceKlass java/util/ResourceBundle$KeyElementReference
instanceKlass java/lang/invoke/MethodType$ConcurrentWeakInternSet$WeakEntry
instanceKlass java/util/WeakHashMap$Entry
ciInstanceKlass java/lang/ref/WeakReference 1 1 31 10 7 12 1 1 1 10 12 1 100 1 1 1 1 1 1 1 1 1 1 1 1 1 1 1 1 1 1 1 1
instanceKlass java/lang/ref/Finalizer
ciInstanceKlass java/lang/ref/FinalReference 1 1 47 10 7 12 1 1 1 10 7 12 1 1 1 10 12 1 1 100 1 8 1 10 12 1 1 1 1 1 1 1 1 1 1 1 1 1 1 1 1 1 1 1 1 1 1 1 1
ciInstanceKlass java/lang/ref/Finalizer 1 1 152 9 7 12 1 1 1 10 7 12 1 1 1 9 12 1 1 9 12 1 1 9 12 1 9 12 1 10 12 1 10 12 1 1 9 12 1 1 100 1 10 12 1 7 1 11 7 12 1 1 100 1 10 12 1 100 1 10 12 1 10 100 12 1 1 1 10 100 12 1 1 1 100 1 10 10 12 1 10 7 12 1 1 1 7 1 10 7 1 10 10 7 12 1 1 1 10 12 1 1 10 7 12 1 1 7 1 10 12 1 10 12 1 1 10 12 1 1 10 12 1 1 1 1 1 1 1 1 1 1 1 1 1 1 1 1 1 1 1 1 1 1 1 1 1 1 1 1 1 1 1 1
staticfield java/lang/ref/Finalizer lock Ljava/lang/Object; java/lang/Object
staticfield java/lang/ref/Finalizer $assertionsDisabled Z 1
instanceKlass jdk/internal/ref/PhantomCleanable
instanceKlass jdk/internal/ref/Cleaner
ciInstanceKlass java/lang/ref/PhantomReference 1 1 39 10 100 12 1 1 1 10 7 12 1 1 1 1 1 1 1 1 1 1 1 1 1 1 1 1 1 1 1 1 1 1 1 1 1 1 1 1 1
instanceKlass java/lang/reflect/Executable
instanceKlass java/lang/reflect/Field
ciInstanceKlass java/lang/reflect/AccessibleObject 1 1 398 10 7 12 1 1 1 9 100 12 1 1 1 10 100 12 1 1 1 10 7 12 1 1 10 7 12 1 1 1 10 100 12 1 1 1 10 12 1 1 10 12 1 1 9 12 1 1 100 1 10 7 12 1 1 1 11 12 1 100 1 10 12 1 7 1 100 1 10 12 1 10 12 1 1 7 1 10 7 12 1 1 1 10 12 1 1 7 1 10 12 1 1 7 1 10 10 10 7 12 1 1 1 10 12 1 1 10 12 1 10 12 1 10 12 1 1 10 12 1 8 1 100 1 10 10 12 1 1 8 1 10 12 1 10 12 1 8 1 8 1 8 1 8 1 8 1 8 1 100 1 10 12 1 10 12 1 9 12 1 1 10 12 1 1 10 12 1 10 11 100 1 100 1 8 1 10 10 12 1 10 12 1 1 8 1 10 12 1 8 1 10 12 1 1 10 100 1 8 1 10 11 7 12 1 1 10 12 1 1 10 12 1 1 10 12 1 1 9 12 1 1 100 1 10 12 1 7 1 10 12 1 10 12 1 1 10 100 1 10 12 1 10 12 10 12 1 10 12 1 1 10 12 1 10 12 1 1 10 12 1 9 12 1 10 100 12 1 1 8 1 10 100 12 1 1 1 8 1 10 100 12 1 1 1 9 12 1 100 1 10 7 1 10 10 7 12 1 1 1 7 1 10 10 7 12 1 1 1 7 1 9 12 1 1 1 1 1 1 1 1 1 1 1 1 1 1 1 1 1 1 1 1 1 1 1 1 1 1 1 1 1 1 1 1 1 1 1 1 1 1 1 1 1 1 1 1 1 1 1 1 1 1 1 1 1 1 1 1 1 1 1 1 1 1 1 1 1 1 1 1 1 1 1 1 1 1 1 1 1 1 1 1 1 1 1 1 1
staticfield java/lang/reflect/AccessibleObject reflectionFactory Ljdk/internal/reflect/ReflectionFactory; jdk/internal/reflect/ReflectionFactory
instanceKlass java/lang/reflect/Constructor
instanceKlass java/lang/reflect/Method
ciInstanceKlass java/lang/reflect/Executable 1 1 548 10 7 12 1 1 1 10 7 12 1 1 1 10 7 12 1 1 1 11 7 12 1 1 1 10 7 12 1 1 1 10 12 1 1 10 7 12 1 1 1 10 100 12 1 1 1 10 12 1 8 1 10 10 12 1 1 10 12 1 1 10 100 12 1 1 1 18 12 1 1 11 100 12 1 1 1 8 1 8 1 8 1 10 100 12 1 1 1 11 12 1 1 100 1 8 1 8 1 10 12 1 100 1 8 1 10 12 1 8 1 11 100 12 1 1 1 100 1 10 12 1 1 11 12 1 8 1 18 8 1 10 12 1 10 12 1 1 18 8 1 10 12 1 100 1 10 12 1 10 12 1 11 100 12 1 1 10 12 1 1 8 1 8 1 10 12 1 1 10 12 1 1 10 10 12 1 100 1 10 10 12 1 10 12 1 1 10 100 12 1 1 10 12 1 10 12 1 10 12 1 1 10 100 12 1 1 10 12 1 10 12 1 10 100 12 1 1 1 10 12 1 8 1 10 12 1 10 12 1 3 100 1 8 1 10 12 1 10 12 1 10 10 12 1 10 12 1 1 8 1 8 1 8 1 9 12 1 10 12 1 100 1 8 1 9 12 1 10 12 1 10 12 1 1 10 12 1 1 10 12 1 10 12 10 12 1 100 1 10 12 1 10 12 1 1 100 1 10 100 12 1 1 1 100 1 10 7 12 1 1 1 10 12 1 1 11 7 12 1 1 10 7 12 1 1 10 100 12 1 1 1 10 12 1 1 9 12 1 10 12 1 1 10 12 1 10 12 1 1 9 100 12 1 1 1 10 100 12 1 1 1 10 12 1 10 12 1 1 9 12 1 10 10 10 10 100 12 1 1 1 10 12 1 9 12 1 10 12 1 1 9 12 1 100 1 100 1 1 1 1 1 1 1 1 1 1 1 1 1 1 1 1 1 1 1 1 1 1 1 1 1 1 1 1 1 1 1 1 1 1 100 1 1 1 1 1 1 1 1 100 1 1 1 1 1 1 1 1 1 1 1 1 100 1 1 1 1 1 1 1 1 1 1 1 1 1 1 1 1 1 1 1 1 1 1 1 1 1 1 1 1 1 1 1 1 1 1 1 1 1 1 1 1 1 100 1 1 1 1 1 1 1 1 1 1 1 1 1 1 1 1 1 1 1 1 1 100 1 100 1 1 15 10 100 12 1 1 1 16 15 16 1 16 1 15 10 12 16 1 100 1 1 100 1 100 1 1
ciInstanceKlass java/lang/reflect/Constructor 1 1 429 10 100 12 1 1 1 10 100 12 1 1 9 7 12 1 1 1 10 12 1 1 10 12 1 1 10 100 12 1 1 9 12 1 1 10 7 12 1 1 1 9 12 1 1 9 12 1 1 9 12 1 9 12 1 1 9 12 1 9 12 1 1 9 12 1 1 9 12 1 100 1 8 1 10 12 1 10 12 1 9 12 1 1 10 7 12 1 1 10 7 12 1 1 1 10 12 1 1 10 12 1 1 10 12 1 7 1 100 1 8 1 10 10 12 1 10 12 1 10 12 1 1 10 12 1 1 100 1 10 7 12 1 1 10 12 1 1 10 12 1 10 12 1 1 10 100 12 1 1 1 10 100 12 1 1 10 12 1 1 10 12 1 10 100 12 1 1 1 8 1 10 10 12 1 100 1 8 1 10 12 1 10 12 1 1 10 12 1 1 10 12 1 10 12 1 10 12 1 1 10 12 1 1 9 12 1 1 10 12 1 1 10 12 1 1 10 12 1 8 1 10 12 1 1 11 7 12 1 1 1 10 12 1 1 10 12 1 10 12 1 9 12 1 1 10 7 12 1 1 1 10 12 1 1 10 12 1 1 10 12 1 1 10 12 1 1 10 12 1 9 100 12 1 1 10 12 1 10 12 1 10 12 1 100 1 8 1 10 10 12 1 1 10 12 1 10 10 12 1 1 10 12 1 1 10 100 12 1 1 1 11 100 12 1 1 1 10 12 1 1 9 100 12 1 1 1 10 100 12 1 1 1 10 12 1 1 1 1 1 1 1 1 1 1 1 1 1 1 1 1 1 1 1 1 1 1 1 1 1 1 1 1 1 1 1 1 1 1 1 1 1 1 1 1 1 1 1 1 1 1 1 1 1 1 1 100 1 100 1 100 1 100 1 1 1 1 1 1 1 1 1 1 1 1 1 1 1 1 1 1 1 1 1 1 1 1 1 1 1 1 1 1 1 1 1 100 1 1
ciInstanceKlass java/lang/reflect/Method 1 1 446 9 7 12 1 1 1 10 100 12 1 1 1 10 100 12 1 1 9 12 1 1 10 12 1 1 10 12 1 1 10 100 12 1 1 10 7 12 1 1 1 9 12 1 1 9 12 1 9 12 1 1 9 12 1 9 12 1 9 12 1 1 9 12 1 9 12 1 1 9 12 1 9 12 1 9 12 1 1 100 1 8 1 10 12 1 10 12 1 9 12 1 1 8 1 10 7 12 1 1 10 7 12 1 1 1 10 12 1 1 10 12 1 1 10 12 1 10 12 1 1 10 12 1 1 100 1 10 12 1 1 10 12 10 7 12 1 1 10 12 1 1 10 12 1 10 12 1 10 12 1 10 7 12 1 1 1 10 12 1 1 10 7 1 10 100 12 1 1 1 10 7 12 1 1 10 12 1 1 10 12 1 1 10 12 1 10 7 12 1 1 1 10 12 1 10 8 1 10 12 1 10 12 1 7 1 8 1 8 1 8 1 10 12 1 10 12 1 1 10 12 1 1 10 10 12 1 1 10 12 1 11 100 1 9 12 1 1 10 12 1 1 10 12 1 10 12 1 1 10 12 1 1 11 7 12 1 1 1 10 12 1 10 12 1 10 12 1 10 12 1 10 12 1 9 12 1 1 10 7 12 1 1 1 10 12 1 1 10 7 12 1 1 1 10 7 12 1 1 1 10 7 12 1 1 1 11 7 12 1 1 1 10 7 12 1 1 1 7 1 100 1 100 1 10 12 1 10 12 1 1 10 12 1 100 1 8 1 10 12 1 10 10 12 1 1 10 12 1 1 10 12 1 1 10 12 1 1 8 1 10 12 1 1 1 1 1 1 1 1 1 1 1 1 1 1 1 1 1 1 1 1 1 1 1 1 1 1 1 1 1 1 1 1 1 1 1 1 1 1 1 1 1 1 1 1 1 1 1 1 1 1 1 1 1 100 1 100 1 100 1 1 1 1 1 1 1 1 1 1 1 1 1 1 1 1 1 1 1 1 1 1 1 1 1 1
ciInstanceKlass java/lang/reflect/Field 1 1 437 9 7 12 1 1 1 10 12 1 1 10 7 12 1 1 1 10 7 12 1 1 9 12 1 1 10 12 1 1 10 12 1 1 10 7 12 1 1 10 7 12 1 1 1 9 12 1 1 9 12 1 9 12 1 9 12 1 1 9 12 1 1 9 12 1 9 12 1 1 9 12 1 1 100 1 8 1 10 12 1 10 12 1 9 12 1 1 9 12 1 10 12 1 10 7 12 1 1 10 12 1 1 10 12 1 1 10 12 1 10 12 1 1 100 1 10 12 1 1 10 12 1 1 10 12 1 1 10 12 1 10 12 1 10 7 1 10 7 12 1 1 100 1 10 8 1 10 12 1 1 10 12 1 1 8 1 10 12 10 12 1 8 1 8 1 10 11 100 1 9 12 1 10 12 1 1 10 12 1 1 11 7 12 1 1 1 11 12 1 1 11 12 1 1 11 12 1 1 11 12 1 1 11 12 1 1 11 12 1 1 11 12 1 1 11 12 1 1 11 12 1 1 11 12 1 1 11 12 1 1 11 12 1 1 11 12 1 1 11 12 1 1 11 12 1 1 11 12 1 1 11 12 1 1 10 12 1 10 100 12 1 1 10 12 1 10 12 1 1 10 12 9 12 1 1 10 7 12 1 1 1 10 12 1 1 10 100 12 1 1 10 12 1 1 11 100 1 10 12 1 100 1 10 100 12 1 1 1 10 100 12 1 1 1 9 12 1 10 100 12 1 1 1 11 100 12 1 1 1 10 12 1 1 10 12 1 1 9 100 12 1 1 1 10 100 12 1 1 1 10 12 1 1 100 1 1 1 1 1 1 1 1 1 1 1 1 1 1 1 1 1 1 1 1 1 1 1 1 1 1 1 1 1 1 1 1 1 1 1 100 1 1 1 1 1 1 1 1 1 1 1 1 1 1 1 1 1 1 1 1 1 1 1 1 1 1 1 1 1 1 1 1 1 1 100 1 1 1 1 1 1 1 1 100 1 1
ciInstanceKlass java/lang/reflect/Parameter 0 0 226 10 100 12 1 1 1 9 100 12 1 1 1 9 12 1 1 9 12 1 1 9 12 1 10 12 1 1 10 12 1 1 10 100 12 1 1 1 100 1 10 10 12 1 1 11 100 12 1 1 1 10 12 1 10 100 12 1 1 1 10 12 1 1 10 12 1 10 12 1 8 1 8 1 10 100 12 1 1 1 10 12 1 10 12 10 12 1 8 1 10 12 1 9 12 1 1 10 12 1 1 9 12 1 1 10 12 1 1 10 12 1 1 10 12 1 1 10 12 1 10 10 12 1 10 100 12 1 1 1 10 12 1 1 11 100 12 1 1 10 100 12 1 1 100 1 10 100 12 1 1 1 10 12 1 1 10 12 1 1 10 12 1 1 10 12 1 1 9 12 1 100 1 10 11 12 1 1 11 12 1 1 100 1 1 1 1 1 1 1 1 1 1 1 1 1 1 1 1 1 1 1 1 1 1 1 1 1 1 1 1 1 1 1 1 1 1 1 1 1 1 100 1 1 1 1
ciInstanceKlass java/lang/StringBuffer 1 1 470 10 7 12 1 1 1 10 12 1 10 12 1 10 12 1 1 9 7 12 1 1 1 10 12 1 1 10 12 1 10 12 1 1 9 12 1 1 10 12 1 10 12 1 1 10 12 1 1 10 12 1 10 12 1 1 10 12 1 10 12 1 1 10 12 1 1 10 100 12 1 1 1 10 12 1 1 10 12 1 10 12 1 10 12 1 10 12 1 10 12 1 10 12 1 10 12 1 10 12 1 10 12 1 10 12 1 10 12 1 10 12 1 10 12 1 10 12 1 1 10 12 1 10 12 1 1 10 12 1 1 10 10 12 1 1 10 12 1 10 12 1 10 12 1 10 12 1 10 12 1 10 12 1 10 12 10 12 1 10 12 1 10 12 1 10 12 1 1 10 12 1 10 12 1 10 10 12 1 1 10 12 1 1 9 12 1 1 10 7 12 1 1 1 10 100 1 10 10 100 12 1 1 1 10 10 12 1 10 8 10 100 12 1 1 1 8 10 12 1 8 1 10 12 1 10 12 1 10 100 12 1 1 1 10 100 12 1 1 1 7 1 10 12 100 1 8 1 10 10 12 1 1 10 12 1 1 10 12 1 1 10 12 1 10 12 1 10 12 1 10 12 1 10 12 1 10 12 1 10 12 1 10 12 1 10 12 1 10 12 1 10 12 1 10 12 1 10 12 1 10 12 1 10 12 1 10 12 1 10 12 10 12 10 12 1 10 12 1 10 12 1 10 12 10 12 1 10 12 1 10 12 1 10 12 1 10 12 1 10 12 1 10 12 1 10 12 1 10 12 1 10 12 1 10 12 1 7 1 10 12 1 9 7 12 1 1 1 9 7 1 9 12 1 1 100 1 100 1 100 1 1 1 1 5 0 1 1 1 1 1 1 1 1 1 1 1 1 1 1 1 1 1 1 1 1 1 1 1 1 1 1 1 1 1 1 1 1 1 1 1 1 1 1 1 1 1 1 1 1 1 1 1 1 1 1 1 1 1 1 1 1 1 1 1 1 100 1 1 1 1 1 100 1 1 1 1 1 1 1 1 1 1 1 1 1 1 1 1 1
staticfield java/lang/StringBuffer serialPersistentFields [Ljava/io/ObjectStreamField; 3 [Ljava/io/ObjectStreamField;
instanceKlass java/lang/StringBuilder
instanceKlass java/lang/StringBuffer
ciInstanceKlass java/lang/AbstractStringBuilder 1 1 547 7 1 7 1 10 7 12 1 1 1 9 7 12 1 1 1 9 12 1 9 12 1 1 9 12 1 1 10 7 12 1 1 1 10 12 1 1 3 3 10 12 1 10 12 1 1 11 7 1 100 1 100 1 10 8 1 10 12 1 10 12 1 10 12 1 1 10 12 1 10 12 1 10 12 1 9 12 1 1 10 12 1 1 10 7 12 1 1 1 10 10 12 1 10 12 1 10 12 1 1 10 12 1 1 10 7 12 1 1 1 10 7 12 1 1 1 100 1 8 1 10 10 12 1 1 100 1 10 12 10 12 1 1 10 10 12 1 1 10 12 1 1 10 12 1 1 10 12 1 1 100 1 10 10 12 1 10 7 12 1 1 1 10 12 1 1 10 12 1 10 12 1 1 10 10 12 1 1 10 12 10 12 1 10 12 1 1 10 12 1 1 10 12 1 1 10 12 1 10 10 12 1 1 10 12 1 10 12 1 1 8 1 10 12 1 1 10 12 1 10 12 1 10 12 1 10 12 1 10 12 1 10 12 1 10 7 12 1 1 10 12 1 10 12 1 10 100 12 1 1 1 10 12 1 10 12 1 10 12 1 10 12 1 10 12 1 1 10 12 1 10 12 1 1 10 12 1 1 10 10 7 12 1 1 1 10 12 1 10 12 1 10 12 1 1 10 12 1 10 12 1 10 12 1 10 12 1 10 12 1 10 12 1 10 12 1 10 12 1 10 12 1 1 10 12 1 10 12 1 10 12 10 12 1 1 18 12 1 1 100 1 10 100 12 1 1 1 18 10 12 1 1 10 12 1 10 12 1 1 11 12 1 10 12 1 10 12 1 10 10 12 1 10 8 1 8 1 8 1 10 10 100 1 10 12 1 100 1 10 100 1 10 100 1 1 1 3 1 1 1 1 1 1 1 1 1 1 100 1 1 1 1 1 1 1 1 1 1 1 1 1 1 1 1 1 1 1 1 1 1 1 1 1 1 1 1 1 1 1 1 1 1 1 1 1 1 1 1 1 1 1 1 1 1 1 1 1 1 1 1 1 1 1 1 1 1 1 1 1 1 1 1 1 1 1 1 1 1 1 1 1 1 1 1 1 1 1 1 1 1 1 1 1 1 1 1 1 1 1 1 1 1 1 1 1 100 1 1 100 1 1 1 1 1 100 1 1 1 1 1 1 15 10 100 12 1 1 1 16 1 15 10 12 16 15 10 12 1 1 1 1 100 1 100 1 1
staticfield java/lang/AbstractStringBuilder EMPTYVALUE [B 0
ciInstanceKlass java/lang/SecurityManager 0 0 576 10 100 12 1 1 1 9 100 12 1 1 1 10 100 12 1 1 1 100 1 8 1 10 12 1 10 12 1 1 10 100 12 1 1 1 10 100 1 10 100 1 10 9 100 12 1 1 1 10 100 12 1 1 1 10 12 1 1 10 100 12 1 1 100 1 8 1 10 9 12 1 1 9 12 1 8 1 9 12 1 100 1 10 8 1 10 12 1 1 10 12 1 10 12 1 1 100 1 10 10 12 1 1 100 1 8 1 10 12 1 8 1 8 1 8 1 8 1 8 1 8 1 10 12 1 8 1 8 1 8 1 8 1 8 1 10 100 12 1 1 1 10 12 1 1 8 1 100 1 8 1 10 8 1 8 1 8 1 8 1 8 1 10 100 12 1 1 8 1 100 1 8 1 8 1 10 8 1 10 12 1 100 1 8 1 10 10 12 1 1 10 12 1 10 12 1 10 12 1 10 100 12 1 1 1 10 12 1 10 100 12 1 1 11 100 12 1 1 1 18 12 1 1 11 100 12 1 1 1 18 12 1 1 11 12 1 1 18 18 11 12 1 18 12 1 11 12 1 1 9 12 1 1 9 12 1 9 12 1 9 12 1 100 1 10 100 12 1 1 10 12 1 10 12 1 18 12 1 18 10 100 12 1 1 1 18 12 1 10 12 1 18 18 8 1 10 12 1 9 12 1 1 11 100 12 1 1 1 8 1 100 1 10 12 1 10 12 1 1 10 12 1 1 9 12 1 1 10 12 1 10 12 1 1 8 1 100 1 10 9 12 1 8 1 10 12 1 8 1 100 1 10 10 100 12 1 1 10 100 1 9 100 12 1 1 1 11 12 1 1 10 12 1 11 12 1 10 12 1 100 1 10 10 12 1 1 10 12 1 1 1 1 1 1 1 1 1 1 1 100 1 1 1 1 1 1 1 1 1 1 1 1 1 1 1 1 1 1 1 1 1 1 1 1 1 1 1 1 1 1 1 1 1 1 1 1 1 1 1 1 1 1 1 1 1 1 1 1 1 1 1 1 1 1 1 1 3 1 1 1 1 1 1 1 1 1 1 100 1 1 1 1 1 1 1 1 1 1 1 1 1 1 1 1 1 1 1 1 1 1 1 1 1 1 1 1 1 1 1 1 1 1 1 1 1 1 15 10 100 12 1 1 1 16 15 10 100 12 1 1 1 16 1 16 15 10 12 16 1 15 10 12 16 15 11 100 1 16 1 16 1 15 10 12 16 15 10 12 16 15 10 12 1 16 1 15 11 12 1 15 10 12 16 15 10 16 1 1 1 1 100 1 100 1 1
ciInstanceKlass java/security/AccessControlContext 1 1 373 9 7 12 1 1 1 9 12 1 1 10 100 12 1 1 1 8 1 10 100 12 1 1 1 10 7 12 1 1 1 9 12 1 9 12 1 1 9 12 1 1 10 7 12 1 1 100 1 10 12 1 11 100 12 1 1 1 11 12 1 11 12 1 11 12 1 1 7 1 11 12 1 1 10 12 1 10 7 12 1 1 1 9 100 12 1 1 1 10 100 12 1 1 1 11 100 12 1 1 1 10 7 1 100 1 8 1 10 12 1 10 12 1 1 7 1 10 7 12 1 1 1 9 12 1 9 12 1 9 12 1 9 12 1 1 9 12 1 1 9 12 1 9 12 1 10 7 12 1 1 1 9 12 1 10 12 1 1 10 12 1 1 8 1 10 12 1 1 10 12 1 1 10 100 12 1 1 1 100 1 10 10 12 1 1 10 100 12 1 1 1 10 8 1 10 100 12 1 1 8 1 10 100 12 1 1 8 1 8 1 10 12 1 8 1 10 12 1 8 1 10 12 1 10 12 1 10 12 1 1 8 1 8 1 100 1 10 12 1 10 12 1 1 100 1 10 12 1 8 1 10 12 1 10 12 1 10 8 1 10 12 1 1 10 12 1 1 10 12 1 1 10 12 1 1 10 12 1 10 12 1 10 12 1 10 12 1 1 10 10 10 12 1 1 1 1 1 1 1 1 1 1 1 1 1 1 1 1 1 1 1 1 1 1 1 1 100 1 1 1 1 1 1 1 1 1 1 1 1 1 1 1 1 1 1 1 1 1 1 1 1 1 1 1 1 1 1 1 1 1 1 1 1 1 1 1 1 1 1 1 1 1 1 1 1 1 1 1 1 3 1 1
ciInstanceKlass java/net/URL 1 1 743 10 7 12 1 1 1 10 12 1 10 7 12 1 1 9 12 1 1 9 12 1 10 100 12 1 1 1 10 12 1 1 10 12 1 1 9 12 1 1 10 7 12 1 1 1 8 1 10 12 1 1 100 1 10 10 12 1 1 8 1 10 12 1 1 9 12 1 100 1 8 1 10 12 1 10 12 1 8 1 9 12 1 10 12 1 1 9 12 1 10 12 1 10 12 1 9 12 1 9 12 1 8 1 9 12 1 10 12 1 1 8 1 9 12 1 1 10 12 1 1 10 7 12 1 1 1 8 1 10 12 1 7 1 10 12 1 10 12 1 10 12 1 10 12 1 1 10 12 1 1 8 1 10 12 1 1 10 12 1 8 1 9 12 1 8 1 10 12 1 10 7 12 1 1 1 100 1 10 12 1 10 12 1 1 10 7 12 1 1 1 100 1 8 1 10 10 12 1 8 1 10 12 1 1 10 12 1 10 12 1 10 12 1 10 12 1 10 12 1 8 1 10 12 1 10 10 7 12 1 1 1 10 12 1 9 100 12 1 1 1 10 100 12 1 1 1 9 12 1 1 10 12 1 10 100 12 1 1 1 100 1 100 1 10 12 1 10 12 1 10 12 1 10 12 1 10 12 1 10 12 10 10 10 12 1 100 1 10 12 1 10 12 1 1 8 1 9 100 12 1 1 1 10 100 12 1 1 1 10 12 1 1 9 100 12 1 1 1 10 12 1 1 100 1 10 12 1 10 12 1 10 10 12 1 1 10 12 1 1 10 12 1 10 12 1 10 12 1 10 7 12 1 1 1 10 12 1 1 10 12 1 9 12 1 1 9 12 1 1 100 1 8 1 10 10 12 1 9 12 1 1 10 7 12 1 1 8 1 10 7 12 1 1 8 1 10 12 1 1 10 12 1 8 1 8 1 10 7 12 1 1 1 100 1 10 100 12 1 1 1 10 12 1 10 12 1 100 1 10 9 12 1 1 10 7 12 1 1 8 1 10 12 1 1 100 1 10 10 100 12 1 1 1 8 9 100 12 1 1 1 10 12 1 10 12 1 10 12 1 10 12 1 10 7 12 1 1 11 7 12 1 1 10 12 1 10 12 1 9 12 1 10 12 1 1 10 100 12 1 1 10 100 12 1 1 1 8 10 100 12 1 1 100 1 10 8 8 10 12 1 8 8 8 100 1 10 12 1 9 12 1 1 10 12 1 10 12 1 1 10 12 1 10 12 10 12 1 1 10 12 1 1 10 10 10 12 1 10 12 1 10 12 1 10 12 1 10 12 1 10 10 12 1 100 1 8 1 10 10 10 12 1 1 10 12 1 10 12 1 1 8 1 7 1 10 10 10 7 1 10 12 1 9 7 12 1 1 1 9 12 1 1 7 1 10 10 7 12 1 1 1 100 1 1 1 1 1 5 0 1 1 1 1 1 1 1 1 1 1 1 1 1 1 1 1 1 1 1 1 1 1 1 1 1 1 1 1 1 1 1 1 1 1 1 1 1 1 1 100 1 1 1 1 1 1 1 1 1 1 1 1 1 1 1 1 1 1 1 1 1 1 1 1 1 1 1 1 1 1 1 1 1 1 1 1 1 100 1 1 1 1 1 1 1 1 1 1 1 1 1 1 1 1 100 1 1 1 1 1 1 1 1 1 1 1 1 1 1 1 1 1 1
staticfield java/net/URL defaultFactory Ljava/net/URLStreamHandlerFactory; java/net/URL$DefaultFactory
staticfield java/net/URL streamHandlerLock Ljava/lang/Object; java/lang/Object
staticfield java/net/URL serialPersistentFields [Ljava/io/ObjectStreamField; 7 [Ljava/io/ObjectStreamField;
ciInstanceKlass java/util/jar/Manifest 1 1 336 10 7 12 1 1 1 7 1 10 9 7 12 1 1 1 7 1 10 9 12 1 1 9 12 1 1 10 12 1 10 12 1 1 10 12 1 1 10 12 1 1 10 12 1 1 11 7 1 11 12 1 1 10 12 1 1 10 100 12 1 1 1 100 1 100 1 10 8 1 10 12 1 1 10 12 1 1 10 12 1 10 12 1 11 100 1 10 12 1 10 12 1 1 11 12 1 1 10 12 1 11 12 1 1 11 100 12 1 1 1 11 100 12 1 1 11 12 1 1 100 1 10 12 1 8 1 11 12 1 7 1 10 12 1 1 11 12 1 10 12 1 10 12 1 10 100 12 1 1 1 8 1 10 12 1 1 10 9 7 12 1 1 1 10 12 1 1 10 100 12 1 10 12 1 10 12 1 9 100 12 1 1 1 8 1 10 12 1 8 1 8 1 7 1 10 12 1 10 12 1 10 12 1 1 100 1 8 1 10 12 1 1 8 1 10 10 12 1 1 8 1 10 12 1 1 10 100 12 1 1 1 10 12 1 10 11 12 1 1 10 12 1 10 7 12 1 1 1 10 12 1 1 10 12 1 1 11 10 12 1 11 10 12 1 100 1 1 1 1 1 1 1 1 1 1 1 1 1 1 1 1 1 1 1 1 1 1 1 1 1 1 1 1 1 1 1 1 1 1 1 1 1 1 1 1 1 1 1 100 1 1 1 1 1 1 1 1 1 1 1 1 1 1 100 1 1 1 1 1 1 1 1 1 1 1
ciInstanceKlass java/lang/Iterable 1 1 62 10 7 12 1 1 1 11 7 12 1 1 1 11 7 12 1 1 1 11 12 1 1 11 7 12 1 1 1 10 7 12 1 1 1 100 1 1 1 1 1 1 1 1 1 1 1 1 1 1 1 1 1 1 1 1 1 1 1 1 1 1
instanceKlass java/util/Collections$SingletonMap
instanceKlass java/util/IdentityHashMap
instanceKlass java/util/TreeMap
instanceKlass java/util/EnumMap
instanceKlass java/util/WeakHashMap
instanceKlass java/util/Collections$EmptyMap
instanceKlass sun/util/PreHashedMap
instanceKlass java/util/HashMap
instanceKlass java/util/ImmutableCollections$AbstractImmutableMap
instanceKlass java/util/concurrent/ConcurrentHashMap
ciInstanceKlass java/util/AbstractMap 1 1 192 10 7 12 1 1 1 10 7 12 1 1 1 11 7 12 1 1 1 10 11 12 1 1 11 7 12 1 1 1 11 12 1 1 7 1 11 12 1 10 12 1 1 11 12 1 100 1 10 11 12 1 11 7 1 10 12 1 1 11 12 1 9 12 1 1 100 1 10 12 1 9 12 1 1 100 1 10 11 11 12 1 1 11 12 1 100 1 100 1 11 12 1 8 1 100 1 10 10 12 1 1 8 1 10 12 1 10 12 1 1 10 12 1 1 1 1 1 1 1 1 1 1 1 1 1 1 1 1 1 1 1 1 1 1 1 1 1 1 1 1 1 1 1 1 1 1 1 1 1 1 1 1 100 1 1 1 1 1 1 1 1 1 1 1 1 1 1 1 1 100 1 1 1 1 1 1 1 1 1 100 1 100 1 100 1 100 1 1 1 1 1
instanceKlass com/sun/tools/javac/model/FilteredMemberList
instanceKlass java/util/Collections$SingletonList
instanceKlass java/util/Vector
instanceKlass java/util/AbstractSequentialList
instanceKlass java/util/ArrayList$SubList
instanceKlass java/util/Arrays$ArrayList
instanceKlass java/util/Collections$EmptyList
instanceKlass java/util/ArrayList
ciInstanceKlass java/util/AbstractList 1 1 218 10 7 12 1 1 1 9 7 12 1 1 1 10 12 1 1 10 12 1 1 100 1 10 10 12 1 1 11 100 12 1 1 1 11 12 1 1 11 12 1 10 100 12 1 1 1 10 12 1 11 12 1 11 12 1 11 12 1 10 12 1 1 10 12 1 1 11 100 12 1 1 1 11 100 1 11 100 1 10 12 1 100 1 10 12 1 10 12 1 1 100 1 100 1 10 12 1 100 1 10 100 1 100 1 10 8 1 10 12 1 1 10 12 1 10 12 1 1 10 12 1 8 1 100 1 8 1 8 1 8 1 10 100 1 11 10 10 12 1 11 12 1 10 12 1 1 8 1 8 1 1 1 1 1 1 1 1 1 1 1 1 1 1 1 1 1 1 1 1 1 1 1 1 1 1 1 1 1 1 1 1 1 1 1 1 1 1 1 1 1 1 1 1 1 1 1 1 1 1 1 1 1 1 1 1 1 1 100 1 100 1 1 1 1 1 1 1
ciInstanceKlass java/lang/AssertionStatusDirectives 0 0 24 10 100 12 1 1 1 100 1 1 1 1 1 1 1 1 1 1 1 1 1 1 1 1
ciInstanceKlass java/lang/invoke/MethodHandleNatives$CallSiteContext 1 1 49 10 7 12 1 1 1 7 1 10 10 7 12 1 1 1 10 7 12 1 1 1 10 7 12 1 1 1 100 1 1 1 1 1 1 1 1 1 1 1 1 1 1 1 1 1 100 1 1
ciInstanceKlass jdk/internal/invoke/NativeEntryPoint 0 0 92 10 100 12 1 1 1 9 100 12 1 1 1 10 100 12 1 1 1 100 1 9 12 1 9 12 1 9 12 1 1 9 12 1 1 9 12 1 1 100 1 8 1 10 12 1 11 100 12 1 1 1 10 12 1 1 10 12 1 11 100 12 1 1 11 12 1 10 12 1 1 10 12 1 1 1 1 1 1 1 1 1 1 1 1 1 1 1 1 1 1 1
instanceKlass java/lang/invoke/VolatileCallSite
instanceKlass java/lang/invoke/MutableCallSite
instanceKlass java/lang/invoke/ConstantCallSite
ciInstanceKlass java/lang/invoke/CallSite 1 1 302 10 7 12 1 1 1 10 7 12 1 1 1 9 7 12 1 1 1 10 12 1 1 9 12 1 1 10 7 12 1 1 1 10 12 1 100 1 10 12 1 1 10 12 1 1 9 100 12 1 1 1 10 100 12 1 1 10 12 1 1 100 1 100 1 10 10 100 12 1 1 1 10 12 1 1 8 1 10 12 1 10 12 1 1 10 12 1 10 12 1 1 10 12 1 1 10 10 100 12 1 1 10 12 1 1 9 12 1 9 100 12 1 1 1 8 1 10 7 12 1 1 1 10 12 1 1 100 1 10 12 1 1 9 12 1 8 1 100 1 10 12 1 10 12 1 100 1 8 1 10 10 12 1 10 12 1 1 100 1 10 12 1 1 10 12 1 10 12 1 10 12 1 1 10 12 1 1 9 12 1 1 8 10 12 1 1 9 12 1 1 100 1 10 10 12 1 10 100 12 1 1 1 10 12 1 1 10 12 1 1 10 12 1 10 7 12 1 1 1 100 1 8 1 10 10 12 10 12 1 1 100 1 100 1 100 1 8 1 10 12 1 10 7 12 1 1 1 1 1 1 1 1 1 1 1 1 1 1 1 1 1 1 1 1 1 1 1 1 1 1 1 1 1 1 1 1 1 1 1 1 1 1 1 1 1 1 1 1 1 1 1 1 1 1 1 1 1 1 1 1 1
staticfield java/lang/invoke/CallSite $assertionsDisabled Z 1
ciInstanceKlass java/lang/invoke/VolatileCallSite 0 0 37 10 100 12 1 1 1 10 12 1 10 100 12 1 1 1 10 12 1 10 12 1 1 1 1 1 1 1 1 1 1 1 1 1 1 1 1
ciInstanceKlass java/lang/invoke/MethodType 1 1 771 7 1 10 7 12 1 1 1 9 12 1 1 9 12 1 1 9 12 1 1 10 7 12 1 1 1 9 7 12 1 1 8 1 10 100 12 1 1 1 9 7 1 9 7 1 10 12 1 1 100 1 10 8 1 10 12 1 1 10 12 1 10 12 1 1 100 1 8 1 10 12 1 100 1 10 10 12 1 10 12 1 1 10 12 1 1 11 7 12 1 1 1 9 12 1 11 12 1 1 7 7 1 10 7 12 1 1 1 10 12 1 9 12 1 1 10 7 12 1 1 10 12 1 1 10 7 12 1 1 1 10 7 12 1 1 1 10 12 1 9 12 1 1 10 12 1 1 100 1 10 12 1 1 10 12 1 1 10 12 1 1 10 12 1 1 10 12 1 1 10 12 1 10 12 1 10 12 1 1 10 12 1 8 1 8 1 10 12 1 1 9 12 1 1 100 1 10 10 12 1 1 10 12 1 10 12 1 1 10 12 1 1 10 12 1 10 12 1 1 10 12 1 8 1 10 12 1 1 10 100 12 1 1 1 10 12 1 10 12 1 1 10 12 1 10 12 1 10 12 1 1 10 12 1 10 12 1 9 12 1 10 12 1 10 10 12 1 1 10 12 1 9 12 1 1 10 12 1 1 10 12 1 1 10 12 1 1 10 12 1 1 7 1 10 12 10 12 1 10 12 1 100 1 8 1 8 1 8 1 10 12 1 10 12 1 10 12 1 10 11 12 1 1 11 12 1 10 100 12 1 1 1 9 12 1 10 12 1 10 12 1 1 10 12 1 1 10 12 1 10 12 1 10 100 12 1 1 1 10 12 1 1 10 12 1 10 12 1 10 12 1 10 9 12 1 1 7 1 10 12 1 10 12 1 1 9 100 12 1 1 1 10 100 12 1 1 1 10 100 12 1 1 1 10 12 1 1 10 100 12 1 1 1 10 12 1 1 8 1 10 7 12 1 1 1 11 12 1 1 9 12 1 1 10 12 1 1 10 12 1 10 12 1 1 10 12 1 1 10 100 12 1 1 100 1 10 12 1 1 11 100 12 1 1 1 18 12 1 1 11 12 1 1 18 12 1 11 12 1 100 1 11 100 12 1 1 10 12 1 100 1 10 12 1 10 100 12 1 1 10 12 1 1 9 12 1 1 9 100 12 1 1 1 10 100 12 1 1 1 9 12 1 10 100 12 1 1 10 12 1 100 10 12 1 1 10 12 1 10 7 1 7 1 9 12 1 1 100 1 100 1 100 1 1 1 5 0 1 1 1 1 1 1 1 3 1 3 1 3 1 1 1 1 1 1 1 1 1 1 1 1 1 1 1 1 1 1 1 1 1 1 1 1 1 1 1 1 1 1 1 1 1 1 1 1 1 1 1 1 1 1 1 1 1 1 1 1 1 1 1 1 1 1 1 1 1 1 1 1 1 1 1 1 1 1 1 1 1 1 1 1 1 1 1 1 1 1 1 1 1 1 1 1 1 1 1 1 1 1 1 1 1 1 1 1 1 1 1 1 1 1 1 1 1 1 1 1 1 1 1 1 1 1 1 1 1 1 1 1 1 1 1 1 1 1 1 100 1 100 1 1 1 1 1 1 1 1 1 1 1 1 1 100 1 1 1 100 1 1 1 1 1 1 1 1 1 1 1 1 1 1 1 1 1 1 1 1 1 15 10 100 12 1 1 1 16 15 10 12 16 16 15 10 12 16 1 1 1 1 100 1 1 100 1 1 100 1 100 1 1
staticfield java/lang/invoke/MethodType internTable Ljava/lang/invoke/MethodType$ConcurrentWeakInternSet; java/lang/invoke/MethodType$ConcurrentWeakInternSet
staticfield java/lang/invoke/MethodType NO_PTYPES [Ljava/lang/Class; 0 [Ljava/lang/Class;
staticfield java/lang/invoke/MethodType objectOnlyTypes [Ljava/lang/invoke/MethodType; 20 [Ljava/lang/invoke/MethodType;
staticfield java/lang/invoke/MethodType METHOD_HANDLE_ARRAY [Ljava/lang/Class; 1 [Ljava/lang/Class;
staticfield java/lang/invoke/MethodType serialPersistentFields [Ljava/io/ObjectStreamField; 0 [Ljava/io/ObjectStreamField;
staticfield java/lang/invoke/MethodType $assertionsDisabled Z 1
ciInstanceKlass java/lang/BootstrapMethodError 0 0 45 10 100 12 1 1 1 10 12 1 10 12 1 10 100 12 1 1 1 10 100 12 1 1 1 1 1 1 5 0 1 1 1 1 1 1 1 1 1 1 1 100 1 1 1
ciInstanceKlass java/lang/Record 0 0 22 10 100 12 1 1 1 100 1 1 1 1 1 1 1 1 1 1 1 1 1 1
ciInstanceKlass java/lang/ClassNotFoundException 1 1 96 7 1 10 7 12 1 1 1 10 12 1 10 12 1 1 10 100 12 1 1 1 8 1 10 100 12 1 1 1 10 7 12 1 1 10 100 12 1 1 1 10 100 12 1 1 1 10 12 1 1 7 1 10 12 1 9 12 1 1 1 1 1 5 0 1 1 1 1 1 1 1 1 1 1 1 1 1 1 1 1 1 1 100 1 1 1 1 1 1 1 1 1 1 1 1
staticfield java/lang/ClassNotFoundException serialPersistentFields [Ljava/io/ObjectStreamField; 1 [Ljava/io/ObjectStreamField;
ciInstanceKlass jdk/internal/loader/ClassLoaders$AppClassLoader 1 1 119 8 1 10 7 12 1 1 1 10 7 12 1 1 1 10 100 12 1 1 1 10 12 1 1 10 100 12 1 1 1 10 12 1 1 10 12 1 1 7 1 8 1 10 12 10 7 12 1 1 1 10 7 12 1 1 10 12 1 1 10 12 1 1 10 7 12 1 1 1 100 1 10 12 1 1 1 1 1 1 1 1 1 1 1 1 1 1 1 1 1 1 1 1 1 100 1 1 1 1 1 1 1 1 1 1 1 1 1 1 1 1 1 1 1 7 1 1 1
ciInstanceKlass jdk/internal/loader/ClassLoaders$PlatformClassLoader 1 1 42 8 1 10 7 12 1 1 1 10 7 12 1 1 1 100 1 10 12 1 100 1 1 1 1 1 1 1 1 1 1 1 1 1 1 100 1 1 1 100 1 1
ciInstanceKlass java/lang/ArithmeticException 1 1 26 10 100 12 1 1 1 10 12 1 100 1 1 1 1 5 0 1 1 1 1 1 1 1 1 1
ciInstanceKlass java/lang/NullPointerException 1 1 52 10 100 12 1 1 1 10 12 1 9 100 12 1 1 1 10 12 1 1 9 12 1 1 10 12 1 1 10 12 1 1 1 1 5 0 1 1 1 1 1 1 1 1 100 1 100 1 100 1 1 1
ciInstanceKlass java/lang/IllegalMonitorStateException 1 1 26 10 100 12 1 1 1 10 12 1 100 1 1 1 1 5 0 1 1 1 1 1 1 1 1 1
ciInstanceKlass java/lang/OutOfMemoryError 1 1 26 10 100 12 1 1 1 10 12 1 100 1 1 1 1 5 0 1 1 1 1 1 1 1 1 1
ciInstanceKlass java/lang/InternalError 0 0 34 10 100 12 1 1 1 10 12 1 10 12 1 10 12 1 100 1 1 1 1 5 0 1 1 1 1 1 1 1 1 1 1 1
ciInstanceKlass java/lang/ClassCastException 1 1 26 10 100 12 1 1 1 10 12 1 100 1 1 1 1 5 0 1 1 1 1 1 1 1 1 1
ciInstanceKlass java/lang/NoClassDefFoundError 0 0 26 10 100 12 1 1 1 10 12 1 100 1 1 1 1 5 0 1 1 1 1 1 1 1 1 1
instanceKlass java/nio/LongBuffer
instanceKlass java/nio/CharBuffer
instanceKlass java/nio/IntBuffer
instanceKlass java/nio/ByteBuffer
ciInstanceKlass java/nio/Buffer 1 1 224 100 1 10 7 12 1 1 1 9 7 12 1 1 1 9 12 1 9 12 1 1 9 12 1 9 12 1 1 10 12 1 1 10 12 1 1 10 12 100 1 100 1 10 8 1 10 12 1 1 10 12 1 8 1 8 1 10 12 1 1 10 12 1 8 1 9 12 1 1 100 1 8 1 10 12 1 8 1 8 1 9 12 10 12 1 8 1 8 1 8 1 10 12 1 8 1 8 1 8 1 100 1 10 100 1 10 100 1 10 100 1 10 10 100 12 1 1 1 10 11 100 12 1 1 10 7 12 1 1 1 10 7 12 1 1 1 9 12 1 1 10 7 12 1 1 1 9 12 1 1 7 1 10 10 7 12 1 1 1 1 1 3 1 1 1 1 1 1 1 1 1 1 1 1 1 1 1 1 1 1 100 1 1 1 1 1 1 1 1 1 1 1 1 1 1 1 1 1 1 1 1 1 1 1 1 1 1 1 1 1 1 1 1 1 1 1 1 1 1 1 1 1 1
staticfield java/nio/Buffer UNSAFE Ljdk/internal/misc/Unsafe; jdk/internal/misc/Unsafe
staticfield java/nio/Buffer SCOPED_MEMORY_ACCESS Ljdk/internal/misc/ScopedMemoryAccess; jdk/internal/misc/ScopedMemoryAccess
staticfield java/nio/Buffer $assertionsDisabled Z 1
ciInstanceKlass jdk/internal/misc/UnsafeConstants 1 1 34 10 100 12 1 1 1 9 7 12 1 1 1 9 12 1 9 12 1 1 9 12 1 9 12 1 1 1 1 1 1 1 1 1
staticfield jdk/internal/misc/UnsafeConstants ADDRESS_SIZE0 I 8
staticfield jdk/internal/misc/UnsafeConstants PAGE_SIZE I 4096
staticfield jdk/internal/misc/UnsafeConstants BIG_ENDIAN Z 0
staticfield jdk/internal/misc/UnsafeConstants UNALIGNED_ACCESS Z 1
staticfield jdk/internal/misc/UnsafeConstants DATA_CACHE_LINE_FLUSH_SIZE I 0
instanceKlass java/lang/invoke/DelegatingMethodHandle
instanceKlass java/lang/invoke/BoundMethodHandle
instanceKlass java/lang/invoke/DirectMethodHandle
ciInstanceKlass java/lang/invoke/MethodHandle 1 1 644 100 1 9 7 12 1 1 1 10 7 12 1 1 1 10 7 12 1 1 1 7 1 7 1 10 12 1 1 9 12 1 1 10 12 1 10 12 1 1 10 12 1 1 10 100 12 1 1 1 10 12 1 1 10 12 1 1 11 100 12 1 1 1 10 12 1 1 10 12 1 10 12 1 9 12 1 1 10 12 1 1 100 1 100 1 10 8 1 10 12 1 1 10 12 1 8 1 10 12 1 1 10 12 1 10 7 12 1 1 1 10 12 1 10 12 1 1 10 12 1 1 10 12 1 1 10 12 1 1 10 7 12 1 1 1 10 100 12 1 1 1 7 1 10 12 1 1 10 12 1 1 10 12 1 1 8 1 10 7 12 1 1 1 8 1 10 12 1 1 10 12 1 1 10 12 1 1 10 12 1 8 1 10 12 1 1 8 1 10 12 1 8 1 10 100 12 1 1 1 9 12 1 1 100 1 10 9 100 12 1 1 1 9 100 1 8 1 10 12 1 1 10 12 1 10 12 1 1 10 12 1 10 12 1 1 10 12 1 10 12 1 1 10 12 1 10 12 1 1 10 12 1 1 8 1 10 12 1 1 8 1 10 12 1 10 12 1 1 10 12 1 10 12 1 10 12 1 1 9 100 12 1 1 1 10 12 1 1 11 12 1 10 12 1 10 12 1 1 10 100 12 1 1 1 100 1 11 12 1 10 100 1 11 12 1 100 1 10 12 1 11 12 1 9 100 12 1 1 1 11 12 1 1 11 100 12 1 1 1 10 12 1 1 9 12 1 11 12 1 9 12 1 9 12 1 9 12 1 11 12 1 1 9 12 1 9 12 1 9 12 1 9 12 1 9 12 1 9 12 1 9 12 1 8 1 10 12 1 10 12 1 8 1 10 12 1 10 12 1 10 10 7 12 1 1 10 12 1 1 100 1 8 1 10 12 1 1 10 12 1 1 10 12 1 10 12 1 100 1 10 100 12 1 1 1 10 12 1 9 7 12 1 1 1 10 12 1 1 10 12 1 1 8 1 9 12 1 9 12 1 1 9 12 1 1 10 12 1 7 1 10 12 1 10 12 1 1 9 12 1 1 9 12 1 1 10 7 12 1 1 1 11 7 12 1 1 9 12 1 10 12 1 1 10 12 1 9 12 1 10 12 1 8 10 12 1 1 8 1 1 1 1 1 1 100 1 1 1 1 1 1 1 1 1 1 1 1 1 1 1 1 1 1 1 1 1 1 1 1 1 1 1 1 1 1 1 1 1 1 1 1 1 1 1 1 1 1 1 1 1 1 1 1 1 1 1 1 1 1 1 1 1 1 1 1 1 1 1 1 1 1 1 1 1 100 1 1 1 1 1 1 1 1 1 100 1 1 1 1 1 1 1 1 1 1 1 1 1 1 1 1 1 1 1 1 1 1 1 1 1 1 1 100 1 1 100 1 1 100 1 1 1 1
staticfield java/lang/invoke/MethodHandle FORM_OFFSET J 20
staticfield java/lang/invoke/MethodHandle UPDATE_OFFSET J 13
staticfield java/lang/invoke/MethodHandle $assertionsDisabled Z 1
ciInstanceKlass jdk/internal/reflect/CallerSensitive 0 0 17 100 1 100 1 100 1 1 1 1 1 1 1 1 1 1 1
ciInstanceKlass jdk/internal/reflect/NativeConstructorAccessorImpl 1 1 126 10 7 12 1 1 1 9 7 12 1 1 1 9 12 1 1 10 7 12 1 1 1 10 7 12 1 1 1 10 7 12 1 1 1 9 12 1 9 12 1 1 9 12 1 1 10 7 12 1 1 1 7 1 10 10 12 1 1 10 12 1 10 12 1 10 12 1 1 9 12 1 1 10 7 12 1 1 1 100 1 10 12 1 1 10 12 1 1 8 10 12 1 1 1 1 1 1 1 1 1 1 1 1 1 1 1 1 1 1 1 1 1 1 100 1 100 1 100 1 1 1 1 1 1 1
staticfield jdk/internal/reflect/NativeConstructorAccessorImpl U Ljdk/internal/misc/Unsafe; jdk/internal/misc/Unsafe
staticfield jdk/internal/reflect/NativeConstructorAccessorImpl GENERATED_OFFSET J 16
instanceKlass com/sun/tools/javac/comp/CompileStates
instanceKlass java/lang/ProcessEnvironment
instanceKlass java/util/LinkedHashMap
ciInstanceKlass java/util/HashMap 1 1 610 10 7 12 1 1 1 7 1 10 12 1 1 100 1 10 7 12 1 1 1 100 1 11 12 1 1 11 12 1 11 12 1 1 10 7 12 1 1 1 7 1 3 10 7 12 1 1 1 100 1 100 1 10 8 1 10 12 1 1 10 12 1 10 12 1 1 10 12 1 10 7 12 1 1 1 8 1 10 12 1 9 12 1 1 10 12 1 9 12 1 1 4 10 12 1 10 12 1 1 11 7 12 1 1 9 12 1 1 4 10 12 1 1 11 12 1 1 11 7 12 1 1 1 11 7 12 1 1 1 11 12 1 1 7 1 11 12 1 11 12 1 10 12 1 10 12 1 1 9 12 10 12 1 1 9 7 12 1 1 1 9 12 9 12 1 10 12 1 1 9 12 1 7 1 10 12 1 1 10 12 1 1 10 12 1 1 10 12 1 1 10 12 1 1 9 12 1 10 12 1 1 3 10 12 1 1 10 12 1 1 9 12 1 1 9 10 12 1 1 10 12 1 1 10 12 1 1 10 12 1 9 12 1 1 7 1 10 12 1 10 12 1 10 7 12 1 1 1 7 1 9 12 1 1 7 1 10 9 12 7 1 10 100 1 10 11 7 12 1 1 1 100 1 10 11 100 12 1 1 11 100 12 1 1 1 10 12 1 100 1 100 1 10 12 1 10 12 1 10 12 1 10 100 12 1 1 10 12 1 1 10 12 1 1 10 100 12 1 1 1 8 10 100 12 1 1 1 100 1 10 4 10 100 12 1 1 1 4 10 12 1 10 100 12 1 1 1 10 12 1 8 1 4 10 100 12 1 1 1 100 1 11 100 12 1 1 1 10 12 1 10 12 1 10 10 12 1 1 100 1 100 1 1 1 1 5 0 1 3 1 1 1 3 1 3 1 3 1 1 1 1 1 1 1 1 1 1 1 1 1 1 1 1 1 1 1 1 1 1 100 1 1 1 1 1 1 1 1 1 1 1 1 1 1 1 1 1 1 1 1 1 1 1 1 1 1 1 1 1 1 1 1 100 1 1 1 1 1 1 1 1 1 1 1 1 1 1 1 1 1 1 1 1 1 1 1 1 1 1 1 1 1 1 1 1 1 1 1 1 1 1 1 1 1 1 1 1 1 1 1 1 1 1 100 1 1 1 1 1 1 1 1 1 1 1 1 1 1 1 1 1 1 1 1 1 1 1 1 1 1 1 1 1 1 1 1 1 1 1 1 1 1 1 1 1 1 1 1 1 1 1 1 100 1 1 1 1 1 1 1 1 100 1 1 1 1 1 1 1 1 1 1 1 1 1 1 100 1 100 1 100 1 100 1 100 1 100 1 100 1 100 1 1 1 1 1 1 1 1 1 1 1 1 1 1 1 1 1 1
ciInstanceKlass java/util/LinkedHashMap 1 1 289 9 7 12 1 1 1 9 12 1 9 7 12 1 1 9 12 1 10 7 12 1 1 1 10 12 1 1 10 12 1 1 9 12 1 1 9 12 1 1 9 12 1 10 12 1 1 7 1 10 10 12 1 1 10 12 1 10 12 1 1 9 12 1 1 9 12 1 10 100 12 1 1 1 10 12 1 10 12 1 10 12 10 12 1 1 10 100 12 1 1 1 10 12 1 1 10 12 1 1 9 7 1 10 12 1 9 12 1 1 7 1 10 12 1 9 12 1 1 7 1 10 9 12 1 7 1 10 100 1 10 11 100 12 1 1 1 100 1 10 11 100 12 1 1 1 100 1 1 1 1 5 0 1 1 1 1 1 1 1 1 1 1 1 1 1 1 1 1 1 1 1 1 1 1 1 1 1 1 1 1 1 1 1 1 1 1 1 1 1 1 1 1 1 1 1 1 1 1 1 1 1 1 1 100 1 1 1 1 1 1 1 1 1 1 1 1 1 1 1 1 1 1 1 1 1 1 1 1 1 100 1 1 1 1 1 1 1 1 100 1 1 1 1 1 100 1 1 1 1 1 1 1 1 1 1 1 1 1 1 1 1 1 1 1 1 1 1 100 1 100 1 100 1 100 1 1 1 1 1 100 1 1 1 1 1 1 1 1
instanceKlass java/lang/invoke/DirectMethodHandle$Interface
instanceKlass java/lang/invoke/DirectMethodHandle$Constructor
instanceKlass java/lang/invoke/DirectMethodHandle$Accessor
ciInstanceKlass java/lang/invoke/DirectMethodHandle 1 1 940 7 1 7 1 100 1 7 1 7 1 10 7 12 1 1 1 10 7 12 1 1 1 100 1 10 12 1 10 12 1 1 10 7 12 1 1 10 12 1 1 10 12 1 10 12 1 7 1 10 12 1 1 10 12 1 1 10 12 1 10 12 1 1 10 7 12 1 1 1 10 12 1 9 12 1 1 100 1 10 9 12 1 1 9 12 1 10 12 1 10 12 1 10 12 1 1 10 12 1 10 12 1 10 12 1 10 7 12 1 1 1 10 12 1 10 12 1 1 8 1 10 12 1 1 100 1 10 12 1 7 1 10 10 12 1 10 12 1 10 12 1 10 7 12 1 1 1 10 12 1 1 100 1 10 12 1 10 12 1 7 1 10 12 1 10 12 1 1 10 12 1 1 10 12 1 8 10 100 12 1 1 1 10 12 1 10 12 1 10 12 1 1 10 12 1 9 7 12 1 1 1 7 1 10 12 1 10 7 12 1 1 1 10 12 1 10 12 1 1 9 12 1 1 100 1 10 8 1 10 12 1 1 10 12 1 10 12 1 10 10 12 1 10 12 1 10 12 1 10 12 1 10 12 1 1 10 12 1 10 12 1 1 10 12 1 10 12 1 1 10 10 7 12 1 1 1 10 12 1 10 12 1 1 10 12 1 10 12 1 1 8 1 9 7 12 1 1 1 8 1 9 12 1 9 12 1 8 1 9 12 1 9 12 1 8 1 9 12 1 9 12 1 8 1 10 12 1 10 12 1 1 9 12 1 1 7 1 10 12 1 1 100 1 10 7 12 1 1 1 10 12 1 1 10 12 1 10 12 1 1 7 1 10 12 1 1 10 12 1 10 12 1 1 7 1 10 12 1 1 10 7 12 1 1 1 10 12 1 10 12 1 10 12 1 9 12 1 1 10 7 1 9 12 9 12 1 10 7 12 1 1 1 10 12 1 7 1 7 1 7 1 9 12 1 1 10 7 12 1 10 12 1 1 10 12 1 100 1 10 12 1 10 12 1 1 9 100 12 1 1 1 10 12 1 1 100 1 10 100 12 1 1 1 10 12 1 10 12 1 8 1 9 12 1 9 12 1 10 12 1 9 12 1 1 10 100 12 1 1 1 9 12 1 1 9 12 1 1 10 12 1 10 12 1 10 12 1 10 12 1 10 12 1 1 10 12 1 10 7 12 1 1 9 12 1 10 12 1 10 12 1 10 12 1 10 12 1 1 10 12 1 1 9 12 1 1 10 12 1 1 9 7 12 1 1 1 9 12 1 9 12 1 9 12 1 9 12 1 9 12 1 9 12 1 9 12 1 9 12 1 9 12 1 9 12 1 9 12 1 9 12 1 9 12 1 9 12 1 9 12 1 9 12 1 9 12 1 9 12 1 9 12 1 9 12 1 9 12 1 9 12 1 9 12 1 9 12 1 9 12 1 9 12 1 9 12 1 9 12 1 9 12 1 9 12 1 9 12 1 9 12 1 9 12 1 9 12 1 9 12 1 9 12 1 8 1 9 12 1 1 9 12 1 1 10 12 1 10 12 1 1 9 7 1 10 12 1 9 12 1 1 10 12 10 12 1 10 12 1 10 12 1 10 8 1 8 1 8 1 8 1 10 12 1 1 9 12 1 1 10 12 1 10 100 12 1 1 1 8 9 12 1 1 10 12 1 1 8 1 8 8 9 12 1 8 1 8 8 8 8 8 1 8 10 12 1 10 12 1 8 1 8 1 10 12 1 10 12 1 10 12 1 10 12 1 1 7 1 1 1 1 3 1 3 1 3 1 3 1 3 1 3 1 3 1 3 1 3 1 3 1 1 1 1 1 1 1 1 1 1 3 1 3 1 1 1 1 3 1 1 1 1 1 1 1 1 1 1 1 1 1 1 1 1 1 1 1 1 1 1 1 1 1 1 1 1 1 1 1 1 1 1 1 1 1 1 1 1 1 1 1 1 1 1 1 1 1 1 1 1 1 1 1 1 100 1 1 1 1 1 1 1 1 1 1 1 1 100 1 1 1 1 1 1 1 1 1 1 1 1 1 1 1 1 1 1 1 1 1 1 1 1 1 1 1 1 1 1 1 1 1 1 1 1 1 1 1 1 1 1 1 1 1 1 1 1 1 1 1
staticfield java/lang/invoke/DirectMethodHandle IMPL_NAMES Ljava/lang/invoke/MemberName$Factory; java/lang/invoke/MemberName$Factory
staticfield java/lang/invoke/DirectMethodHandle FT_UNCHECKED_REF I 8
staticfield java/lang/invoke/DirectMethodHandle ACCESSOR_FORMS [Ljava/lang/invoke/LambdaForm; 132 [Ljava/lang/invoke/LambdaForm;
staticfield java/lang/invoke/DirectMethodHandle ALL_WRAPPERS [Lsun/invoke/util/Wrapper; 10 [Lsun/invoke/util/Wrapper;
staticfield java/lang/invoke/DirectMethodHandle NFS [Ljava/lang/invoke/LambdaForm$NamedFunction; 12 [Ljava/lang/invoke/LambdaForm$NamedFunction;
staticfield java/lang/invoke/DirectMethodHandle OBJ_OBJ_TYPE Ljava/lang/invoke/MethodType; java/lang/invoke/MethodType
staticfield java/lang/invoke/DirectMethodHandle LONG_OBJ_TYPE Ljava/lang/invoke/MethodType; java/lang/invoke/MethodType
staticfield java/lang/invoke/DirectMethodHandle $assertionsDisabled Z 1
ciInstanceKlass java/lang/invoke/LambdaForm 1 1 1052 100 1 9 7 12 1 1 1 10 7 12 1 1 1 10 7 12 1 1 9 12 1 1 9 12 1 1 10 12 1 1 100 1 10 9 12 1 10 12 1 1 9 12 1 10 7 12 1 1 1 9 12 1 9 12 1 9 12 1 1 9 12 1 10 12 1 1 7 1 10 12 1 10 100 12 1 1 1 10 100 12 1 1 1 10 12 1 10 12 1 1 9 100 12 1 1 1 10 12 1 1 9 12 1 10 12 1 1 10 12 1 10 12 1 1 10 12 1 1 10 100 12 1 1 1 7 1 10 10 12 1 1 8 1 10 12 1 10 12 1 10 12 1 1 7 1 10 7 12 1 1 1 10 12 1 1 10 12 1 10 12 1 1 9 12 1 1 9 12 1 9 12 1 1 10 12 1 9 12 1 10 100 12 1 1 1 10 12 1 1 10 12 1 9 12 1 1 10 100 12 1 1 1 10 12 1 10 12 1 10 12 1 10 12 1 10 12 1 10 12 1 1 10 12 1 10 12 1 1 8 1 10 12 1 10 12 1 8 1 8 1 9 12 1 9 12 1 9 12 1 1 10 12 1 1 10 12 1 9 12 1 10 12 1 1 10 7 12 1 1 1 10 12 1 1 10 12 1 10 12 1 10 12 1 1 9 12 1 10 12 1 8 1 8 1 8 1 8 1 8 1 8 1 8 1 8 1 10 12 1 9 12 1 7 1 10 12 1 1 9 12 1 10 12 1 10 12 1 1 10 12 10 12 1 10 12 1 1 10 12 1 1 10 10 12 1 1 10 12 1 1 7 1 8 1 10 12 1 1 10 12 1 10 12 1 1 10 8 1 10 12 1 1 8 1 8 1 8 1 10 12 1 9 12 1 1 10 12 1 1 10 12 1 1 100 1 10 12 1 1 10 12 1 10 7 12 1 1 1 10 12 1 1 9 12 1 1 8 1 10 100 12 1 1 1 10 7 12 1 1 10 12 10 10 12 1 1 9 12 1 8 10 12 1 1 100 1 10 12 1 1 10 12 1 9 7 12 1 1 9 12 1 1 8 1 10 100 12 1 1 10 12 1 1 100 1 100 1 10 10 12 1 1 10 12 1 1 8 1 8 1 100 1 8 1 10 12 10 12 1 10 12 1 10 12 1 1 8 1 8 1 9 100 12 1 1 1 10 12 1 10 12 1 1 8 1 8 1 8 1 100 1 8 1 100 1 8 1 100 1 8 1 10 12 1 8 1 9 10 7 12 1 1 1 10 12 1 9 12 1 1 10 12 1 10 10 12 1 10 12 1 10 12 1 10 12 1 1 10 12 1 10 12 1 1 10 12 1 1 10 12 1 1 8 1 100 10 12 1 10 12 1 9 12 1 1 10 7 12 1 1 8 1 8 1 100 1 8 1 8 1 8 1 8 1 8 1 8 1 8 1 8 1 10 12 1 1 10 12 1 1 10 12 1 10 12 1 8 1 8 1 8 1 10 12 1 8 1 10 12 1 8 1 8 1 8 1 8 1 8 1 10 12 1 10 12 1 10 12 1 1 10 7 12 1 1 1 10 12 1 10 12 1 10 12 1 10 12 1 10 12 1 10 12 1 10 12 1 9 12 1 1 8 1 10 12 1 1 9 12 1 1 10 12 1 1 9 12 1 9 12 1 1 9 12 1 9 12 1 1 7 1 10 7 12 1 1 1 9 12 1 10 12 1 10 12 1 8 1 10 12 1 9 12 1 1 7 1 10 7 12 1 1 1 8 1 100 1 10 12 1 9 12 1 9 12 1 10 12 1 10 12 1 10 7 12 1 1 1 10 12 1 9 7 12 1 1 10 12 1 1 10 12 1 10 12 1 9 12 10 12 1 10 10 12 1 9 9 12 1 7 9 12 1 1 10 12 1 1 9 12 1 10 12 1 10 7 1 9 1 1 1 1 3 1 3 1 3 1 1 1 1 1 1 1 1 1 1 1 1 1 1 1 1 1 1 1 1 1 1 1 1 1 1 1 1 1 1 1 1 1 1 1 1 1 1 1 1 1 1 1 1 1 1 1 1 1 1 1 1 1 1 1 1 100 1 1 1 1 1 1 1 1 1 1 1 1 1 1 1 1 1 1 1 1 1 1 1 1 1 1 1 1 1 1 1 1 1 1 1 1 1 1 1 1 1 1 1 1 1 1 1 1 1 1 1 1 1 1 1 1 1 1 1 100 1 1 1 1 1 1 1 1 1 1 1 1 1 1 1 1 1 1 1 1 1 1 1 1 1 1 1 1 1 1 1 1 1 1 100 1 1 1 1 1 1 1 1 1 1 1 1 1 1 1 1 1 1 1 1 1 1 100 1 1 1 100 1 1 100 1 1 1 1 1 1 1 1 1 1 1
staticfield java/lang/invoke/LambdaForm COMPILE_THRESHOLD I 0
staticfield java/lang/invoke/LambdaForm INTERNED_ARGUMENTS [[Ljava/lang/invoke/LambdaForm$Name; 5 [[Ljava/lang/invoke/LambdaForm$Name;
staticfield java/lang/invoke/LambdaForm IMPL_NAMES Ljava/lang/invoke/MemberName$Factory; java/lang/invoke/MemberName$Factory
staticfield java/lang/invoke/LambdaForm LF_identity [Ljava/lang/invoke/LambdaForm; 6 [Ljava/lang/invoke/LambdaForm;
staticfield java/lang/invoke/LambdaForm LF_zero [Ljava/lang/invoke/LambdaForm; 6 [Ljava/lang/invoke/LambdaForm;
staticfield java/lang/invoke/LambdaForm NF_identity [Ljava/lang/invoke/LambdaForm$NamedFunction; 6 [Ljava/lang/invoke/LambdaForm$NamedFunction;
staticfield java/lang/invoke/LambdaForm NF_zero [Ljava/lang/invoke/LambdaForm$NamedFunction; 6 [Ljava/lang/invoke/LambdaForm$NamedFunction;
staticfield java/lang/invoke/LambdaForm createFormsLock Ljava/lang/Object; java/lang/Object
staticfield java/lang/invoke/LambdaForm DEBUG_NAME_COUNTERS Ljava/util/HashMap; null
staticfield java/lang/invoke/LambdaForm DEBUG_NAMES Ljava/util/HashMap; null
staticfield java/lang/invoke/LambdaForm TRACE_INTERPRETER Z 0
staticfield java/lang/invoke/LambdaForm $assertionsDisabled Z 1
ciInstanceKlass java/lang/invoke/MethodHandleNatives 1 1 684 100 1 10 7 12 1 1 1 9 7 12 1 1 1 10 12 1 1 100 1 10 10 12 1 1 10 12 1 10 12 1 8 1 8 1 8 1 8 1 8 1 8 1 8 1 8 1 8 1 8 1 10 12 1 1 7 1 10 7 12 1 1 1 10 100 12 1 1 1 7 1 10 10 12 1 1 8 1 10 12 1 8 1 10 12 1 1 8 1 10 12 1 1 9 100 12 1 1 1 8 1 10 100 12 1 1 1 100 1 10 12 100 1 100 1 8 1 7 1 10 10 12 1 7 1 9 7 12 1 1 10 12 1 1 10 12 1 10 7 12 1 1 1 7 1 10 12 1 1 10 7 12 1 1 1 10 12 1 10 12 1 1 10 12 1 1 9 12 1 8 1 10 12 1 8 1 10 12 1 8 1 8 1 8 1 100 1 10 12 1 8 1 10 12 1 1 10 12 1 10 100 12 1 1 1 100 1 8 1 10 100 12 1 1 1 7 1 8 1 10 12 1 8 1 8 1 8 1 8 1 8 1 10 12 1 1 10 12 1 1 10 12 1 10 12 1 1 10 12 1 1 7 1 10 12 1 100 1 100 1 10 12 1 10 12 1 8 1 8 1 10 10 12 1 1 10 12 1 1 8 1 10 100 12 1 1 1 8 1 8 1 10 12 1 1 10 7 12 1 1 1 100 1 10 12 1 1 7 1 9 12 1 1 10 7 12 1 1 1 10 10 12 1 9 12 1 10 12 1 1 9 12 1 9 12 1 10 12 1 1 10 12 1 10 12 1 1 7 1 7 1 10 12 1 1 10 12 1 10 12 1 1 10 7 12 1 1 1 10 12 1 8 1 10 12 1 10 12 1 10 12 1 1 10 12 1 10 7 12 1 1 1 10 12 1 1 100 1 8 1 10 9 7 12 1 1 1 10 12 1 1 10 12 1 1 100 1 10 12 1 1 10 12 1 1 100 1 100 1 10 10 100 1 100 1 10 100 1 10 10 12 1 1 10 100 1 10 12 1 10 12 1 10 12 1 1 10 12 1 1 10 12 1 1 10 12 1 10 12 1 1 10 8 1 100 1 10 12 1 10 12 1 10 12 1 10 12 1 10 12 1 1 10 12 1 9 12 1 1 10 7 12 1 1 1 9 12 1 1 11 7 12 1 1 1 10 12 1 10 12 1 10 10 12 1 10 7 12 1 1 1 1 1 1 1 1 1 1 1 1 1 1 1 100 1 1 1 1 1 1 1 1 1 1 1 1 1 1 1 1 1 1 1 1 1 1 1 1 1 1 1 1 1 1 1 1 1 1 1 1 1 1 1 1 1 1 1 1 1 1 1 1 1 1 1 1 1 1 1 1 1 1 1 1 1 1 1 1 1 1 1 1 1 1 1 1 1 1 1 1 1 1 1 1 1 1 1 1 1 1 1 1 1 1 1 1 1 1 1 1 1 1 100 1 1 1 1 1 1 1 1 1 1 1 1 1 1 1 1 1 1 1 1 1 1 1 1 1 1 1 1 100 1 1 1 1 1 1 1 100 1 1 1
staticfield java/lang/invoke/MethodHandleNatives JLA Ljdk/internal/access/JavaLangAccess; java/lang/System$2
staticfield java/lang/invoke/MethodHandleNatives $assertionsDisabled Z 1
ciInstanceKlass jdk/internal/reflect/ConstantPool 1 1 142 10 100 12 1 1 1 9 7 12 1 1 1 10 12 1 1 10 12 1 1 10 12 1 10 12 1 1 10 12 1 1 10 12 1 10 12 1 1 10 12 1 10 12 1 1 10 12 1 10 12 1 10 12 1 10 12 1 1 10 12 1 1 10 12 1 1 10 12 1 1 10 12 1 10 12 1 1 10 100 12 1 1 1 8 11 7 12 1 1 1 10 7 12 1 1 1 1 1 1 1 1 1 1 1 1 1 1 1 1 1 1 1 1 1 1 1 1 1 1 1 1 1 1 1 1 1 1 1 1 1 1 1 1 1 1 1 1 1 1 1 1
instanceKlass jdk/internal/reflect/UnsafeQualifiedStaticFieldAccessorImpl
ciInstanceKlass jdk/internal/reflect/UnsafeStaticFieldAccessorImpl 1 1 47 10 7 12 1 1 1 9 7 12 1 1 1 10 7 12 1 1 1 9 12 1 1 8 11 7 12 1 1 1 10 7 12 1 1 1 1 1 1 1 1 1 1 1 1 1 1
instanceKlass jdk/internal/reflect/UnsafeFieldAccessorImpl
ciInstanceKlass jdk/internal/reflect/FieldAccessorImpl 1 1 59 10 7 12 1 1 1 100 1 100 1 1 1 1 1 1 1 1 1 100 1 1 1 1 1 1 1 1 1 1 1 1 1 1 1 1 1 1 1 100 1 1 1 1 1 1 1 1 1 1 1 1 1 1 1 1 1 1 1
instanceKlass jdk/internal/reflect/UnsafeQualifiedFieldAccessorImpl
instanceKlass jdk/internal/reflect/UnsafeObjectFieldAccessorImpl
instanceKlass jdk/internal/reflect/UnsafeStaticFieldAccessorImpl
ciInstanceKlass jdk/internal/reflect/UnsafeFieldAccessorImpl 1 1 254 10 7 12 1 1 1 9 7 12 1 1 1 10 7 12 1 1 1 10 7 12 1 1 1 9 12 1 1 10 7 12 1 1 1 9 12 1 1 10 12 1 10 12 1 9 12 1 10 12 1 1 10 7 12 1 1 10 7 12 1 1 1 10 12 1 1 100 1 10 10 12 1 1 10 12 1 1 8 1 10 10 12 1 100 1 8 1 10 12 1 8 1 10 12 1 8 1 10 12 1 100 1 10 12 1 1 10 8 1 10 12 1 1 8 1 10 100 12 1 1 8 1 10 100 12 1 1 8 1 10 100 12 1 1 8 1 10 100 12 1 1 8 1 10 100 12 1 1 8 1 10 100 12 1 1 8 1 10 100 12 1 1 8 1 10 100 12 1 1 10 12 1 1 8 1 8 1 8 1 8 1 8 1 8 1 10 100 12 1 1 1 8 1 8 1 8 1 10 12 10 12 1 1 1 1 1 1 1 1 1 1 1 1 1 1 1 1 1 1 1 1 1 1 1 1 1 1 1 1 1 1 1 1 1 1 1 1 1 1 1 1 1 1 1 1 1 1 1 1 1 1 1 1
staticfield jdk/internal/reflect/UnsafeFieldAccessorImpl unsafe Ljdk/internal/misc/Unsafe; jdk/internal/misc/Unsafe
ciInstanceKlass java/lang/invoke/ConstantCallSite 1 1 65 10 7 12 1 1 1 9 7 12 1 1 1 9 12 1 1 10 7 12 1 1 1 10 12 1 100 1 10 12 9 12 1 1 100 1 10 10 12 1 1 10 12 1 1 1 1 1 1 1 1 1 1 1 1 1 100 1 1 1 1 1 1 1 1
staticfield java/lang/invoke/ConstantCallSite UNSAFE Ljdk/internal/misc/Unsafe; jdk/internal/misc/Unsafe
ciInstanceKlass java/lang/invoke/MutableCallSite 0 0 63 10 100 12 1 1 1 10 12 1 9 100 12 1 1 1 10 12 1 10 12 1 1 9 12 1 1 10 100 12 1 1 1 10 100 12 1 1 1 10 12 1 1 1 1 1 1 1 1 1 1 1 1 1 1 1 1 1 1 100 1 1 1
instanceKlass java/lang/invoke/VarHandleInts$FieldInstanceReadOnly
ciInstanceKlass java/lang/invoke/VarHandle 1 1 390 10 7 12 1 1 1 10 7 12 1 1 9 12 1 1 9 12 1 1 100 1 10 8 1 10 12 1 1 10 7 12 1 1 1 10 12 1 1 10 100 12 1 1 1 9 100 12 1 1 1 10 12 1 1 10 100 12 1 1 1 10 12 1 1 9 12 1 10 12 1 9 12 1 1 10 100 12 1 1 10 12 1 9 100 12 1 1 1 9 12 1 1 10 12 1 1 100 1 100 1 10 8 1 10 12 1 1 10 12 1 8 1 10 12 1 10 12 1 10 12 1 1 9 100 12 1 1 1 10 12 1 10 12 1 1 10 12 1 10 10 100 12 1 1 1 10 12 1 1 10 12 1 1 10 100 12 1 1 1 10 100 12 1 1 1 10 100 12 1 1 1 9 12 1 1 10 9 12 1 1 10 12 1 10 12 1 10 12 1 1 10 12 1 10 100 12 1 1 1 9 12 1 1 10 12 1 1 9 12 1 10 12 1 10 12 1 10 100 12 1 1 100 1 10 9 7 12 1 1 1 9 12 1 1 10 7 12 1 1 1 10 12 1 10 12 1 10 12 1 10 12 1 10 12 1 10 12 1 1 7 1 10 10 7 12 1 1 1 9 12 1 1 8 10 12 1 1 7 1 10 12 1 1 100 1 1 1 1 1 1 1 1 1 1 1 1 1 1 1 1 1 1 1 1 1 1 1 1 1 1 1 1 1 1 1 1 1 1 1 1 1 1 1 1 1 1 1 1 1 1 1 1 1 1 1 1 1 1 1 1 1 1 1 1 1 1 1 1 1 1 1 1 1 1 1 1 1 1 1 1 1 1 1 1 1 1 1 1 1 1 1 1 1 100 1 100 1 100 1 1 1 1 1 1 1 100 1 1 1
staticfield java/lang/invoke/VarHandle AIOOBE_SUPPLIER Ljava/util/function/BiFunction; jdk/internal/util/Preconditions$1
staticfield java/lang/invoke/VarHandle VFORM_OFFSET J 16
staticfield java/lang/invoke/VarHandle $assertionsDisabled Z 1
ciInstanceKlass java/lang/invoke/MemberName 1 1 757 7 1 7 1 100 1 9 12 1 1 10 7 12 1 1 1 9 12 1 1 10 12 1 1 10 12 1 1 10 12 1 1 10 12 1 10 12 1 1 10 7 12 1 1 1 10 12 1 9 100 12 1 1 10 12 1 100 1 100 1 10 12 1 8 1 10 12 1 1 10 12 1 10 12 1 1 10 12 1 9 12 1 1 8 1 10 100 12 1 1 1 7 1 10 10 12 1 1 100 1 100 1 10 12 1 1 9 12 1 1 100 1 8 1 10 12 1 10 12 1 10 12 1 10 12 1 10 12 1 1 10 12 1 10 12 1 10 12 1 1 10 12 1 1 10 12 1 8 1 8 1 8 1 10 100 12 1 1 1 10 12 1 9 12 1 1 3 10 12 1 10 12 1 10 12 1 10 10 7 12 1 1 1 10 12 1 10 12 1 10 12 1 10 12 1 7 1 8 10 12 1 1 10 12 1 1 8 1 9 100 1 8 9 100 1 10 12 1 1 10 12 1 10 12 1 8 1 10 12 1 1 10 12 1 10 12 1 10 12 1 10 12 1 1 100 1 10 12 1 1 10 12 1 8 1 10 12 1 10 12 1 8 1 10 12 1 1 10 12 1 1 100 1 10 12 1 1 10 12 8 1 8 1 100 1 10 12 1 10 100 12 1 1 1 100 1 10 12 10 12 1 10 12 1 10 12 1 10 12 1 10 10 12 1 10 12 1 10 12 1 3 10 12 1 3 10 12 1 3 3 3 3 3 3 3 100 1 10 12 1 10 7 12 1 1 1 10 12 1 3 9 12 1 10 12 1 1 3 10 12 1 10 10 7 12 1 1 1 10 12 1 1 10 100 1 10 10 12 1 10 12 1 10 12 1 10 10 12 1 1 10 12 1 10 12 1 10 12 1 100 1 10 10 10 12 100 1 10 10 10 12 1 1 10 12 1 1 10 10 12 1 8 10 100 1 10 12 1 10 100 1 10 12 1 10 12 1 10 12 1 10 10 12 1 10 12 1 1 10 12 1 1 10 12 1 10 12 1 10 12 1 100 1 10 12 1 1 100 1 8 1 10 7 1 10 12 1 10 12 10 12 1 1 10 12 1 10 12 1 8 1 8 1 8 1 8 1 10 12 1 10 12 1 10 12 1 1 8 1 8 1 10 12 1 8 1 10 10 12 1 10 12 1 8 1 8 1 10 10 12 1 8 1 10 100 12 1 1 1 8 1 10 12 1 10 12 1 1 10 12 1 8 1 8 1 8 1 8 1 100 1 10 8 1 8 1 8 1 8 1 10 12 1 100 1 100 1 100 1 10 100 1 10 100 1 10 100 12 1 1 1 9 7 12 1 1 1 100 1 100 1 1 1 1 1 1 1 3 1 3 1 3 1 3 1 3 1 3 1 1 1 1 1 1 1 1 3 1 3 1 1 1 1 3 1 1 1 1 1 1 1 1 1 1 1 1 1 1 1 1 1 1 1 1 1 1 1 1 1 1 1 1 1 1 1 1 1 1 1 1 1 1 1 1 1 1 1 1 1 1 1 1 1 1 1 1 1 1 1 1 1 1 1 1 1 1 1 1 1 1 1 1 1 1 1 1 1 1 1 1 1 1 1 1 1 1 1 1 1 1 1 1 1 1 1 1 1 1 1 1 1 1 1 1 1 1 1 1 1 1 100 1 1 1 1 1 1 1 1 1 1 1 1 1 1 1
staticfield java/lang/invoke/MemberName $assertionsDisabled Z 1
ciInstanceKlass java/lang/invoke/ResolvedMethodName 1 1 16 10 100 12 1 1 1 100 1 1 1 1 1 1 1 1
ciInstanceKlass java/lang/StackWalker 0 0 235 9 100 12 1 1 1 10 100 12 1 1 1 100 1 10 100 12 1 1 1 10 12 1 1 11 100 12 1 1 1 10 12 1 1 10 12 1 1 10 12 1 1 100 1 8 1 10 12 1 10 12 1 10 12 1 10 100 12 1 1 9 12 1 1 9 12 1 1 9 12 1 1 9 12 1 1 10 12 1 1 9 12 1 1 10 100 12 1 1 1 11 12 1 1 100 1 8 1 10 10 100 12 1 1 9 12 1 1 10 12 1 1 10 100 12 1 1 1 10 100 12 1 1 1 18 12 1 1 100 1 8 1 10 10 12 1 1 10 100 12 1 1 1 9 100 12 1 1 11 100 12 1 1 1 10 12 1 1 1 1 1 1 1 1 1 1 1 1 1 1 1 1 1 1 1 1 1 1 1 1 1 1 1 1 1 1 1 1 1 1 1 1 1 1 1 1 1 1 1 1 1 1 1 1 1 1 1 100 1 1 15 10 100 12 1 1 1 16 15 10 12 16 1 1 1 1 1 1 1 100 1 100 1 1
ciInstanceKlass java/lang/StackStreamFactory$AbstractStackWalker 1 0 306 100 1 100 1 3 10 100 12 1 1 1 10 100 12 1 1 10 100 12 1 1 1 9 12 1 1 10 12 1 1 9 12 1 1 9 12 1 1 9 12 1 1 9 12 1 9 100 12 1 1 1 10 100 12 1 1 1 10 12 1 1 9 12 1 1 10 100 12 1 1 1 10 12 1 1 9 12 1 1 9 100 12 1 1 1 100 1 10 8 1 10 12 1 1 10 12 1 8 1 10 12 1 1 10 100 12 1 1 1 100 1 8 1 10 12 1 8 1 10 12 9 100 12 1 1 1 10 100 12 1 1 9 12 1 8 1 5 0 8 1 8 1 9 12 1 1 10 12 1 1 10 12 1 1 10 12 1 9 12 1 10 12 1 10 12 1 10 12 1 10 12 1 1 10 12 1 10 12 1 1 8 1 10 12 1 10 12 1 10 12 1 10 12 1 1 8 1 10 12 1 1 10 12 1 1 10 12 1 1 10 12 1 10 12 1 10 100 12 1 1 1 9 12 1 8 1 10 12 1 10 12 1 10 12 1 10 12 1 10 12 1 10 12 1 10 12 1 1 10 12 1 1 10 12 1 1 10 12 1 8 1 1 1 1 1 1 1 1 1 1 1 1 1 1 1 1 1 1 100 1 1 1 1 100 1 1 1 1 1 1 1 1 1 1 1 1 1 1 1 1 1 1 1 1 1
ciInstanceKlass jdk/internal/module/Modules 1 1 504 10 100 12 1 1 1 9 7 12 1 1 1 11 7 12 1 1 1 11 12 1 1 11 12 1 1 11 12 1 1 11 12 1 11 12 1 11 12 1 11 12 1 11 12 1 1 10 100 12 1 1 1 10 100 12 1 1 1 18 12 1 1 10 100 12 1 1 1 100 1 10 100 12 1 1 1 10 100 12 1 1 1 10 100 12 1 1 10 12 1 1 11 12 1 9 12 1 1 11 7 12 1 1 1 10 12 1 1 10 10 12 1 10 9 12 1 1 10 100 12 1 1 10 12 1 1 10 100 12 1 1 100 1 11 100 12 1 1 1 10 100 12 1 1 1 11 100 12 1 1 10 12 1 1 10 100 12 1 1 10 100 12 1 1 1 10 12 1 1 10 12 1 1 11 12 1 1 18 12 1 1 11 100 12 1 1 10 100 12 1 1 1 11 100 12 1 1 1 100 1 11 12 1 1 11 100 12 1 1 1 11 12 1 1 10 12 1 1 10 100 12 1 1 18 12 1 1 11 12 1 1 18 12 1 1 11 12 1 1 10 12 1 18 18 10 12 1 1 9 12 1 1 11 100 12 1 1 1 100 1 10 11 12 1 11 12 1 1 11 12 1 1 10 100 1 10 12 1 1 10 100 12 1 1 10 12 1 1 11 12 10 12 1 1 100 1 10 18 12 1 10 12 1 1 100 1 8 1 10 12 1 10 100 12 1 1 18 12 1 11 11 12 10 12 1 10 10 100 1 18 12 1 10 10 10 7 12 1 1 10 7 12 1 1 1 10 12 1 1 1 1 1 1 1 1 1 1 1 1 1 1 1 1 1 1 1 1 1 1 1 1 1 1 1 1 1 1 1 1 1 100 1 1 1 1 1 1 1 1 1 1 1 1 1 1 1 1 1 1 1 1 1 1 1 1 1 1 1 1 1 1 1 1 1 1 1 100 1 1 1 1 1 1 1 1 1 1 1 1 1 1 1 1 1 1 1 1 1 1 1 15 10 100 12 1 1 1 16 15 10 12 1 16 16 15 10 12 1 16 1 16 1 15 10 12 1 16 1 16 1 15 10 12 16 1 15 10 16 1 15 10 12 16 1 15 10 12 16 15 10 12 16 15 10 12 1 1 1 100 1 100 1 1
staticfield jdk/internal/module/Modules JLA Ljdk/internal/access/JavaLangAccess; java/lang/System$2
staticfield jdk/internal/module/Modules JLMA Ljdk/internal/access/JavaLangModuleAccess; java/lang/module/ModuleDescriptor$1
staticfield jdk/internal/module/Modules $assertionsDisabled Z 1
ciInstanceKlass java/util/Collections$EmptyMap 1 1 125 10 7 12 1 1 1 10 7 12 1 1 1 100 1 11 12 1 1 10 100 12 1 1 1 100 1 10 9 12 1 1 100 1 100 1 1 1 1 5 0 1 1 1 1 1 1 1 1 1 1 1 1 1 1 1 1 1 1 1 1 1 1 1 1 1 1 1 1 1 1 1 1 1 1 1 1 1 1 1 1 1 1 1 1 1 1 1 1 1 1 1 1 1 1 1 1 1 1 1 1 1 1 1 1 1 1 1 1 1 1 1 1 1 1 1 1 1 1 1 1 1 100 1 1
ciMethod java/lang/Iterable iterator ()Ljava/util/Iterator; 0 0 1 0 -1
ciMethod java/util/Set contains (Ljava/lang/Object;)Z 0 0 1 0 -1
ciMethod java/util/Map get (Ljava/lang/Object;)Ljava/lang/Object; 0 0 1 0 -1
ciMethod java/lang/String format (Ljava/lang/String;[Ljava/lang/Object;)Ljava/lang/String; 0 0 1 0 -1
ciMethod java/lang/Enum ordinal ()I 356 0 178 0 0
ciMethod java/util/Iterator hasNext ()Z 0 0 1 0 -1
ciMethod java/util/Iterator next ()Ljava/lang/Object; 0 0 1 0 -1
ciMethod java/lang/Object <init> ()V 1024 0 8345841 0 128
ciInstanceKlass com/sun/tools/javac/util/JCDiagnostic$DiagnosticPosition 1 0 19 100 1 100 1 1 1 1 1 1 1 1 1 1 1 100 1 1 1
ciInstanceKlass com/sun/tools/javac/util/Assert 1 1 82 10 100 12 1 1 1 10 100 12 1 1 1 10 12 1 10 12 1 10 12 1 11 100 12 1 1 1 100 1 10 12 1 10 12 1 10 100 1 1 1 1 1 1 1 1 1 1 1 1 1 1 1 1 1 1 1 1 1 1 1 1 1 1 1 1 1 1 1 1 1 1 1 1 1 1 1 1 1 1 1 1
instanceKlass com/sun/tools/javac/util/List$1
ciInstanceKlass com/sun/tools/javac/util/List 1 1 448 10 7 12 1 1 1 9 7 12 1 1 1 9 12 1 1 9 12 1 10 7 12 1 1 1 10 12 1 1 10 12 1 1 11 7 12 1 1 1 11 12 1 1 10 7 12 1 1 1 10 12 1 1 10 12 1 7 1 10 10 12 1 10 12 1 1 10 12 1 10 12 1 10 12 1 10 12 1 10 12 1 1 11 7 1 10 12 1 1 10 12 1 10 12 1 1 10 12 1 10 12 1 1 10 12 1 10 12 1 10 12 1 1 10 7 12 1 1 10 12 1 10 7 12 1 1 1 100 1 10 12 1 1 8 1 7 1 10 10 12 1 10 12 1 10 12 1 1 8 1 10 12 1 10 12 1 10 12 1 100 1 11 11 7 12 1 1 10 12 1 9 12 1 1 10 12 1 7 1 10 12 1 100 1 10 100 12 1 1 1 10 12 1 8 1 10 12 1 8 1 11 100 1 100 1 10 100 1 10 12 1 10 100 12 1 1 1 11 12 1 1 11 12 1 100 1 10 10 12 1 10 12 1 18 12 1 1 18 12 1 1 18 12 1 18 12 1 7 1 11 7 12 1 1 10 12 1 1 7 1 10 7 1 10 1 1 1 1 1 1 1 1 1 1 1 1 1 1 1 1 1 1 1 1 1 1 1 1 1 1 1 1 1 1 1 1 1 1 1 1 1 1 1 1 1 1 1 1 1 1 1 1 1 1 1 1 1 1 1 1 1 1 1 1 1 1 1 1 1 1 1 1 1 1 1 1 1 1 1 1 1 1 1 1 1 1 1 1 1 1 1 1 1 1 1 1 1 1 1 1 1 1 1 1 1 1 1 1 1 1 1 1 1 1 1 1 1 1 1 1 1 1 1 1 1 1 1 1 1 1 1 1 1 1 1 1 1 1 1 1 1 1 1 1 1 1 1 1 1 1 1 1 1 1 15 10 7 12 1 1 1 16 15 16 1 16 1 15 10 16 1 16 1 15 10 12 16 16 15 16 1 1 100 1 100 1 1
staticfield com/sun/tools/javac/util/List EMPTY_LIST Lcom/sun/tools/javac/util/List; com/sun/tools/javac/util/List$1
staticfield com/sun/tools/javac/util/List EMPTYITERATOR Ljava/util/Iterator; com/sun/tools/javac/util/List$2
ciInstanceKlass com/sun/tools/javac/util/List$1 1 1 36 10 7 12 1 1 1 100 1 10 12 1 100 1 1 1 1 1 1 1 1 1 1 1 1 1 1 1 1 1 1 1 1 1 1 1
instanceKlass com/sun/tools/javac/tree/JCTree$TypeBoundKind
instanceKlass com/sun/tools/javac/tree/JCTree$JCPackageDecl
instanceKlass com/sun/tools/javac/tree/JCTree$JCModuleDecl
instanceKlass com/sun/tools/javac/tree/JCTree$JCCompilationUnit
instanceKlass com/sun/tools/javac/tree/JCTree$JCMethodDecl
instanceKlass com/sun/tools/javac/tree/JCTree$JCModifiers
instanceKlass com/sun/tools/javac/tree/JCTree$JCTypeParameter
instanceKlass com/sun/tools/javac/tree/JCTree$JCDirective
instanceKlass com/sun/tools/javac/tree/JCTree$JCCatch
instanceKlass com/sun/tools/javac/tree/JCTree$JCImport
instanceKlass com/sun/tools/javac/tree/JCTree$JCStatement
instanceKlass com/sun/tools/javac/tree/JCTree$JCCaseLabel
ciInstanceKlass com/sun/tools/javac/tree/JCTree 1 1 363 10 7 12 1 1 1 10 7 12 1 1 1 7 1 10 7 1 10 12 1 10 12 1 1 100 1 100 1 10 12 1 10 12 1 1 9 12 1 1 9 12 1 1 10 12 1 1 100 1 100 1 10 12 1 10 7 12 1 1 1 10 12 1 1 100 1 100 1 100 1 1 1 1 1 1 1 1 1 1 1 1 1 1 1 1 1 1 1 1 1 1 1 1 1 1 1 1 1 1 1 1 1 1 1 1 1 1 100 1 100 1 100 1 100 1 100 1 100 1 100 1 100 1 100 1 100 1 100 1 100 1 100 1 100 1 100 1 100 1 100 1 100 1 100 1 100 1 100 1 100 1 100 1 100 1 100 1 100 1 100 1 100 1 100 1 100 1 100 1 100 1 100 1 100 1 100 1 100 1 100 1 100 1 100 1 100 1 100 1 100 1 100 1 100 1 100 1 100 1 100 1 100 1 100 1 100 1 100 1 100 1 100 1 100 1 100 1 100 1 100 1 100 1 100 1 100 1 100 1 100 1 100 1 100 1 100 1 100 1 100 1 100 1 100 1 100 1 100 1 100 1 100 1 100 1 100 1 100 1 100 1 100 1 100 1 100 1 100 1 100 1 100 1 100 1 1 1 100 1 1 1 1 1 1 1 1 1 1 1 1 1 1 1 1 1 1 1 1 1 1 1 1 1 1 1 1 1 1 1 1 1 1 1 1 1 1 1 1 1 1 1 1 1 1 1 1 1 1 1 1 1 1 1 1 1 1 1 1 1 1 1 1 1 1 1 1 1 1 1 1 1 1 1 1 1 1 1 1 1 1 1 1
instanceKlass com/sun/tools/javac/tree/JCTree$JCPattern
instanceKlass com/sun/tools/javac/tree/JCTree$JCDefaultCaseLabel
instanceKlass com/sun/tools/javac/tree/JCTree$JCExpression
ciInstanceKlass com/sun/tools/javac/tree/JCTree$JCCaseLabel 1 1 37 10 7 12 1 1 1 10 100 12 1 1 1 100 1 10 100 12 1 1 1 100 1 1 1 1 1 1 1 1 1 1 1 1 1 1 1
instanceKlass com/sun/tools/javac/tree/JCTree$LetExpr
instanceKlass com/sun/tools/javac/tree/JCTree$JCTypeApply
instanceKlass com/sun/tools/javac/tree/JCTree$JCArrayAccess
instanceKlass com/sun/tools/javac/tree/JCTree$JCIdent
instanceKlass com/sun/tools/javac/tree/JCTree$JCInstanceOf
instanceKlass com/sun/tools/javac/tree/JCTree$JCPrimitiveTypeTree
instanceKlass com/sun/tools/javac/tree/JCTree$JCTypeUnion
instanceKlass com/sun/tools/javac/tree/JCTree$JCFieldAccess
instanceKlass com/sun/tools/javac/tree/JCTree$JCArrayTypeTree
instanceKlass com/sun/tools/javac/tree/JCTree$JCAssign
instanceKlass com/sun/tools/javac/tree/JCTree$JCParens
instanceKlass com/sun/tools/javac/tree/JCTree$JCAnnotation
instanceKlass com/sun/tools/javac/tree/JCTree$JCTypeIntersection
instanceKlass com/sun/tools/javac/tree/JCTree$JCAnnotatedType
instanceKlass com/sun/tools/javac/tree/JCTree$JCErroneous
instanceKlass com/sun/tools/javac/tree/JCTree$JCLiteral
instanceKlass com/sun/tools/javac/tree/JCTree$JCTypeCast
instanceKlass com/sun/tools/javac/tree/JCTree$JCOperatorExpression
instanceKlass com/sun/tools/javac/tree/JCTree$JCNewArray
instanceKlass com/sun/tools/javac/tree/JCTree$JCPolyExpression
instanceKlass com/sun/tools/javac/tree/JCTree$JCWildcard
ciInstanceKlass com/sun/tools/javac/tree/JCTree$JCExpression 1 1 47 10 7 12 1 1 1 10 12 1 1 10 12 1 1 10 100 12 1 1 10 12 1 100 1 1 1 1 1 1 1 1 1 1 1 1 1 1 1 1 1 1 100 1 1 1 1
ciInstanceKlass com/sun/tools/javac/code/Type$Visitor 1 0 83 100 1 100 1 1 1 1 1 1 1 1 1 1 1 1 1 1 1 1 1 1 1 1 1 1 1 1 1 1 1 1 1 1 1 1 1 1 1 1 1 1 1 1 1 1 100 1 1 1 100 1 1 100 1 1 100 1 1 100 1 1 100 1 1 100 1 1 100 1 1 100 1 1 100 1 1 100 1 1 100 1 1
instanceKlass com/sun/tools/javac/code/Symbol
instanceKlass com/sun/tools/javac/code/Type
ciInstanceKlass com/sun/tools/javac/code/AnnoConstruct 1 1 251 10 7 12 1 1 1 10 100 12 1 1 1 10 100 12 1 1 1 10 100 12 1 1 1 11 100 12 1 1 1 11 12 1 1 100 1 9 12 1 1 9 100 12 1 1 1 10 100 12 1 1 1 10 100 12 1 1 10 100 12 1 1 1 10 100 12 1 1 1 100 1 10 12 1 100 1 100 1 10 8 1 10 12 1 1 10 12 1 10 10 12 1 10 12 1 1 10 12 1 1 10 12 1 1 100 1 10 12 1 1 10 12 1 1 10 12 1 1 10 100 12 1 1 1 10 12 1 1 100 1 10 10 12 1 10 12 1 1 10 12 1 1 100 1 10 12 1 1 100 1 10 11 12 1 1 9 12 1 1 9 12 1 1 9 100 12 1 1 1 9 100 12 1 10 12 1 1 100 1 9 12 1 1 100 1 1 1 1 1 1 1 1 1 1 1 1 1 1 1 1 1 1 1 1 1 1 1 1 1 1 1 1 1 1 1 1 1 1 1 1 1 1 1 100 1 1 1 1 1 1 1 1 100 1 1 1 1 1 1 1 1 1 100 1 1 100 1 1 1 1
instanceKlass lombok/javac/Javac$JCNoType
instanceKlass com/sun/tools/javac/comp/DeferredAttr$DeferredType
instanceKlass com/sun/tools/javac/code/Type$UnknownType
instanceKlass com/sun/tools/javac/code/Type$BottomType
instanceKlass com/sun/tools/javac/code/Type$PackageType
instanceKlass com/sun/tools/javac/jvm/ClassReader$ProxyType
instanceKlass com/sun/tools/javac/code/Type$JCVoidType
instanceKlass com/sun/tools/javac/code/Type$JCPrimitiveType
instanceKlass com/sun/tools/javac/code/Type$MethodType
instanceKlass com/sun/tools/javac/code/Type$JCNoType
instanceKlass com/sun/tools/javac/code/Type$ClassType
instanceKlass com/sun/tools/javac/code/Type$WildcardType
instanceKlass com/sun/tools/javac/code/Type$ArrayType
instanceKlass com/sun/tools/javac/code/Type$ModuleType
instanceKlass com/sun/tools/javac/code/Type$TypeVar
instanceKlass com/sun/tools/javac/code/Type$DelegatedType
ciInstanceKlass com/sun/tools/javac/code/Type 1 1 586 100 1 9 7 12 1 1 1 10 7 12 1 1 1 100 1 8 1 10 12 1 1 7 1 10 12 1 10 12 1 1 7 1 10 12 1 10 7 12 1 1 1 11 7 12 1 1 1 11 12 1 1 10 12 1 1 10 12 1 1 10 12 1 1 11 7 12 1 1 1 10 7 1 10 7 12 1 1 1 9 12 1 1 10 7 12 1 1 10 9 12 1 10 12 1 10 12 1 9 12 1 1 10 12 1 1 100 1 10 12 1 10 12 1 1 10 12 1 1 9 7 12 1 1 1 10 12 1 10 12 1 10 12 1 10 12 1 10 100 12 1 1 1 100 1 10 12 1 9 12 1 1 9 12 1 1 10 12 1 1 10 12 1 1 10 12 1 8 1 10 100 12 1 1 10 12 1 10 12 1 10 12 1 1 10 10 12 1 9 7 12 1 1 1 8 1 10 100 12 1 1 1 9 12 1 1 9 100 12 1 1 1 10 12 1 1 10 12 1 1 10 12 1 10 8 1 10 8 1 10 12 1 10 7 1 10 12 1 10 12 1 1 10 10 12 1 10 10 12 1 9 12 1 100 1 9 12 1 1 8 1 10 12 1 10 12 1 1 5 0 5 0 10 12 1 1 10 12 1 10 12 1 1 11 7 12 1 1 9 100 12 1 1 1 7 1 10 9 12 1 1 7 1 10 9 12 1 7 1 10 9 12 1 7 1 10 100 1 100 1 1 1 1 1 1 1 1 1 1 1 100 1 1 1 1 1 1 1 1 1 1 1 1 1 1 1 1 1 1 1 1 1 1 1 1 1 1 1 1 1 1 1 1 1 1 1 1 1 1 1 1 1 1 1 1 1 1 1 1 1 1 1 1 1 1 1 1 1 1 1 1 1 1 1 1 1 1 1 1 1 1 1 1 1 1 1 1 1 1 1 1 1 1 1 1 1 1 1 1 1 1 1 1 1 1 1 1 1 1 1 1 1 1 1 1 1 1 1 1 1 1 1 1 1 1 1 1 1 1 1 1 1 1 1 1 1 1 1 1 1 1 100 1 100 1 100 1 100 1 100 1 100 1 100 1 100 1 100 1 100 1 100 1 100 1 100 1 100 1 100 1 100 1 100 1 100 1 100 1 100 1 100 1 100 1 100 1 100 1 100 1 100 1 100 1 100 1 100 1 100 1 100 1 100 1 100 1 100 1 100 1 100 1 100 1 100 1 100 1 100 1 100 1 100 1 1 1 1 100 1 1 1 100 1 1 1 1 1 1 1 1 1 1 1 1 1 1 1 1 1 1 1 1 1 1 1 1 1 100 1 100 1 1 1 1
staticfield com/sun/tools/javac/code/Type noType Lcom/sun/tools/javac/code/Type$JCNoType; com/sun/tools/javac/code/Type$1
staticfield com/sun/tools/javac/code/Type recoveryType Lcom/sun/tools/javac/code/Type$JCNoType; com/sun/tools/javac/code/Type$2
staticfield com/sun/tools/javac/code/Type stuckType Lcom/sun/tools/javac/code/Type$JCNoType; com/sun/tools/javac/code/Type$3
staticfield com/sun/tools/javac/code/Type stripMetadata Lcom/sun/tools/javac/code/Types$TypeMapping; com/sun/tools/javac/code/Type$4
instanceKlass com/sun/tools/javac/jvm/UninitializedType
instanceKlass com/sun/tools/javac/code/Type$UndetVar
instanceKlass com/sun/tools/javac/code/Type$ForAll
ciInstanceKlass com/sun/tools/javac/code/Type$DelegatedType 1 1 89 9 7 12 1 1 1 10 7 12 1 1 1 9 7 12 1 1 1 10 12 1 9 12 1 1 9 12 1 1 10 12 1 1 10 12 1 1 10 12 1 1 10 12 1 10 12 1 10 12 1 10 12 1 10 12 1 10 12 1 10 12 1 1 10 12 1 1 1 1 1 1 1 1 1 1 1 1 1 1 1 1 1 1 100 1 100 1 1
instanceKlass com/sun/tools/javac/code/Types$Subst$2
instanceKlass com/sun/tools/javac/code/Types$Subst$1
instanceKlass com/sun/tools/javac/code/Types$23$2
ciInstanceKlass com/sun/tools/javac/code/Type$ForAll 1 1 179 9 7 12 1 1 1 7 1 10 7 12 1 1 1 9 7 12 1 1 1 100 1 8 1 10 12 1 11 7 12 1 1 1 100 1 10 12 1 10 12 1 1 10 12 1 1 10 12 1 9 12 1 1 10 12 1 1 10 7 12 1 1 1 10 12 1 1 10 100 12 1 1 9 12 1 1 100 1 10 12 1 1 10 12 1 9 12 1 10 12 1 1 10 12 1 1 9 100 12 1 1 1 11 100 12 1 1 1 10 12 1 1 10 12 1 10 12 1 10 12 1 10 12 1 10 12 1 100 1 1 1 1 1 1 1 1 1 1 1 1 1 1 1 1 1 1 1 1 1 1 1 1 1 1 1 1 1 1 1 1 1 1 1 1 1 1 1 1 1 1 1 1 1 1 1 1 1 1
instanceKlass com/sun/tools/javac/code/Type$TypeVar$1
instanceKlass com/sun/tools/javac/code/Type$CapturedType
ciInstanceKlass com/sun/tools/javac/code/Type$TypeVar 1 1 152 9 7 12 1 1 1 10 7 12 1 1 1 9 7 12 1 1 1 9 12 1 1 10 7 12 1 1 1 7 1 10 12 1 9 12 1 1 10 12 1 1 9 12 1 10 12 1 100 1 10 12 1 1 10 12 1 9 7 12 1 1 1 11 7 12 1 1 1 9 7 12 1 1 11 100 12 1 1 1 10 12 1 1 10 12 1 1 10 12 1 10 12 1 1 100 1 1 1 1 1 1 1 1 1 1 1 1 1 1 1 1 1 1 1 1 1 1 1 1 1 1 1 1 1 1 1 1 1 1 1 1 1 1 1 1 1 1 1 1 1 1 1 1 100 1 100 1 1 1 1 1
instanceKlass com/sun/tools/javac/code/Symbol$TypeVariableSymbol
instanceKlass com/sun/tools/javac/code/Symtab$6
instanceKlass com/sun/tools/javac/code/Symbol$ModuleSymbol
instanceKlass com/sun/tools/javac/code/Symbol$PackageSymbol
instanceKlass com/sun/tools/javac/code/Symbol$ClassSymbol
ciInstanceKlass com/sun/tools/javac/code/Symbol$TypeSymbol 1 1 262 100 1 10 7 12 1 1 1 9 12 1 1 9 7 12 1 1 9 7 12 1 1 1 10 12 1 1 9 12 1 9 12 1 1 9 7 12 1 1 1 10 7 12 1 1 1 10 12 1 1 9 7 12 1 1 1 9 7 12 1 1 1 9 7 12 1 1 1 10 12 1 1 10 12 1 9 7 1 10 12 1 1 9 12 1 10 7 12 1 1 1 10 10 12 1 1 10 12 1 1 10 7 12 1 1 1 9 10 12 1 1 10 12 1 1 9 7 12 1 1 1 10 7 12 1 1 1 11 7 12 1 1 1 11 7 12 1 1 1 11 12 1 1 10 10 12 1 1 5 0 9 12 1 1 10 12 1 1 8 1 10 100 12 1 1 1 11 100 12 1 1 1 10 12 1 10 12 1 10 12 1 1 10 12 1 10 12 1 1 1 1 1 1 1 1 1 1 1 1 1 1 1 1 1 1 1 1 1 1 1 1 1 1 1 1 1 1 1 1 1 1 1 1 1 1 1 1 1 1 1 1 1 1 1 1 100 1 1 1 1 1 100 1 1 1 1 100 1 100 1 1 1 100 1 8 1 1 12 10 1 1
instanceKlass com/sun/tools/javac/code/Types$TypeProjection$2
instanceKlass com/sun/tools/javac/code/Type$ArrayType$2
instanceKlass com/sun/tools/javac/code/Type$ArrayType$1
instanceKlass com/sun/tools/javac/code/Type$StructuralTypeMapping$3
ciInstanceKlass com/sun/tools/javac/code/Type$ArrayType 1 1 202 9 7 12 1 1 1 10 7 12 1 1 1 10 7 12 1 1 9 12 1 1 9 12 1 1 10 12 1 1 100 1 100 1 10 12 1 9 7 12 1 1 1 11 7 12 1 1 1 100 1 10 12 1 10 12 1 1 9 100 12 1 1 10 12 1 1 10 12 1 1 10 12 1 1 8 1 10 12 1 10 12 1 1 10 12 1 1 10 12 1 1 10 12 1 10 12 1 1 10 12 1 1 10 12 1 10 12 1 7 1 9 12 1 10 10 12 1 1 10 12 1 10 12 1 11 100 12 1 1 1 10 12 1 1 10 12 1 100 1 100 1 1 1 1 1 1 1 1 1 1 1 1 1 1 1 1 1 1 1 1 1 1 1 1 1 1 1 1 1 1 1 1 1 1 1 1 1 1 1 1 1 1 1 1 1 1 1 1 1 1 1 1 100 1 100 1 1 1 100 1 1
instanceKlass com/sun/tools/javac/code/Type$CapturedType$1
ciInstanceKlass com/sun/tools/javac/code/Type$CapturedType 1 1 140 10 7 12 1 1 1 10 7 12 1 1 1 7 1 9 7 12 1 1 1 10 12 1 1 9 12 1 1 10 12 1 100 1 9 12 1 1 10 12 1 1 10 12 1 11 7 12 1 1 1 100 1 10 12 1 10 12 1 1 8 1 10 12 1 1 10 12 1 1 5 0 100 1 5 0 10 12 1 8 1 10 12 1 10 12 1 1 10 12 1 1 1 1 1 1 1 1 1 1 1 1 1 1 1 1 1 1 1 1 1 1 1 1 1 1 1 1 1 1 1 1 1 1 1 1 1 1 1 1 1 100 1 1 100 1 100 1 1 1
instanceKlass com/sun/tools/javac/code/Types$TypeProjection$TypeArgumentProjection$1
instanceKlass com/sun/tools/javac/code/Type$WildcardType$1
instanceKlass com/sun/tools/javac/code/Type$StructuralTypeMapping$2
ciInstanceKlass com/sun/tools/javac/code/Type$WildcardType 1 1 196 11 7 12 1 1 1 9 7 12 1 1 1 10 7 12 1 1 1 10 7 12 1 1 9 12 1 1 10 7 12 1 1 1 9 12 1 1 9 12 1 1 9 12 1 1 100 1 9 12 1 1 10 12 1 9 7 12 1 1 1 9 7 12 1 1 10 12 1 1 9 12 1 9 12 1 7 1 100 1 10 12 1 10 12 1 1 10 12 1 1 10 12 1 1 10 12 1 9 12 1 8 1 10 12 1 1 8 1 10 9 100 12 1 1 11 100 12 1 1 1 10 12 1 1 10 12 1 1 10 12 1 10 12 1 100 1 1 1 1 1 1 1 1 1 1 1 1 1 1 1 1 1 1 1 1 1 1 1 1 1 1 1 1 1 1 1 1 1 1 1 100 1 1 1 1 1 1 1 1 1 1 1 1 1 1 1 1 1 1 100 1 100 1 1 1
ciInstanceKlass com/sun/tools/javac/code/Type$UndetVar 1 1 468 11 7 12 1 1 1 9 7 12 1 1 1 10 7 12 1 1 1 7 1 10 12 1 9 7 12 1 1 1 9 12 1 1 9 12 1 1 7 1 10 12 1 9 12 1 1 10 7 12 1 1 1 9 7 12 1 1 1 9 12 1 9 12 1 7 1 7 1 10 12 1 9 12 1 1 10 7 12 1 1 1 10 7 12 1 1 1 9 12 1 1 9 12 1 1 10 12 1 1 11 7 12 1 1 1 9 12 1 9 12 1 10 12 1 10 12 1 1 11 7 12 1 1 11 12 1 1 7 1 10 12 1 1 9 12 1 9 12 1 10 12 1 1 100 1 10 10 12 1 1 9 12 1 10 12 1 1 10 12 1 10 12 1 1 8 1 10 12 1 8 1 8 1 10 12 1 1 11 12 1 1 10 12 1 8 1 100 1 10 9 12 1 10 12 1 10 12 1 1 11 12 1 10 12 1 10 7 1 10 12 1 1 10 12 1 1 100 1 8 1 10 12 1 10 12 1 1 11 7 12 1 1 7 1 10 10 12 1 1 10 12 1 10 12 1 9 12 1 1 9 100 12 1 1 1 10 12 1 10 12 1 1 10 12 1 10 10 12 1 1 10 12 1 1 10 12 1 1 10 12 1 1 10 12 1 1 18 12 1 1 11 12 1 1 11 7 1 7 1 11 12 1 11 12 1 10 12 1 1 10 10 12 1 1 7 1 9 12 1 1 9 12 1 11 12 1 10 12 1 1 10 7 12 1 1 1 10 12 1 10 1 1 1 1 1 1 1 1 1 1 1 1 1 1 1 1 1 1 1 1 1 1 1 1 1 1 1 1 1 1 1 1 1 1 100 1 100 1 1 1 1 1 1 1 1 1 1 1 1 1 1 1 1 1 1 1 1 1 1 1 1 1 1 1 1 1 1 1 1 1 1 1 1 1 1 1 1 1 1 1 1 1 1 100 1 1 1 1 1 1 1 1 1 1 1 1 15 10 7 12 1 1 1 16 15 10 12 1 1 1 1 1 100 1 1 1 1 1 100 1 1 1 100 1 100 1 1
instanceKlass com/sun/tools/javac/code/Types$TypeProjection$1
instanceKlass com/sun/tools/javac/api/JavacTrees$5
instanceKlass com/sun/tools/javac/code/Type$ErasedClassType
instanceKlass com/sun/tools/javac/code/Type$ClassType$2
instanceKlass com/sun/tools/javac/code/Type$ClassType$1
instanceKlass com/sun/tools/javac/code/Type$StructuralTypeMapping$1
instanceKlass com/sun/tools/javac/code/Type$UnionClassType
instanceKlass com/sun/tools/javac/code/Type$IntersectionClassType
instanceKlass com/sun/tools/javac/jvm/ClassReader$1
instanceKlass com/sun/tools/javac/code/Type$ErrorType
ciInstanceKlass com/sun/tools/javac/code/Type$ClassType 1 1 343 100 1 9 7 12 1 1 1 10 7 12 1 1 1 10 7 12 1 1 9 12 1 1 9 12 1 1 9 12 1 1 9 12 1 9 12 1 9 12 1 100 1 100 1 9 12 1 1 10 12 1 9 7 12 1 1 1 11 7 12 1 1 1 7 1 10 12 1 1 9 12 1 10 12 1 100 1 10 12 1 10 12 1 1 9 7 12 1 1 1 9 100 12 1 1 1 9 7 12 1 1 10 12 1 1 10 12 1 1 8 1 10 12 1 1 10 12 1 1 10 12 1 1 10 7 12 1 1 1 10 12 1 10 8 1 10 9 12 1 1 10 100 12 1 1 10 12 1 1 5 0 10 12 1 8 1 9 12 1 1 9 12 1 9 12 1 8 1 100 1 10 100 12 1 1 1 9 12 1 1 10 12 1 1 10 100 12 1 1 1 10 12 1 1 10 10 12 1 10 12 1 10 12 1 10 12 1 10 12 1 1 10 12 1 10 12 1 10 10 10 12 1 1 10 12 1 10 12 1 10 12 1 10 12 1 10 10 12 1 9 9 7 12 1 1 1 9 12 1 11 100 12 1 1 1 10 12 1 1 10 12 1 10 12 1 1 100 1 100 1 100 1 1 1 1 1 1 1 1 1 1 1 1 1 1 1 1 1 1 1 1 1 1 1 1 1 1 1 1 1 1 1 1 1 1 1 1 1 1 1 1 1 1 1 1 1 1 1 1 1 1 1 1 1 1 1 1 1 1 1 1 1 1 1 1 1 100 1 1 100 1 1
instanceKlass com/sun/tools/javac/comp/Resolve$ResolveError
instanceKlass com/sun/tools/javac/main/JavaCompiler$1
instanceKlass com/sun/tools/javac/code/Symbol$TypeSymbol
instanceKlass com/sun/tools/javac/code/Symbol$VarSymbol
instanceKlass com/sun/tools/javac/code/Symbol$MethodSymbol
ciInstanceKlass com/sun/tools/javac/code/Symbol 1 1 673 100 1 9 7 12 1 1 1 9 12 1 1 10 7 12 1 1 1 10 7 12 1 1 10 12 1 10 12 1 10 12 1 1 11 7 12 1 1 1 11 12 1 1 7 1 9 12 1 1 9 7 12 1 1 1 10 12 1 10 12 1 10 12 1 1 10 12 1 1 10 12 1 10 12 1 10 12 1 10 12 1 10 12 1 10 12 1 1 10 12 1 10 12 1 10 12 1 9 12 1 1 11 7 12 1 1 10 12 1 10 12 1 10 12 1 1 10 12 1 10 12 1 1 10 12 1 10 7 12 1 1 9 12 1 1 9 9 12 1 1 9 12 1 9 12 1 9 12 1 1 100 1 8 1 10 12 1 10 11 100 12 1 1 1 10 7 12 1 1 1 10 10 12 1 1 5 0 9 7 12 1 1 9 12 1 10 12 1 1 9 7 12 1 1 1 10 12 1 1 10 7 12 1 1 1 10 12 1 1 10 12 1 9 12 1 1 9 7 12 1 1 1 9 7 12 1 1 10 12 1 10 12 1 1 100 1 10 12 1 10 12 1 10 12 1 10 12 1 10 12 1 5 0 5 0 5 0 5 0 9 7 12 1 1 1 10 12 1 1 10 7 12 1 1 1 5 0 5 0 9 12 1 9 12 1 5 0 5 0 5 0 5 0 5 0 5 0 5 0 9 7 12 1 1 1 10 12 1 1 10 12 1 10 12 1 1 5 0 9 12 7 1 7 1 100 1 10 8 1 10 12 1 10 12 1 10 10 7 12 1 1 1 10 12 1 10 12 1 1 10 12 1 1 8 1 10 7 12 1 1 1 10 12 1 1 10 7 12 1 1 1 11 7 1 10 12 1 1 9 10 12 1 1 10 12 1 10 12 1 1 9 12 1 10 12 1 10 12 1 5 0 10 12 1 11 12 1 10 12 100 1 9 12 1 1 10 100 12 1 1 1 9 12 1 1 10 12 1 10 12 1 1 7 1 10 10 12 1 10 9 12 1 10 12 1 100 1 10 12 1 10 12 1 10 12 1 10 12 1 10 12 1 10 12 1 100 1 100 1 1 1 1 1 1 1 1 1 1 1 1 1 1 1 1 1 1 1 1 1 1 1 1 1 1 1 1 1 1 1 1 1 1 1 1 1 1 1 1 1 1 1 1 1 1 1 1 1 1 1 1 1 1 1 1 1 1 1 1 1 1 1 1 1 1 1 1 1 1 1 1 1 1 1 1 1 1 1 1 1 1 1 1 1 1 1 1 1 1 1 1 1 1 1 1 1 1 1 1 1 1 1 1 1 1 1 1 1 1 1 1 1 1 1 1 1 1 1 1 100 1 100 1 100 1 100 1 100 1 100 1 100 1 100 1 100 1 100 1 100 1 100 1 100 1 100 1 100 1 100 1 100 1 100 1 1 100 1 1 1 1 100 1 1 1 1 1 1 1 1 100 1 1 1 1 1 1 1 1 1 1 1 1 1 1 1 1 1 1 100 1 1 1 1 100 1 8 1 1 12 10 1 1
instanceKlass com/sun/tools/javac/code/Symbol$MethodHandleSymbol
instanceKlass com/sun/tools/javac/comp/LambdaToMethod$LambdaAnalyzerPreprocessor$LambdaTranslationContext$1
instanceKlass com/sun/tools/javac/code/Symbol$MethodSymbol$1
instanceKlass com/sun/tools/javac/code/Symbol$DynamicMethodSymbol
instanceKlass com/sun/tools/javac/comp/Resolve$15
instanceKlass com/sun/tools/javac/comp/Resolve$12
instanceKlass com/sun/tools/javac/code/Symbol$OperatorSymbol
ciInstanceKlass com/sun/tools/javac/code/Symbol$MethodSymbol 1 1 581 100 1 9 7 12 1 1 1 10 7 12 1 1 1 9 7 12 1 1 1 10 7 12 1 1 1 9 12 1 1 9 12 1 9 12 1 9 12 1 1 9 12 1 1 9 7 12 1 1 1 10 7 12 1 1 1 100 1 10 12 1 10 12 1 1 8 1 10 12 1 10 12 1 1 10 7 12 1 1 1 7 1 9 12 1 1 9 12 1 1 9 10 12 1 10 12 1 1 5 0 5 0 10 12 1 1 5 0 9 12 1 1 9 10 7 1 9 12 1 1 9 7 12 1 1 1 9 7 12 1 1 9 12 1 8 1 100 1 10 12 1 8 1 8 1 5 0 10 12 1 1 8 1 10 12 1 1 100 1 7 1 10 12 1 9 7 1 10 7 12 1 1 1 10 12 1 9 12 1 1 9 12 1 1 10 12 1 1 10 12 1 9 12 1 10 12 1 1 10 7 12 1 1 1 11 7 12 1 1 1 11 7 12 1 1 11 12 1 1 10 12 1 1 10 12 1 1 10 12 1 1 10 12 1 1 10 12 1 9 12 1 10 12 1 1 10 12 1 10 12 1 1 5 0 10 12 1 1 10 12 1 1 10 12 1 1 10 12 1 10 12 1 10 12 1 9 12 1 1 10 12 1 1 5 0 5 0 10 5 0 10 12 1 1 10 10 12 1 1 5 0 9 12 1 1 10 12 1 1 10 12 1 10 12 1 1 10 10 12 1 10 12 1 100 1 10 10 12 1 10 8 1 10 12 1 10 12 1 1 100 1 5 0 10 12 1 10 12 1 10 12 1 10 12 1 1 10 9 7 12 1 1 1 9 12 1 9 12 1 10 12 1 9 12 1 9 12 1 10 12 1 1 10 12 11 7 12 1 1 1 11 7 12 1 1 1 10 12 1 10 12 1 9 12 1 1 10 12 1 10 12 1 1 10 12 1 10 12 1 1 10 12 1 1 10 10 12 1 1 10 10 10 12 1 10 10 12 1 10 5 0 18 12 1 1 100 1 1 1 1 1 1 1 1 1 1 1 1 1 1 1 1 1 100 1 1 1 1 1 1 1 1 1 1 1 1 1 1 1 1 1 1 1 1 1 1 1 1 1 1 1 1 1 1 1 1 1 1 1 1 1 1 1 1 1 1 1 1 1 1 1 1 1 1 1 1 1 1 1 1 1 1 1 1 1 1 1 1 1 1 1 1 1 1 1 1 1 1 1 15 10 7 12 1 1 1 16 1 15 10 12 16 1 100 1 1 1 1 1 1 1 100 1 1 100 1 1 1 1 100 1 1 100 1 1 100 1 100 1 1
staticfield com/sun/tools/javac/code/Symbol$MethodSymbol implementation_filter Ljava/util/function/Predicate; com/sun/tools/javac/code/Symbol$MethodSymbol$$Lambda$75+0x0000011ab90e0b60
ciInstanceKlass com/sun/tools/javac/util/ListBuffer 1 1 181 7 1 10 12 1 1 10 12 1 1 10 7 1 10 12 1 10 7 12 1 1 1 9 12 1 1 9 12 1 9 12 1 1 9 12 1 1 10 12 1 1 9 12 1 1 10 12 1 1 9 12 1 10 12 1 10 7 12 1 1 1 10 12 1 10 12 1 1 10 12 1 10 12 1 1 10 12 1 10 12 1 1 10 12 1 1 100 1 10 10 12 1 7 1 10 12 1 100 1 10 11 7 12 1 1 1 11 7 12 1 1 11 12 1 1 10 10 10 12 1 1 1 1 1 1 1 1 1 1 1 1 1 1 1 1 1 1 1 1 1 1 1 1 1 1 1 1 1 100 1 1 1 1 1 1 1 1 1 1 1 1 1 1 1 1 1 1 1 1 1 1 1 1 1 1 1 1 1 1 1
instanceKlass com/sun/tools/javac/comp/Check$Validator
instanceKlass com/sun/tools/javac/tree/Pretty
instanceKlass com/sun/tools/javac/model/JavacElements$1Vis
instanceKlass com/sun/tools/javac/jvm/Gen$ClassReferenceVisitor
instanceKlass com/sun/tools/javac/jvm/Gen
instanceKlass com/sun/tools/javac/comp/MemberEnter
instanceKlass com/sun/tools/javac/comp/Enter
instanceKlass com/sun/tools/javac/comp/ArgumentAttr
instanceKlass com/sun/tools/javac/comp/DeferredAttr
instanceKlass com/sun/tools/javac/comp/Check$1SpecialTreeVisitor
instanceKlass com/sun/tools/javac/comp/Modules$UsesProvidesVisitor
instanceKlass com/sun/tools/javac/comp/Modules
instanceKlass com/sun/tools/javac/tree/TreeTranslator
instanceKlass com/sun/tools/javac/comp/Attr
instanceKlass com/sun/tools/javac/comp/MemberEnter$InitTreeVisitor
instanceKlass com/sun/tools/javac/tree/TreeScanner
ciInstanceKlass com/sun/tools/javac/tree/JCTree$Visitor 1 1 434 10 7 12 1 1 1 10 7 12 1 1 1 10 100 12 1 1 1 1 1 1 1 1 1 1 1 1 1 1 1 1 1 1 1 1 1 1 1 1 1 1 1 1 1 1 1 1 1 1 1 1 1 1 1 1 1 1 1 1 1 1 1 1 1 1 1 1 1 1 1 1 1 1 1 1 1 1 1 1 1 1 1 1 1 1 1 1 1 1 1 1 1 1 1 1 1 1 1 1 1 1 1 1 1 1 1 1 1 1 1 1 1 1 1 1 1 1 1 1 1 1 1 1 1 1 1 1 1 1 1 1 1 1 1 1 1 1 1 1 1 1 1 1 1 1 1 1 1 1 1 1 1 1 1 1 1 1 1 1 1 1 1 1 1 1 1 1 1 1 1 1 1 1 1 1 1 1 1 1 1 1 1 1 1 1 1 1 1 1 1 1 1 1 1 1 1 1 1 1 1 1 1 1 1 1 1 1 1 1 1 1 1 1 1 1 1 1 1 1 1 1 1 1 1 1 1 1 1 100 1 1 1 100 1 1 100 1 1 100 1 1 100 1 1 100 1 1 100 1 1 100 1 1 100 1 1 100 1 1 100 1 1 100 1 1 100 1 1 100 1 1 100 1 1 100 1 1 100 1 1 100 1 1 100 1 1 100 1 1 100 1 1 100 1 1 100 1 1 100 1 1 100 1 1 100 1 1 100 1 1 100 1 1 100 1 1 100 1 1 100 1 1 100 1 1 100 1 1 100 1 1 100 1 1 100 1 1 100 1 1 100 1 1 100 1 1 100 1 1 100 1 1 100 1 1 100 1 1 100 1 1 100 1 1 100 1 1 100 1 1 100 1 1 100 1 1 100 1 1 100 1 1 100 1 1 100 1 1 100 1 1 100 1 1 100 1 1 100 1 1 100 1 1 100 1 1 100 1 1 100 1 1 100 1 1 100 1 1 100 1 1 100 1 1 100 1 1 100 1 1 100 1 1
ciInstanceKlass com/sun/tools/javac/tree/JCTree$JCWildcard 1 1 135 10 7 12 1 1 1 10 7 12 1 1 1 7 1 9 7 12 1 1 1 9 12 1 1 10 7 12 1 1 1 9 7 12 1 1 1 9 12 1 10 7 12 1 1 1 9 7 12 1 1 1 9 12 1 9 12 1 100 1 100 1 10 8 1 10 12 1 1 10 12 1 10 12 1 1 10 12 1 11 100 12 1 1 9 7 12 1 1 1 10 12 1 1 100 1 1 1 1 1 1 1 1 1 1 1 1 1 1 1 1 1 1 1 1 1 1 1 1 1 1 1 1 1 100 1 1 1 1 1 1 100 1 1 1
ciInstanceKlass javax/lang/model/type/TypeKind 1 1 145 7 1 9 12 1 1 9 12 1 9 12 1 9 12 1 9 12 1 9 12 1 9 12 1 9 12 1 9 12 1 9 12 1 9 12 1 9 12 1 9 12 1 9 12 1 9 12 1 9 12 1 9 12 1 9 12 1 9 12 1 9 12 1 9 12 1 9 12 1 9 12 1 1 10 7 12 1 1 10 7 12 1 1 1 10 12 1 1 9 100 12 1 1 1 10 12 1 1 8 10 8 8 8 8 8 8 8 8 8 8 8 8 8 8 8 8 8 8 8 8 8 10 12 1 1 1 1 1 1 1 1 1 1 1 1 1 1 1 1 1 1 1 1 1
staticfield javax/lang/model/type/TypeKind BOOLEAN Ljavax/lang/model/type/TypeKind; javax/lang/model/type/TypeKind
staticfield javax/lang/model/type/TypeKind BYTE Ljavax/lang/model/type/TypeKind; javax/lang/model/type/TypeKind
staticfield javax/lang/model/type/TypeKind SHORT Ljavax/lang/model/type/TypeKind; javax/lang/model/type/TypeKind
staticfield javax/lang/model/type/TypeKind INT Ljavax/lang/model/type/TypeKind; javax/lang/model/type/TypeKind
staticfield javax/lang/model/type/TypeKind LONG Ljavax/lang/model/type/TypeKind; javax/lang/model/type/TypeKind
staticfield javax/lang/model/type/TypeKind CHAR Ljavax/lang/model/type/TypeKind; javax/lang/model/type/TypeKind
staticfield javax/lang/model/type/TypeKind FLOAT Ljavax/lang/model/type/TypeKind; javax/lang/model/type/TypeKind
staticfield javax/lang/model/type/TypeKind DOUBLE Ljavax/lang/model/type/TypeKind; javax/lang/model/type/TypeKind
staticfield javax/lang/model/type/TypeKind VOID Ljavax/lang/model/type/TypeKind; javax/lang/model/type/TypeKind
staticfield javax/lang/model/type/TypeKind NONE Ljavax/lang/model/type/TypeKind; javax/lang/model/type/TypeKind
staticfield javax/lang/model/type/TypeKind NULL Ljavax/lang/model/type/TypeKind; javax/lang/model/type/TypeKind
staticfield javax/lang/model/type/TypeKind ARRAY Ljavax/lang/model/type/TypeKind; javax/lang/model/type/TypeKind
staticfield javax/lang/model/type/TypeKind DECLARED Ljavax/lang/model/type/TypeKind; javax/lang/model/type/TypeKind
staticfield javax/lang/model/type/TypeKind ERROR Ljavax/lang/model/type/TypeKind; javax/lang/model/type/TypeKind
staticfield javax/lang/model/type/TypeKind TYPEVAR Ljavax/lang/model/type/TypeKind; javax/lang/model/type/TypeKind
staticfield javax/lang/model/type/TypeKind WILDCARD Ljavax/lang/model/type/TypeKind; javax/lang/model/type/TypeKind
staticfield javax/lang/model/type/TypeKind PACKAGE Ljavax/lang/model/type/TypeKind; javax/lang/model/type/TypeKind
staticfield javax/lang/model/type/TypeKind EXECUTABLE Ljavax/lang/model/type/TypeKind; javax/lang/model/type/TypeKind
staticfield javax/lang/model/type/TypeKind OTHER Ljavax/lang/model/type/TypeKind; javax/lang/model/type/TypeKind
staticfield javax/lang/model/type/TypeKind UNION Ljavax/lang/model/type/TypeKind; javax/lang/model/type/TypeKind
staticfield javax/lang/model/type/TypeKind INTERSECTION Ljavax/lang/model/type/TypeKind; javax/lang/model/type/TypeKind
staticfield javax/lang/model/type/TypeKind MODULE Ljavax/lang/model/type/TypeKind; javax/lang/model/type/TypeKind
staticfield javax/lang/model/type/TypeKind $VALUES [Ljavax/lang/model/type/TypeKind; 22 [Ljavax/lang/model/type/TypeKind;
ciInstanceKlass java/lang/AssertionError 0 0 79 10 100 12 1 1 1 10 12 1 10 100 12 1 1 1 10 100 1 100 1 10 12 1 1 10 12 1 10 12 1 10 12 1 10 12 1 10 12 1 10 12 1 10 12 1 1 1 1 5 0 1 1 1 1 1 1 1 1 1 1 100 1 1 1 1 1 1 1 1 1 1 1 1 1 1 1 1 1
instanceKlass com/sun/tools/javac/tree/JCTree$JCConditional
instanceKlass com/sun/tools/javac/tree/JCTree$JCMethodInvocation
instanceKlass com/sun/tools/javac/tree/JCTree$JCFunctionalExpression
instanceKlass com/sun/tools/javac/tree/JCTree$JCSwitchExpression
instanceKlass com/sun/tools/javac/tree/JCTree$JCNewClass
ciInstanceKlass com/sun/tools/javac/tree/JCTree$JCPolyExpression 1 1 39 10 7 12 1 1 1 9 7 12 1 1 1 9 7 12 1 1 9 12 1 1 1 1 1 1 1 1 1 1 1 1 1 100 1 1 1 1 1
ciInstanceKlass com/sun/tools/javac/tree/JCTree$JCUnary 1 1 96 10 7 12 1 1 1 9 7 12 1 1 1 9 12 1 1 10 7 12 1 1 1 10 12 1 1 10 100 12 1 1 1 11 7 12 1 1 10 12 1 1 100 1 1 1 1 1 1 1 1 1 1 1 1 1 1 1 1 1 1 1 1 1 1 1 1 1 1 1 1 1 1 1 1 1 100 1 1 1 1 100 1 1 100 1 1 1 100 1 100 1 1 100 1 1
ciInstanceKlass com/sun/tools/javac/tree/JCTree$JCTypeCast 1 1 88 10 7 12 1 1 1 9 7 12 1 1 1 9 12 1 1 10 7 12 1 1 1 9 100 12 1 1 1 11 7 12 1 1 9 7 12 1 1 1 10 12 1 1 10 12 1 1 100 1 1 1 1 1 1 1 1 1 1 1 1 1 1 1 1 1 1 1 1 1 1 1 1 1 1 1 1 1 100 1 1 1 1 1 100 1 1 1
ciInstanceKlass com/sun/tools/javac/tree/JCTree$JCLiteral 1 1 129 10 7 12 1 1 1 9 7 12 1 1 1 9 12 1 1 10 7 12 1 1 1 10 7 12 1 1 1 9 7 12 1 1 1 10 12 1 1 100 1 10 12 1 10 100 12 1 1 1 100 1 8 1 10 12 1 10 100 12 1 1 11 7 12 1 1 10 12 1 1 9 7 12 1 1 1 10 12 1 100 1 1 1 1 1 1 1 1 1 1 1 1 1 1 1 1 1 1 1 1 1 1 1 1 1 1 1 1 1 1 1 1 1 1 1 1 100 1 1 1 1 1 100 1 100 1 1 1
ciInstanceKlass com/sun/tools/javac/tree/JCTree$JCAnnotatedType 0 0 106 10 100 12 1 1 1 10 100 12 1 1 1 10 100 12 1 1 1 9 100 12 1 1 1 9 12 1 1 10 100 12 1 1 1 9 100 12 1 1 1 11 100 12 1 1 9 100 12 1 1 10 12 1 1 10 12 1 1 100 1 1 1 1 1 1 1 1 1 1 1 1 1 1 1 1 1 1 1 1 1 1 1 1 1 1 1 1 1 1 1 1 1 100 1 1 1 1 1 100 1 1 1 100 1 1
ciInstanceKlass com/sun/tools/javac/tree/JCTree$JCModifiers 1 1 94 10 7 12 1 1 1 9 7 12 1 1 1 9 12 1 1 10 7 12 1 1 1 9 100 12 1 1 1 10 100 12 1 1 1 11 7 12 1 1 9 7 12 1 1 10 12 1 1 100 1 1 1 1 1 1 1 1 1 1 1 1 1 1 1 1 1 1 1 1 1 1 1 1 1 1 1 1 1 1 1 1 1 1 1 1 1 100 1 1 1 100 1 1
ciInstanceKlass com/sun/tools/javac/tree/JCTree$JCTypeIntersection 0 0 83 10 100 12 1 1 1 9 100 12 1 1 1 10 100 12 1 1 1 9 100 12 1 1 1 11 100 12 1 1 1 9 100 12 1 1 1 10 12 1 1 100 1 1 1 1 1 1 1 1 1 1 1 1 1 1 1 1 1 1 1 1 1 1 1 1 1 1 1 1 1 1 1 100 1 1 1 1 1 100 1 1 1
ciInstanceKlass com/sun/tools/javac/tree/JCTree$JCMethodDecl 1 1 173 10 7 12 1 1 1 9 7 12 1 1 1 9 12 1 1 9 12 1 1 9 12 1 1 9 12 1 9 12 1 1 9 12 1 9 12 1 1 9 12 1 9 12 1 1 10 7 12 1 1 1 9 100 12 1 1 1 11 100 12 1 1 1 9 7 12 1 1 1 10 12 1 1 10 12 1 1 10 12 1 1 10 12 1 1 10 12 1 10 12 1 10 12 1 10 12 1 1 10 12 1 1 100 1 1 1 1 1 1 1 1 1 1 1 1 1 1 1 1 1 1 1 1 1 1 1 1 1 1 1 1 1 1 1 1 1 1 1 1 1 1 1 1 1 1 1 1 100 1 1 100 1 1 100 1 1 100 1 1 100 1 100 1 1 1 100 1 1 1 100 1 1
instanceKlass com/sun/tools/javac/api/JavacTrees$6
ciInstanceKlass com/sun/tools/javac/tree/JCTree$JCCompilationUnit 1 1 253 10 7 12 1 1 1 9 7 12 1 1 1 9 12 1 1 9 12 1 1 9 12 1 1 10 7 12 1 1 1 9 7 12 1 1 1 10 7 12 1 1 1 11 7 12 1 1 1 11 12 1 1 9 7 12 1 1 1 10 12 1 1 100 1 10 12 1 1 10 12 1 9 12 1 1 9 12 1 7 1 10 12 1 1 10 12 1 1 10 12 1 10 12 1 1 7 1 10 9 12 1 7 1 10 12 1 1 9 12 1 10 12 1 9 12 1 1 9 12 1 11 7 12 1 1 1 9 12 1 10 12 1 1 10 12 1 10 12 1 10 12 1 10 12 1 100 1 1 1 1 1 1 1 1 1 1 1 1 1 1 1 1 1 1 1 1 1 1 1 1 1 1 1 1 1 1 1 1 1 1 1 1 100 1 1 1 1 1 1 1 1 1 1 1 1 1 1 1 1 1 1 1 1 1 1 1 1 1 1 100 1 100 1 1 1 100 1 1 1 1 1 100 1 1 1 100 1 100 1 1 100 1 100 1 1 100 1 1 100 1 100 1 1 100 1 1 100 1 1 100 1 1
ciInstanceKlass com/sun/tools/javac/tree/JCTree$JCClassDecl 1 1 177 10 7 12 1 1 1 9 7 12 1 1 1 9 12 1 1 9 12 1 1 9 12 1 1 9 12 1 9 12 1 9 12 1 9 12 1 1 10 7 12 1 1 1 9 7 12 1 1 1 100 1 5 0 9 7 12 1 1 1 5 0 9 12 1 5 0 9 12 1 5 0 9 12 1 9 12 1 11 100 12 1 1 1 9 7 12 1 1 1 10 12 1 1 10 12 1 10 12 1 10 12 1 1 10 12 1 10 12 1 1 10 12 1 1 100 1 1 1 1 1 1 1 1 1 1 1 1 1 1 1 1 1 1 1 1 1 1 1 1 1 1 1 1 1 1 1 1 1 1 1 1 1 1 1 100 1 1 1 1 1 100 1 1 100 1 100 1 1 1 100 1 1 1 100 1 1
ciInstanceKlass com/sun/tools/javac/tree/JCTree$JCParens 1 1 80 10 7 12 1 1 1 9 7 12 1 1 1 10 7 12 1 1 1 9 100 12 1 1 1 11 7 12 1 1 1 9 7 12 1 1 1 10 12 1 1 100 1 1 1 1 1 1 1 1 1 1 1 1 1 1 1 1 1 1 1 1 1 1 1 1 1 1 1 1 100 1 1 1 1 1 100 1 1 1
ciInstanceKlass com/sun/tools/javac/tree/JCTree$JCMethodInvocation 1 1 118 10 7 12 1 1 1 10 7 12 1 1 1 9 7 12 1 1 1 9 12 1 1 9 12 1 10 7 12 1 1 1 9 100 12 1 1 1 11 7 12 1 1 1 10 12 1 1 9 7 12 1 1 1 10 12 1 10 12 1 10 12 1 1 10 12 1 100 1 1 1 1 1 1 1 1 1 1 1 1 1 100 1 1 1 1 1 1 1 1 1 1 1 1 1 1 1 1 1 1 1 1 1 1 1 1 1 100 1 1 1 1 1 1 100 1 1 1
ciInstanceKlass com/sun/tools/javac/tree/JCTree$TypeBoundKind 1 1 67 10 7 12 1 1 1 9 7 12 1 1 1 10 7 12 1 1 1 100 1 8 1 10 12 1 9 100 12 1 1 1 1 1 1 1 1 1 1 1 1 1 1 1 1 1 1 1 1 1 1 1 1 1 1 1 1 1 1 1 1 1 100 1 100 1 1
ciInstanceKlass com/sun/tools/javac/tree/JCTree$JCArrayTypeTree 1 1 80 10 7 12 1 1 1 9 7 12 1 1 1 10 7 12 1 1 1 9 100 12 1 1 1 11 100 12 1 1 1 9 7 12 1 1 1 10 12 1 1 100 1 1 1 1 1 1 1 1 1 1 1 1 1 1 1 1 1 1 1 1 1 1 1 1 1 1 1 1 100 1 1 1 1 1 100 1 1 1
ciInstanceKlass com/sun/tools/javac/tree/JCTree$JCFieldAccess 1 1 93 10 7 12 1 1 1 9 7 12 1 1 1 9 12 1 1 9 12 1 1 10 7 12 1 1 1 9 7 12 1 1 1 11 7 12 1 1 1 9 7 12 1 1 1 10 12 1 1 10 12 1 1 100 1 1 1 1 1 1 1 1 1 1 1 1 1 1 1 1 1 1 1 1 1 1 1 1 1 1 1 1 1 100 1 1 1 1 1 100 1 1 1
ciInstanceKlass com/sun/tools/javac/tree/JCTree$JCTypeUnion 0 0 84 10 100 12 1 1 1 9 100 12 1 1 1 10 100 12 1 1 1 9 100 12 1 1 1 11 100 12 1 1 1 9 100 12 1 1 1 10 12 1 1 100 1 1 1 1 1 1 1 1 1 1 1 1 1 1 1 1 1 1 1 1 1 1 1 1 1 1 1 1 1 1 1 1 100 1 1 1 1 1 100 1 1 1
instanceKlass com/sun/tools/javac/comp/DeferredAttr$2$1
ciInstanceKlass com/sun/tools/javac/tree/JCTree$JCMemberReference 1 1 149 10 7 12 1 1 1 9 7 12 1 1 1 9 12 1 1 9 12 1 1 9 12 1 1 10 7 12 1 1 1 9 100 12 1 1 1 11 7 12 1 1 1 9 7 12 1 1 1 9 12 1 1 9 12 1 1 10 12 1 1 10 12 1 1 10 12 1 1 100 1 1 1 1 1 1 1 1 1 1 1 1 1 1 1 1 1 1 1 1 1 1 1 1 1 1 1 1 1 1 1 1 1 1 1 1 1 1 1 1 1 1 1 1 1 1 1 1 1 1 1 100 1 1 1 1 100 1 1 100 1 1 1 100 1 1 1 100 1 1 100 1 1 100 1 1 100 1 1
ciInstanceKlass com/sun/tools/javac/tree/JCTree$JCPrimitiveTypeTree 1 1 81 10 7 12 1 1 1 9 7 12 1 1 1 10 7 12 1 1 1 9 100 12 1 1 1 10 100 12 1 1 1 11 7 12 1 1 1 9 7 12 1 1 1 100 1 1 1 1 1 1 1 1 1 1 1 1 1 1 1 1 1 1 1 1 1 1 1 1 1 1 1 100 1 1 1 1 1 100 1 1 1
ciInstanceKlass com/sun/tools/javac/tree/JCTree$JCIdent 1 1 84 10 7 12 1 1 1 9 7 12 1 1 1 9 12 1 1 10 7 12 1 1 1 9 7 12 1 1 1 11 7 12 1 1 1 9 7 12 1 1 1 10 12 1 1 100 1 1 1 1 1 1 1 1 1 1 1 1 1 1 1 1 1 1 1 1 1 1 1 1 1 1 1 1 100 1 1 1 1 1 100 1 1 1
ciInstanceKlass com/sun/tools/javac/tree/JCTree$JCTypeApply 1 1 92 10 7 12 1 1 1 9 7 12 1 1 1 9 12 1 1 10 7 12 1 1 1 9 100 12 1 1 1 11 7 12 1 1 1 9 7 12 1 1 1 10 12 1 1 10 12 1 1 100 1 1 1 1 1 1 1 1 1 1 1 1 1 1 1 1 1 1 1 1 1 1 1 1 1 1 1 1 1 1 1 1 100 1 1 1 1 1 100 1 1 1
ciInstanceKlass com/sun/tools/javac/code/Symbol$ClassSymbol 1 1 651 100 1 9 7 12 1 1 1 10 7 12 1 1 1 10 7 12 1 1 1 9 7 12 1 1 1 9 12 1 1 9 12 1 1 10 12 1 1 9 12 1 1 10 12 1 9 12 1 9 12 1 1 9 12 1 10 7 12 1 1 1 9 12 1 1 9 12 1 7 1 9 7 12 1 1 1 10 12 1 10 12 1 9 12 1 1 9 12 1 1 10 12 1 1 10 12 1 1 9 12 1 1 10 12 1 10 12 1 9 12 1 10 12 1 1 10 7 12 1 1 1 10 12 1 1 10 12 1 9 12 1 10 100 12 1 1 1 8 1 100 1 10 100 12 1 1 1 10 12 1 10 12 1 10 10 12 1 10 12 1 1 11 7 12 1 1 11 12 1 1 7 1 10 12 1 1 10 7 12 1 1 1 5 0 9 7 12 1 1 1 10 12 1 1 10 12 1 1 10 12 1 9 12 1 1 10 12 1 1 9 12 1 10 12 1 9 12 1 1 10 7 1 9 12 1 1 10 7 12 1 1 1 5 0 7 1 10 12 1 10 12 1 9 12 1 9 12 1 10 12 1 1 9 12 1 10 12 1 10 12 1 10 12 1 10 12 1 10 12 1 1 10 12 1 1 10 12 1 10 5 0 9 7 12 1 1 1 9 12 1 5 0 9 12 1 5 0 9 12 1 9 12 5 0 10 12 1 1 9 9 7 1 9 7 1 9 12 1 1 9 10 12 1 1 9 12 1 1 9 12 1 9 12 1 10 12 1 10 12 1 10 12 1 9 12 1 1 9 12 1 9 12 1 9 100 12 1 1 1 9 12 1 9 12 1 9 12 1 9 12 1 10 12 1 1 100 1 10 100 12 1 1 1 10 11 7 12 1 1 1 11 7 12 1 1 1 9 12 1 1 10 7 12 1 1 1 9 12 1 1 9 100 12 1 1 5 0 10 12 1 1 5 0 9 10 12 1 1 9 12 1 9 12 1 9 12 1 10 12 1 9 12 1 1 10 7 12 1 1 1 10 12 1 10 12 1 1 18 12 1 1 10 12 1 1 10 10 12 1 10 12 1 10 12 1 10 12 1 10 12 1 1 9 100 1 1 1 1 1 1 1 1 1 1 1 1 1 1 1 1 1 1 1 1 1 1 1 1 1 1 1 1 1 1 1 1 1 1 100 1 1 1 1 1 1 1 1 1 100 1 1 1 1 1 1 1 1 1 1 1 1 1 1 1 1 1 1 1 1 1 1 1 1 1 1 1 1 1 1 1 100 1 1 1 1 1 1 1 1 1 1 1 1 1 1 1 1 1 1 1 1 1 1 1 1 1 1 1 1 1 1 1 1 1 15 10 100 12 1 1 1 16 15 10 12 16 1 100 1 1 1 1 100 1 100 1 1 100 1 1 1 100 1 1 1 1 1 1 1 100 1 1 100 1 1 1 100 1 1 100 1 1 100 1 1 100 1 100 1 1
instanceKlass com/sun/tools/javac/code/Symtab$7
instanceKlass com/sun/tools/javac/code/Symbol$RootPackageSymbol
ciInstanceKlass com/sun/tools/javac/code/Symbol$PackageSymbol 1 1 200 100 1 9 7 12 1 1 1 10 7 12 1 1 1 9 7 12 1 1 1 10 12 1 1 9 12 1 1 10 12 1 7 1 10 12 1 9 12 1 1 10 100 12 1 1 1 9 12 1 10 12 1 1 9 12 1 1 10 12 1 1 100 1 9 12 1 1 9 12 1 1 10 100 1 10 12 1 10 12 1 1 9 12 1 1 9 100 1 10 12 1 10 12 1 1 5 0 9 100 12 1 1 1 9 12 1 1 10 100 12 1 1 11 100 12 1 1 1 11 100 12 1 1 1 10 12 1 1 10 12 1 1 100 1 1 1 1 1 1 1 1 1 1 1 1 1 1 1 1 1 1 1 1 1 1 100 1 1 1 1 1 1 1 1 1 1 1 1 1 1 1 1 1 1 1 1 1 1 100 1 1 1 1 100 1 100 1 1 100 1 1 1 1 1 100 1 100 1 1
instanceKlass com/sun/tools/javac/code/Type$3
instanceKlass com/sun/tools/javac/code/Type$2
instanceKlass com/sun/tools/javac/code/Type$1
ciInstanceKlass com/sun/tools/javac/code/Type$JCNoType 1 1 85 9 7 12 1 1 1 10 7 12 1 1 1 100 1 8 1 10 12 1 9 7 12 1 1 1 9 100 12 1 1 11 100 12 1 1 1 10 100 12 1 1 1 10 12 1 1 100 1 1 1 1 1 1 1 1 1 1 1 1 1 1 1 1 1 1 1 1 1 1 1 1 1 1 1 1 1 1 1 100 1 100 1 1 1
instanceKlass com/sun/tools/javac/code/Symtab$5
instanceKlass com/sun/tools/javac/code/Symtab$4
instanceKlass com/sun/tools/javac/code/Symtab$3
ciInstanceKlass com/sun/tools/javac/code/Symbol$ModuleSymbol 1 1 376 7 1 10 12 1 1 7 1 100 1 5 0 10 12 1 10 12 1 1 9 12 1 1 9 12 1 10 7 12 1 1 1 9 12 1 1 9 12 1 1 9 7 12 1 1 1 10 7 12 1 1 10 7 12 1 1 1 9 12 1 1 9 7 12 1 1 1 9 12 1 7 1 10 7 12 1 1 1 9 12 1 1 7 1 9 12 1 10 7 12 1 1 1 7 1 10 12 1 9 12 1 1 100 1 9 12 1 10 100 12 1 1 1 9 12 1 1 11 100 12 1 1 1 10 100 12 1 1 1 9 12 1 1 10 12 1 9 100 12 1 1 1 10 12 1 1 10 12 1 9 12 1 10 100 12 1 1 1 11 12 1 1 8 1 8 1 10 100 12 1 1 1 11 100 12 1 1 1 10 12 1 1 11 100 12 1 1 11 12 1 1 100 1 10 12 1 1 18 12 1 1 10 12 1 1 10 12 1 1 9 12 1 9 12 1 9 12 1 9 12 1 9 12 1 1 10 12 1 10 12 1 1 10 12 1 9 12 1 9 12 1 100 1 1 1 1 1 1 1 1 1 1 1 1 1 1 1 1 1 1 1 1 1 1 1 1 1 1 1 1 1 1 1 1 1 1 1 1 1 1 1 1 1 1 1 1 1 1 1 1 1 1 1 1 1 1 1 1 1 1 1 1 1 1 1 1 1 1 1 1 1 1 1 1 15 10 100 12 1 1 1 16 15 10 12 16 1 1 1 100 1 1 100 1 1 1 1 1 1 100 1 1 100 1 100 1 1 100 1 100 1 1 100 1 1 100 1 1 100 1 1 100 1 1 100 1 1 100 1 1 100 1 100 1 1
ciInstanceKlass com/sun/tools/javac/util/Names 1 1 672 9 7 12 1 1 1 10 7 12 1 1 1 10 12 1 1 10 12 1 1 10 7 12 1 1 10 7 12 1 1 1 10 12 1 1 9 12 1 1 8 1 10 12 1 1 9 12 1 1 8 1 9 12 1 8 1 9 12 1 8 1 9 12 1 8 1 9 12 1 8 1 9 12 1 8 1 9 12 1 8 1 9 12 1 8 1 9 12 1 8 1 9 12 8 1 9 12 8 1 9 12 8 1 9 12 8 1 9 12 8 1 9 12 8 1 9 12 8 1 9 12 8 1 9 12 8 1 9 12 8 1 9 12 8 1 9 12 8 1 9 12 1 8 1 9 12 8 1 9 12 1 8 1 9 12 8 1 9 12 1 8 1 9 12 8 1 9 12 8 1 9 12 1 8 1 9 12 8 1 9 12 8 1 9 12 1 8 1 9 12 8 1 9 12 8 1 9 12 8 1 9 12 8 1 9 12 8 1 9 12 8 9 12 1 8 1 9 12 8 1 9 12 8 1 9 12 8 1 9 12 8 1 9 12 8 1 9 12 8 1 9 12 8 1 9 12 8 1 9 12 8 1 9 12 8 1 9 12 8 1 9 12 8 1 9 12 1 8 1 9 12 1 8 1 9 12 1 8 1 9 12 1 8 1 9 12 1 8 1 9 12 1 8 1 9 12 8 1 9 12 8 1 9 12 8 1 9 12 8 1 9 12 1 8 1 9 12 1 8 1 9 12 8 1 9 12 8 1 9 12 8 1 9 12 8 1 9 12 8 1 9 12 8 1 9 12 8 1 9 12 8 1 9 12 8 1 9 12 8 1 9 12 8 1 9 12 8 1 9 12 8 1 9 12 8 1 9 12 8 1 9 12 8 1 9 12 8 1 9 12 8 1 9 12 8 1 9 12 8 1 9 12 8 1 9 12 8 1 9 12 8 1 9 12 8 1 9 12 8 1 9 12 8 1 9 12 8 1 9 12 8 1 9 12 8 1 9 12 8 1 9 12 8 1 9 12 8 1 9 12 8 1 9 12 8 1 9 12 8 1 9 12 8 1 9 12 8 1 9 12 8 1 9 12 8 1 9 12 8 1 9 12 8 1 9 12 8 1 9 12 8 1 9 12 8 1 9 12 8 1 9 12 8 1 9 12 8 1 9 12 8 1 9 12 8 1 9 12 8 1 9 12 8 1 9 12 8 1 9 12 8 1 9 12 8 1 9 12 1 8 1 9 12 1 8 1 9 12 8 1 9 12 1 8 1 9 12 8 1 9 12 8 1 9 12 8 1 9 12 8 1 9 12 8 1 9 12 8 1 9 12 8 1 9 12 8 1 9 12 8 1 9 12 8 1 9 12 8 1 9 12 8 1 9 12 8 1 9 12 8 1 9 12 8 1 10 12 1 1 10 100 12 1 1 1 10 7 12 1 1 10 7 12 1 1 10 12 1 1 10 10 12 1 1 10 12 1 7 1 10 1 1 1 1 1 1 1 1 1 1 1 1 1 1 1 1 1 1 100 1 1
staticfield com/sun/tools/javac/util/Names namesKey Lcom/sun/tools/javac/util/Context$Key; com/sun/tools/javac/util/Context$Key
instanceKlass com/sun/tools/javac/util/SharedNameTable
ciInstanceKlass com/sun/tools/javac/util/Name$Table 1 1 65 10 7 12 1 1 1 9 7 12 1 1 1 10 7 12 1 1 1 10 12 1 1 10 12 1 1 1 1 1 1 1 1 1 1 1 1 1 1 1 1 1 1 1 1 1 1 1 1 1 1 1 1 1 1 1 1 1 1 1 1 100 1 1 1
ciInstanceKlass com/sun/tools/javac/util/SharedNameTable 1 1 150 9 7 12 1 1 1 10 7 12 1 1 1 9 12 1 1 100 1 10 12 1 1 9 12 1 10 12 1 1 10 12 1 10 12 1 1 10 7 1 9 12 1 1 9 12 1 7 1 9 12 1 1 9 12 1 1 3 3 10 12 1 10 7 12 1 1 1 10 7 12 1 1 1 10 12 1 1 10 12 1 1 9 12 1 10 12 1 1 9 12 1 1 10 12 1 9 12 1 10 7 12 1 1 1 10 12 1 10 12 1 1 1 1 1 1 1 1 1 1 1 1 1 1 1 1 1 1 1 1 1 1 1 1 1 1 100 100 1 1 1 1 1 1 1 1 100 1 1 1
instanceKlass com/sun/tools/javac/util/SharedNameTable$NameImpl
ciInstanceKlass com/sun/tools/javac/util/Name 1 1 150 10 7 12 1 1 1 9 7 12 1 1 1 10 12 1 1 11 100 1 10 7 12 1 1 1 100 1 10 12 1 1 10 12 1 1 10 12 1 1 10 12 1 10 12 1 1 10 7 12 1 1 1 10 12 1 10 12 1 1 10 12 1 10 7 12 1 1 1 10 7 12 1 1 1 11 7 12 1 1 1 100 1 100 1 1 1 1 1 1 1 1 1 1 1 1 1 1 1 1 1 1 1 1 1 1 1 1 1 1 1 1 1 1 1 1 1 1 1 1 1 1 100 1 1 1 1 1 1 1 1 1 1 1 1 1 1 1 1 1 1 1 1 1 1 1 1 1 1 1
ciInstanceKlass com/sun/tools/javac/util/SharedNameTable$NameImpl 1 1 64 10 7 12 1 1 1 9 7 12 1 1 1 9 12 1 10 12 1 1 9 12 1 1 7 1 9 12 1 1 9 10 12 1 1 1 1 1 1 1 1 1 1 1 1 1 1 1 1 1 1 1 1 1 1 1 1 1 1 1 100 1 1 1
ciInstanceKlass com/sun/tools/javac/util/Convert 1 1 264 10 100 12 1 1 1 10 7 12 1 1 1 10 7 12 1 1 1 3 10 7 12 1 1 1 100 1 10 10 7 12 1 1 1 5 0 10 7 12 1 1 1 10 100 12 1 1 1 10 12 1 10 12 1 10 12 1 1 10 12 1 1 10 12 1 10 12 1 100 1 10 10 12 1 1 10 12 1 1 10 12 1 1 10 12 1 1 10 12 1 1 8 1 8 1 8 1 8 1 8 1 8 1 8 1 8 1 10 12 1 1 10 12 1 8 1 10 12 1 10 12 1 1 10 12 1 1 8 1 10 12 1 1 10 12 1 10 7 12 1 1 1 10 12 1 10 10 12 1 1 10 12 1 10 12 1 8 1 10 7 12 1 1 1 10 12 1 1 10 10 12 1 1 10 12 1 1 9 12 1 1 9 100 12 1 1 1 10 100 12 1 1 1 10 12 1 1 1 1 1 1 1 1 1 1 1 1 1 1 1 1 1 1 1 100 1 1 1 1 1 1 1 1 1 1 1 1 1 1 1 1 1 1 1 1 1 1 1 1 1 1 1 1 1 1 1 1 1 1 1 1 1 1 1 1 1 1 1 1 1 1 1 1
instanceKlass com/sun/tools/javac/comp/Infer$PartiallyInferredMethodType
instanceKlass com/sun/tools/javac/code/Types$23$1
instanceKlass com/sun/tools/javac/code/Type$StructuralTypeMapping$4
ciInstanceKlass com/sun/tools/javac/code/Type$MethodType 1 1 209 9 7 12 1 1 1 10 7 12 1 1 1 9 7 12 1 1 1 9 12 1 1 9 12 1 100 1 8 1 10 12 1 9 7 12 1 1 1 11 7 12 1 1 1 100 1 10 12 1 10 12 1 1 10 12 1 1 10 12 1 10 12 1 1 9 12 1 10 12 1 1 10 12 1 100 1 10 12 1 1 10 12 1 1 10 12 10 100 12 1 1 9 12 1 1 10 12 1 9 12 1 10 12 1 1 9 100 12 1 1 1 11 100 12 1 1 1 10 12 1 1 10 12 1 10 12 1 10 12 1 1 10 12 1 10 12 1 10 12 1 100 1 100 1 1 1 1 1 1 1 1 1 1 1 1 1 1 1 1 1 1 1 1 1 1 1 1 1 1 1 1 1 1 1 1 1 1 1 1 1 1 1 1 1 1 1 1 1 1 1 1 1 1 1 1 100 1 100 1 1 1 1 100 1 1 100 1 1
instanceKlass com/sun/tools/javac/code/Type$JCPrimitiveType$2
instanceKlass com/sun/tools/javac/code/Type$JCPrimitiveType$1
ciInstanceKlass com/sun/tools/javac/code/Type$JCPrimitiveType 1 1 188 9 7 12 1 1 1 10 7 12 1 1 1 10 7 12 1 1 9 12 1 1 9 7 12 1 1 1 10 7 12 1 1 1 100 1 9 12 1 1 10 12 1 9 12 1 9 100 12 1 1 1 10 12 1 1 7 1 9 12 1 10 12 1 10 12 1 1 10 12 1 1 100 1 10 12 1 8 1 8 1 9 12 1 10 100 12 1 1 1 10 100 12 1 1 1 11 100 12 1 1 1 9 100 12 1 1 1 9 12 9 12 1 9 12 1 9 12 1 9 12 1 9 12 1 9 12 100 1 10 12 1 10 12 1 1 10 12 1 1 100 1 1 1 1 1 1 1 1 1 1 1 1 1 1 1 1 1 1 1 1 1 1 1 1 1 1 1 1 1 1 1 1 1 1 1 1 1 1 1 1 1 1 100 1 100 1 1
ciInstanceKlass com/sun/tools/javac/code/Type$JCVoidType 1 1 86 9 7 12 1 1 1 10 7 12 1 1 1 100 1 8 1 10 12 1 9 7 12 1 1 1 9 100 12 1 1 11 100 12 1 1 1 10 100 12 1 1 1 10 12 1 1 100 1 1 1 1 1 1 1 1 1 1 1 1 1 1 1 1 1 1 1 1 1 1 1 1 1 1 1 1 1 1 1 1 100 1 100 1 1 1
ciInstanceKlass com/sun/tools/javac/jvm/ClassReader$1 1 1 107 9 7 12 1 1 1 10 7 12 1 1 1 9 12 1 1 9 12 1 1 10 7 12 1 1 1 9 12 1 1 10 7 12 1 1 1 9 12 1 1 10 10 12 1 1 10 100 12 1 1 1 9 100 12 1 1 1 10 100 12 1 1 1 10 12 1 1 10 12 1 1 100 1 10 12 10 1 1 1 1 1 1 1 1 1 1 1 1 1 1 1 1 1 1 1 12 1 1 1 1 100 1 1 100 1 1
ciInstanceKlass com/sun/tools/javac/comp/Check$CheckContext 1 0 32 100 1 100 1 1 1 1 1 1 1 1 1 1 1 1 1 1 100 1 1 1 100 1 100 1 1 100 1 100 1 1
ciInstanceKlass com/sun/tools/javac/comp/Attr 1 1 5514 7 1 9 7 12 1 1 1 10 7 12 1 1 1 10 12 1 1 10 7 12 1 1 7 1 10 12 1 9 12 1 1 9 12 1 1 9 7 12 1 1 1 9 12 1 7 1 10 9 12 1 1 7 1 10 9 12 1 1 7 1 10 9 12 1 1 10 12 1 1 10 7 12 1 1 1 9 12 1 1 10 7 12 1 1 9 12 1 1 10 7 12 1 1 9 12 1 1 10 7 12 1 1 9 12 1 1 10 7 12 1 1 9 12 1 1 10 7 12 1 1 9 12 1 1 10 7 12 1 1 9 12 1 1 10 7 12 1 1 9 12 1 1 10 7 12 1 1 9 12 1 1 10 7 12 1 1 9 12 1 1 10 7 12 1 1 9 12 1 1 10 7 12 1 1 9 12 1 1 10 7 12 1 1 9 12 1 1 10 7 12 1 1 9 12 1 1 10 7 12 1 1 9 12 1 1 10 7 12 1 1 9 12 1 1 10 7 12 1 1 9 12 1 1 10 7 12 1 1 9 12 1 1 10 7 12 1 1 9 12 1 1 10 7 12 1 1 9 12 1 1 10 7 12 1 1 9 12 1 1 10 7 12 1 1 9 12 1 1 10 7 12 1 1 9 12 1 1 10 7 12 1 1 9 12 1 1 10 7 12 1 1 9 12 1 1 10 12 1 9 12 1 1 10 7 12 1 1 9 12 1 1 10 7 12 1 1 10 7 12 1 1 9 7 12 1 1 1 10 12 1 1 9 12 1 1 9 12 1 9 12 1 9 12 1 9 12 1 9 12 1 9 12 1 9 12 1 9 12 1 9 12 1 9 12 1 9 12 1 9 12 1 10 12 1 1 9 12 1 10 12 1 1 9 12 1 9 12 1 1 9 12 1 8 1 10 12 1 1 9 12 7 1 9 7 12 1 1 1 9 7 12 1 1 1 10 12 1 9 12 1 1 9 12 1 9 12 1 9 12 1 9 12 1 7 1 10 9 12 1 9 12 1 9 12 1 9 12 1 9 12 1 7 1 9 12 1 1 10 12 1 9 12 1 9 12 1 1 11 7 12 1 1 1 9 7 12 1 1 1 10 12 1 1 9 12 1 1 9 12 1 9 12 1 9 12 1 10 12 1 1 10 7 12 1 1 1 10 12 1 1 10 100 12 1 1 1 10 12 1 1 10 12 1 1 10 7 12 1 1 1 9 12 1 1 10 7 12 1 1 10 7 12 1 1 1 18 12 1 1 10 12 1 1 10 12 1 1 10 12 1 9 12 1 9 7 12 1 1 1 7 1 9 12 1 1 9 7 12 1 1 1 9 7 1 9 7 12 1 1 9 12 1 9 12 1 1 9 7 12 1 1 10 12 1 1 5 0 9 10 5 0 10 12 1 1 9 12 1 1 10 7 12 1 1 1 9 9 12 1 9 12 1 1 5 0 5 0 10 12 1 10 12 1 1 10 12 1 10 12 1 1 10 12 1 9 7 12 1 1 1 10 12 1 7 1 9 12 1 1 10 12 1 1 9 12 9 12 1 1 9 7 12 1 1 1 10 12 1 1 10 12 1 1 10 12 1 1 9 12 1 9 7 1 10 12 1 1 10 12 1 1 10 12 1 1 10 12 1 1 10 12 1 10 12 1 1 10 12 1 10 12 1 1 9 7 12 1 1 9 12 1 9 12 1 10 12 1 1 9 12 1 1 9 7 12 1 1 1 10 12 1 1 9 7 12 1 1 1 10 12 1 1 10 12 1 1 10 12 1 100 1 9 12 1 1 100 1 10 12 1 1 9 12 1 9 10 12 1 10 12 1 1 9 12 1 10 12 1 10 12 1 1 11 12 1 1 9 7 12 1 1 1 9 7 12 1 1 10 12 1 1 10 12 1 1 7 1 9 12 1 10 12 1 1 10 12 9 12 1 10 12 1 1 10 12 1 9 12 1 10 12 1 1 10 12 1 1 10 12 1 1 11 7 12 1 1 1 11 7 12 1 1 11 12 1 1 10 12 1 10 10 12 1 10 12 1 1 10 12 1 1 10 12 1 1 7 1 10 10 12 1 9 12 1 10 12 1 10 12 1 1 9 12 1 1 10 12 1 10 12 1 7 1 10 12 1 9 12 1 9 12 10 12 1 10 12 10 12 1 1 10 12 1 1 100 1 9 100 1 9 12 1 1 9 7 12 1 1 1 5 0 10 12 1 1 9 12 1 10 12 1 10 12 1 10 12 1 1 9 12 1 5 0 10 10 12 1 1 7 1 9 12 1 10 7 1 10 12 1 1 9 12 10 12 1 9 12 1 9 10 12 1 1 9 9 10 12 1 10 10 12 1 1 9 12 1 7 1 9 12 1 10 9 10 12 1 9 12 1 10 12 1 9 12 1 10 12 1 1 9 12 1 10 12 1 1 10 5 0 9 12 1 9 12 1 10 12 1 10 12 1 10 5 0 10 7 12 1 1 10 12 1 9 9 7 1 9 12 9 12 1 9 12 1 10 7 12 1 1 1 9 12 1 10 12 1 10 12 1 9 12 1 10 12 1 1 10 12 1 9 12 1 9 5 0 10 10 12 1 1 9 18 12 1 10 12 1 1 9 7 12 1 1 10 7 1 5 0 9 12 1 1 10 7 12 1 1 1 10 12 1 1 10 12 1 1 10 10 12 1 1 10 12 1 1 10 12 1 1 9 12 1 10 12 1 1 10 12 10 12 1 1 10 12 1 10 12 1 1 10 10 12 1 1 9 10 12 1 1 10 100 12 1 1 1 10 12 1 1 10 12 1 5 0 9 12 1 9 12 1 1 9 12 1 10 12 1 1 10 12 1 9 12 1 9 9 12 1 10 12 10 12 1 9 10 12 1 10 12 1 1 18 12 1 1 11 7 12 1 1 1 11 12 1 1 10 12 1 10 12 1 9 100 12 1 1 1 10 12 1 1 9 10 12 1 10 12 7 1 9 10 12 1 1 10 12 1 1 10 12 1 1 9 7 12 1 1 9 12 1 9 12 1 9 12 1 9 9 5 0 10 12 1 1 9 7 12 1 1 10 12 1 10 12 1 1 10 12 1 5 0 10 12 1 1 5 0 9 12 1 8 1 10 12 1 1 10 12 1 1 10 12 1 1 10 12 1 9 12 1 9 12 1 9 12 1 10 12 1 1 18 12 1 1 10 12 1 1 9 5 0 10 12 1 9 12 1 9 9 12 1 9 12 1 10 12 1 1 10 12 1 1 9 12 1 10 12 1 1 9 12 1 1 9 12 1 9 12 1 5 0 9 12 1 5 0 5 0 10 7 1 9 12 1 9 12 1 9 12 1 1 9 7 12 1 5 0 9 12 1 9 12 1 10 12 1 1 9 12 1 9 12 1 10 12 1 1 10 12 1 1 10 12 1 1 10 12 1 1 10 12 1 1 10 12 1 7 1 10 10 12 1 18 9 18 10 12 1 1 9 12 1 9 12 1 10 12 1 1 10 12 1 1 10 12 10 12 1 1 9 9 12 1 10 12 1 1 5 0 9 12 1 10 12 1 1 10 12 1 1 9 12 1 10 12 1 1 10 12 1 10 12 10 12 1 9 12 7 1 9 12 1 1 9 7 12 1 1 10 12 1 10 12 1 10 12 1 10 12 1 1 9 12 1 10 12 1 1 10 10 12 1 1 10 12 1 10 12 1 18 12 1 10 12 1 1 9 10 12 1 7 1 10 10 12 1 9 12 1 9 12 1 9 5 0 10 12 1 10 12 1 9 12 1 10 12 1 10 12 1 1 10 12 1 10 12 9 100 12 1 1 10 12 1 9 12 1 9 12 1 1 10 12 1 1 9 7 12 1 1 10 7 12 1 1 1 18 12 1 10 12 1 18 9 100 1 9 12 1 10 12 1 1 9 10 12 1 10 12 1 9 7 12 1 9 9 12 1 9 9 7 12 1 1 10 12 10 12 1 10 10 12 1 9 12 1 10 12 1 1 9 12 1 10 12 1 1 10 12 1 10 12 1 10 12 1 1 9 12 10 12 1 1 9 12 1 9 12 1 9 9 12 1 9 12 1 100 1 9 12 1 10 10 12 1 1 9 12 9 9 100 12 1 1 9 12 1 18 12 1 10 12 1 1 10 12 9 12 1 9 12 1 9 12 1 9 7 12 1 1 1 9 12 9 100 12 1 1 9 12 1 10 12 1 1 11 12 1 1 9 10 12 1 1 10 12 1 9 9 18 12 1 10 9 12 1 10 9 12 1 10 12 1 1 10 12 1 100 1 10 12 1 9 12 1 10 12 1 1 9 12 1 10 12 1 10 12 1 1 18 11 12 1 1 18 11 12 1 1 100 1 10 100 1 9 12 1 1 10 9 12 1 9 12 1 100 1 10 12 1 10 12 1 9 12 1 10 9 12 1 9 12 1 10 12 1 10 12 1 1 9 12 1 11 100 12 1 1 10 12 1 1 9 12 1 1 9 12 1 9 12 1 9 12 1 9 12 1 10 12 1 1 10 12 1 9 12 1 10 9 12 1 9 12 1 100 1 10 12 1 1 10 100 12 1 10 12 1 10 12 1 1 10 12 1 10 12 1 10 12 1 9 12 1 10 12 1 1 10 12 1 11 100 12 1 1 9 10 12 1 1 10 12 1 1 9 12 1 9 100 12 1 1 10 12 1 9 12 1 9 12 1 9 12 1 9 12 1 9 9 10 12 1 1 10 12 1 10 12 1 9 12 1 9 12 1 9 10 12 1 9 10 100 1 9 12 1 10 12 1 9 7 12 1 1 1 10 12 1 10 12 1 9 100 12 1 1 1 10 12 1 1 9 5 0 9 7 12 1 1 7 1 10 9 12 9 12 1 10 12 1 10 12 1 1 9 7 12 1 1 1 10 12 1 1 9 9 12 1 7 1 9 12 1 10 12 1 1 5 0 9 9 12 1 10 12 9 9 12 1 9 12 1 7 1 10 12 1 9 12 1 10 12 1 1 10 12 1 1 9 12 1 10 12 1 1 9 12 1 10 12 1 10 12 1 10 12 1 1 9 12 1 10 12 1 1 9 7 1 10 12 1 1 9 9 12 1 9 10 12 1 9 12 1 9 12 1 10 12 1 10 12 1 10 12 1 1 9 7 12 1 1 1 10 10 12 1 1 7 1 9 12 1 9 12 1 10 12 1 9 12 1 9 12 1 7 1 9 10 12 1 10 10 12 1 7 1 9 10 100 12 1 1 1 10 12 1 10 12 1 7 1 10 18 12 1 11 12 1 10 12 1 18 12 1 11 12 10 12 1 1 11 12 1 1 18 10 12 1 9 12 1 10 12 1 18 12 1 18 9 12 1 1 9 12 1 1 10 18 18 18 18 18 12 1 18 18 10 12 1 1 9 7 1 9 12 1 9 12 1 10 12 1 1 7 1 10 10 9 7 1 10 7 1 10 9 10 12 1 1 9 12 9 12 1 9 100 12 1 1 10 10 9 9 12 1 9 12 1 9 12 1 10 7 1 10 9 9 10 12 1 1 9 7 12 1 1 100 1 9 12 1 9 12 1 9 12 1 10 9 12 1 9 12 1 9 12 1 10 12 1 10 12 1 1 10 12 1 9 12 1 9 12 1 9 12 1 9 12 1 10 12 1 9 12 1 9 12 1 9 12 1 10 7 1 9 12 1 9 12 1 9 12 1 9 12 1 9 12 1 9 9 12 1 10 12 1 1 9 7 1 9 100 1 9 12 1 9 12 9 12 1 10 12 1 1 9 12 1 10 12 1 10 12 1 1 10 12 1 9 12 1 10 12 1 10 12 1 1 10 12 1 9 12 1 9 12 1 9 12 1 1 10 12 1 1 10 12 1 1 10 12 1 1 10 12 1 1 9 12 1 1 9 9 12 1 10 12 10 12 1 1 10 12 1 1 9 12 1 7 1 7 1 9 7 12 1 1 1 9 12 1 10 12 1 10 12 1 1 10 12 1 9 12 1 9 12 1 10 12 1 9 12 1 10 10 12 1 9 12 1 10 12 1 7 1 10 12 1 9 9 12 1 9 12 1 100 1 9 12 1 9 12 1 9 10 12 1 1 10 12 1 1 9 12 1 1 10 12 1 1 11 100 12 1 1 1 9 12 1 9 9 12 1 10 12 1 1 10 12 1 1 10 12 1 10 12 1 1 10 12 1 1 9 10 12 1 9 12 1 10 10 12 1 10 10 12 1 9 9 9 9 12 1 10 12 1 9 12 1 5 0 10 12 1 9 12 1 9 12 1 9 10 12 1 10 12 1 10 12 1 10 12 1 9 12 1 10 12 1 1 9 12 1 10 12 1 9 12 1 10 12 1 10 12 1 10 12 1 9 12 1 10 12 1 1 18 12 1 18 12 1 10 12 1 1 10 12 1 1 10 12 1 10 12 1 1 10 12 1 10 12 1 1 10 12 1 1 10 12 1 9 12 1 9 12 1 10 12 1 9 12 10 12 1 9 12 1 1 10 12 1 9 12 1 10 12 1 7 1 10 12 1 9 12 1 10 12 1 1 10 12 1 1 9 7 12 1 1 1 9 9 7 1 9 12 9 12 1 7 1 10 12 1 9 12 1 10 10 12 1 9 12 1 10 12 1 1 10 12 1 9 12 1 10 9 12 1 10 12 1 1 9 12 1 9 12 1 9 10 12 10 12 1 1 9 7 12 1 9 12 1 9 10 12 1 1 10 12 1 1 9 12 1 10 12 1 1 10 12 1 1 9 7 12 1 1 1 10 12 1 1 9 12 10 12 1 10 12 1 1 10 12 1 1 10 12 1 10 12 1 1 10 12 1 1 10 12 1 1 10 12 1 1 7 1 10 12 1 1 7 1 10 7 12 1 1 1 10 12 1 10 12 1 1 10 12 1 10 12 1 100 1 10 12 1 10 10 12 1 1 10 12 1 1 10 7 1 10 12 1 7 1 10 10 10 12 8 1 10 12 1 1 10 12 1 18 12 1 7 1 10 12 1 7 1 10 10 12 1 9 12 9 12 1 10 12 1 10 12 1 10 12 1 1 11 100 12 1 1 9 12 1 11 12 5 0 9 12 1 11 12 1 10 7 1 9 12 1 9 9 10 12 1 1 10 12 1 1 9 7 12 1 1 1 10 12 1 10 12 1 9 10 12 1 9 12 1 10 12 1 1 10 12 1 1 9 12 1 1 7 1 10 12 1 10 12 1 9 9 12 1 1 10 12 1 1 10 12 1 7 1 9 12 1 10 100 1 10 8 1 10 12 1 10 12 1 10 12 1 100 1 9 100 12 1 1 1 10 12 1 10 12 1 1 10 12 1 10 12 1 10 12 1 10 12 1 10 12 1 9 10 12 1 1 9 12 1 10 12 1 1 9 12 1 9 12 1 10 7 12 1 1 9 12 1 10 12 1 10 9 12 1 9 12 1 10 12 1 10 12 1 1 10 12 1 8 1 10 12 1 1 9 12 1 10 11 12 1 1 10 12 1 1 10 12 1 1 10 12 1 18 12 1 9 12 1 18 12 1 10 12 1 18 12 1 18 12 1 10 18 18 11 18 12 1 9 7 1 10 12 1 1 10 12 1 1 10 12 1 10 12 1 10 9 12 1 9 7 12 1 1 10 12 1 9 12 1 9 100 1 9 10 10 12 1 10 12 1 1 9 9 12 1 10 12 1 1 10 12 1 10 10 12 1 9 12 1 7 1 9 12 1 10 12 1 1 10 12 1 9 7 1 10 9 10 12 1 9 9 10 12 1 1 100 1 7 1 10 10 12 10 12 1 10 12 1 9 7 12 1 9 10 12 1 1 9 12 1 100 1 10 10 12 1 1 9 100 1 10 12 1 9 12 1 9 12 1 9 12 1 10 10 12 1 10 12 1 1 9 100 1 9 100 12 1 1 1 10 12 1 10 12 1 10 9 12 1 9 12 1 10 12 1 10 12 1 9 7 1 10 9 9 10 12 1 1 10 12 1 1 9 10 10 12 1 1 10 12 1 9 100 12 1 1 9 9 9 100 12 1 1 9 9 10 12 1 1 9 7 1 9 12 1 9 12 1 10 10 12 1 10 10 12 1 1 10 12 1 1 9 9 12 1 10 12 1 1 10 12 1 1 10 12 1 1 10 12 1 1 10 12 1 10 12 1 9 9 12 1 9 12 9 12 10 9 12 1 10 12 1 9 9 10 12 1 1 9 12 1 10 12 1 10 12 1 10 12 1 1 10 7 1 9 12 1 10 12 1 100 1 10 12 1 10 12 1 1 10 9 12 1 10 12 1 10 12 1 1 10 12 1 1 9 12 1 10 12 1 1 10 12 1 10 12 1 10 12 1 1 10 12 1 1 5 0 100 1 10 12 1 10 12 1 10 12 1 10 12 1 1 10 12 1 10 12 1 1 10 12 1 10 12 1 1 9 12 1 10 12 1 10 12 1 10 12 1 10 12 1 1 10 12 1 10 12 1 10 12 1 1 10 12 1 10 12 1 1 8 1 8 1 10 12 1 1 10 12 1 10 12 1 10 12 1 10 12 1 9 9 9 12 1 10 12 1 1 9 12 1 10 12 1 1 10 12 1 10 12 10 12 1 1 10 12 1 10 12 1 9 12 1 10 12 1 10 12 10 12 1 10 10 12 1 10 12 1 1 10 12 1 1 10 12 1 1 10 10 12 1 1 10 12 1 10 9 12 1 10 12 1 10 12 1 7 1 10 12 1 10 12 1 10 12 1 1 10 10 12 1 1 10 12 1 10 12 9 12 1 10 12 1 10 12 1 1 10 12 1 100 1 10 100 1 10 100 1 10 12 1 100 1 10 12 1 9 12 10 100 1 10 12 1 1 9 12 9 7 1 9 7 1 9 10 12 1 10 12 1 10 12 1 8 1 10 10 100 12 1 1 10 12 1 10 12 1 9 100 12 1 1 10 12 1 10 10 12 1 10 12 1 1 100 1 10 12 1 9 9 100 1 10 12 1 1 9 9 10 12 1 1 10 9 12 1 10 12 1 1 10 12 1 5 0 5 0 9 10 12 1 1 10 12 1 10 12 1 9 7 12 1 1 9 7 12 1 9 12 1 9 12 1 10 8 1 10 12 1 9 100 12 1 1 10 12 1 10 12 1 1 9 7 12 1 1 9 12 9 10 100 1 9 12 1 10 12 1 1 10 12 1 100 1 9 12 1 1 10 12 1 1 10 10 12 1 9 12 1 10 12 1 9 5 0 10 12 1 10 12 9 12 1 9 12 1 10 12 1 1 9 12 1 10 12 1 9 100 12 1 1 9 12 1 9 12 1 10 12 1 10 12 1 1 10 9 12 1 10 12 1 11 12 9 12 1 18 12 1 11 12 1 1 10 12 1 100 1 10 12 1 10 10 12 1 10 12 1 1 10 12 1 10 12 1 9 12 1 10 12 1 10 12 1 18 12 1 10 12 1 18 18 5 0 18 10 12 1 10 12 1 10 9 12 1 10 12 1 10 10 12 1 10 12 1 10 12 1 10 9 12 1 9 12 1 5 0 9 12 1 9 12 1 10 12 1 1 10 12 1 10 12 1 1 10 12 1 1 10 100 12 1 1 10 12 1 1 10 9 10 12 1 1 10 12 1 9 12 1 10 12 1 10 12 1 1 10 100 12 1 1 1 9 100 1 10 12 1 1 10 12 1 1 10 12 1 10 12 1 10 12 1 9 10 12 1 9 12 1 10 12 1 9 12 1 10 12 1 5 0 10 12 1 10 12 1 10 12 1 9 12 1 5 0 10 12 1 1 10 12 1 10 12 1 9 10 9 12 1 10 10 9 12 1 10 12 1 10 12 1 5 0 10 12 1 9 12 1 10 12 1 10 12 1 10 100 1 7 1 10 12 1 100 1 10 10 100 1 10 12 1 10 9 10 10 12 1 10 12 1 7 1 10 12 1 9 12 1 18 12 1 10 12 1 10 12 1 10 12 1 1 10 12 1 10 12 1 100 1 10 12 1 10 12 9 12 1 10 12 1 7 1 10 9 12 1 9 12 1 9 12 1 9 12 1 1 1 1 1 1 1 1 1 1 1 1 1 1 1 1 1 1 1 1 1 1 1 1 1 1 1 1 1 1 1 1 1 1 1 1 1 1 1 1 1 1 1 1 1 1 1 1 1 1 1 1 1 1 1 1 1 1 1 1 100 1 1 1 1 1 1 1 1 1 1 1 1 1 1 1 1 1 1 1 1 1 1 1 1 1 1 1 1 1 1 1 1 1 1 1 1 1 1 1 1 1 1 1 1 1 1 1 1 1 1 1 1 1 1 1 1 1 1 1 1 1 1 1 1 1 1 1 1 1 7 1 1 1 1 1 1 1 1 1 1 1 1 1 1 1 1 1 1 1 1 100 1 100 1 1 1 1 1 1 1 1 1 1 1 1 1 1 1 1 1 1 1 1 1 1 1 1 1 1 1 1 1 1 1 1 1 1 1 1 1 1 1 1 1 1 1 1 1 1 1 1 1 1 1 1 1 1 1 1 1 1 1 1 1 1 1 1 1 1 1 1 1 1 1 1 1 1 1 1 1 1 1 1 1 1 100 1 1 1 1 1 1 1 1 1 1 1 1 1 1 1 1 1 1 1 1 1 1 1 1 1 1 1 100 1 1 1 1 1 1 1 1 1 1 1 1 1 1 1 1 1 1 1 1 1 1 1 1 1 1 1 1 1 1 100 1 1 1 1 1 1 1 1 1 1 1 1 1 1 1 1 1 1 1 1 1 1 1 1 1 1 1 1 1 1 1 1 1 1 1 1 1 1 1 1 1 1 1 1 1 1 1 1 1 1 1 1 1 1 1 1 1 1 1 1 1 1 1 1 1 1 1 1 1 1 1 1 1 1 1 1 1 1 1 1 1 1 1 1 1 1 1 1 1 1 1 1 1 1 1 1 1 1 1 1 1 1 1 1 1 1 1 1 1 100 1 1 1 1 1 1 1 1 1 1 1 1 1 1 1 1 1 1 1 1 1 1 1 1 1 1 1 1 1 1 1 1 1 1 1 1 1 100 1 100 1 100 1 1 1 1 1 1 1 1 1 1 1 1 1 1 1 1 1 1 1 1 1 1 1 1 1 1 1 1 1 1 1 1 1 1 1 1 1 1 1 1 1 1 1 1 1 1 1 1 1 1 1 1 1 1 1 1 1 1 1 1 1 1 1 1 1 1 1 1 1 1 1 1 1 1 1 1 1 1 1 1 1 1 1 1 1 1 1 1 1 1 1 1 100 1 1 1 1 1 1 1 1 1 1 1 1 1 1 1 1 1 1 1 1 1 1 1 1 1 1 1 1 1 1 1 1 1 1 1 1 1 1 1 1 1 1 1 1 1 1 1 1 1 1 1 1 1 1 1 1 1 1 1 1 1 1 1 1 1 1 1 1 1 1 1 1 1 1 1 1 1 1 1 1 1 1 1 1 1 1 1 1 1 1 1 1 1 1 1 1 1 1 1 1 1 1 1 1 1 1 1 1 1 1 1 1 1 1 1 1 1 1 1 1 1 1 1 1 1 1 1 1 1 1 1 1 1 1 1 1 1 1 1 1 1 1 1 1 1 1 1 1 1 1 1 1 1 1 1 1 1 1 1 1 1 1 1 1 1 1 1 100 1 100 1 100 1 1 15 10 7 12 1 1 1 16 1 15 10 12 16 15 10 12 16 1 16 15 10 12 16 1 16 15 10 12 16 15 10 12 16 15 10 12 16 15 10 12 16 15 16 1 15 10 12 1 16 15 10 12 16 15 10 12 15 10 12 16 15 10 12 16 15 10 12 16 15 10 12 16 15 10 12 15 10 12 15 10 12 15 10 12 15 10 12 15 10 12 15 10 12 15 10 12 15 10 12 15 10 12 15 10 12 15 10 12 15 10 12 15 10 12 15 10 12 15 10 12 15 10 12 16 15 10 12 15 10 12 15 10 12 15 10 12 16 1 15 10 12 15 10 12 15 10 12 16 15 10 12 15 10 12 1 1 1 1 1 1 1 1 1 1 100 1 1 1 1 1 1 1 100 1 1 1 1 100 1 1 100 1 1 1 1 1 1 1 1 1 1 1 1 1 1 1 1 1 1 1 1 1 1 1 1 1 1 100 1 1 1 1 1 1 1 1 1 1 1 1 1 1 1 100 1 1 1 1 1 1 1 1 1 1 1 100 1 1 1 1 1 1 1 1 1 1 1 1 1 1 1 1 1 1 1 1 1 1 1 1 1 100 1 1 100 1 1 1 1 1 1 100 1 1 1 1 1 1 1 1 100 1 1 1 1 1 1 1 100 1 1 1 1 100 1 1 1 1 1 1 1 1 1 1 1 1 1 1 1 1 1 1 1 1 1 1 1 100 1 1 1 1 1 1 1 1 1 1 1 100 1 1 1 1 1 1 1 100 1 1 1 1 1 100 1 1 100 1 1 100 1 100 1 1
staticfield com/sun/tools/javac/comp/Attr attrKey Lcom/sun/tools/javac/util/Context$Key; com/sun/tools/javac/util/Context$Key
staticfield com/sun/tools/javac/comp/Attr primitiveTags [Lcom/sun/tools/javac/code/TypeTag; 8 [Lcom/sun/tools/javac/code/TypeTag;
instanceKlass com/sun/tools/javac/comp/LambdaToMethod$1LambdaBodyTranslator
instanceKlass com/sun/tools/javac/comp/LambdaToMethod$LambdaAnalyzerPreprocessor
instanceKlass com/sun/tools/javac/comp/LambdaToMethod
instanceKlass com/sun/tools/javac/comp/TransPatterns
instanceKlass com/sun/tools/javac/comp/TransTypes
instanceKlass com/sun/tools/javac/comp/Lower
instanceKlass com/sun/tools/javac/comp/Attr$4
ciInstanceKlass com/sun/tools/javac/tree/TreeTranslator 1 1 725 10 7 12 1 1 1 10 7 12 1 1 1 9 7 12 1 1 1 10 7 12 1 1 1 9 12 1 1 10 12 1 1 9 12 1 1 7 1 100 1 100 1 7 1 7 1 9 100 12 1 1 10 12 1 9 100 12 1 1 9 12 1 1 7 1 9 100 12 1 1 9 7 12 1 1 1 7 1 9 12 1 10 12 1 9 12 1 9 12 1 9 9 7 1 9 12 1 9 9 12 1 1 9 12 1 10 12 1 9 12 1 9 12 1 1 7 1 9 9 12 1 9 12 1 9 12 1 9 12 1 9 100 12 1 1 7 1 9 12 1 9 100 1 9 9 7 12 1 9 9 12 1 9 9 7 12 1 1 9 12 1 9 9 100 1 9 100 12 1 1 9 12 1 10 12 1 9 12 1 9 9 100 1 9 9 100 12 1 1 9 9 7 12 1 1 9 9 12 1 10 12 1 9 12 1 9 12 1 9 9 7 1 9 12 1 9 12 1 9 7 1 9 12 1 9 12 1 9 7 1 9 100 12 1 1 9 7 1 9 7 1 9 100 1 9 12 1 9 7 12 1 1 9 12 1 9 7 12 1 1 9 12 1 9 9 12 1 1 9 7 1 9 12 9 7 1 10 12 1 1 9 12 1 10 12 1 1 11 7 12 1 1 11 12 1 1 10 12 1 1 9 12 1 9 12 1 9 12 1 9 7 1 9 7 12 1 1 9 12 1 9 100 1 9 9 7 12 1 1 9 7 1 9 9 7 12 1 9 9 100 1 9 12 1 9 100 1 9 100 12 1 1 100 1 9 100 12 1 1 9 9 7 12 1 1 9 12 1 9 7 12 1 1 9 7 1 9 7 1 9 100 1 9 12 1 9 100 12 1 1 9 100 12 1 1 9 9 9 100 12 1 1 1 100 1 9 12 1 9 100 1 9 9 10 12 1 9 12 1 9 9 100 1 9 12 1 100 1 10 12 1 1 1 1 1 1 1 1 1 1 1 1 1 1 1 1 1 1 1 1 1 1 1 1 1 1 1 1 1 1 1 1 1 1 1 1 1 1 1 1 1 1 1 1 1 1 1 1 1 1 1 1 1 1 1 1 1 1 1 1 1 1 1 1 1 1 1 1 1 1 1 1 1 1 1 1 1 1 1 1 1 1 1 1 1 1 1 1 1 1 1 1 1 1 1 1 1 1 1 1 1 1 1 1 1 1 1 1 1 1 1 1 1 1 1 1 1 1 1 1 1 1 1 1 1 1 1 1 1 1 1 1 1 1 1 1 1 1 1 1 1 1 1 1 1 1 1 1 1 1 1 1 1 1 1 1 1 1 1 1 1 1 1 1 1 1 1 1 1 1 1 1 1 1 1 1 1 1 1 1 1 1 1 1 1 1 1 1 1 1 1 1 1 1 1 1 1 1 1 1 1 1 1 1 1 1 1 1 1 1 1 1 1 1 1 1 1 1 1 1 1 1 1 1 1 1 1 1 1 1 1 1 1 1 1 1 1 1 1 1 1 1 1 1 1 1 1 1 1 1 1 1 1 1 1 1 1 1 1 1 1 1 1 1 1 1 1 1 1 1 100 1 1 100 1 1 100 1 1 100 1 1 100 1 1 100 1 1 100 1 1 100 1 1
instanceKlass com/sun/tools/javac/code/Types$SimpleVisitor
instanceKlass com/sun/tools/javac/code/Types$MapVisitor
ciInstanceKlass com/sun/tools/javac/code/Types$DefaultTypeVisitor 1 1 122 10 7 12 1 1 1 10 7 12 1 1 1 10 7 12 1 1 1 100 1 1 1 1 1 1 1 1 1 1 1 1 1 1 1 1 1 1 1 1 1 1 1 1 1 1 1 1 1 1 1 1 1 1 1 1 1 1 1 1 1 1 1 1 1 1 1 1 1 1 1 1 1 1 1 1 1 1 1 1 1 1 1 1 100 1 1 1 1 100 1 1 100 1 1 100 1 1 100 1 1 100 1 1 100 1 1 100 1 1 100 1 1 100 1 1 100 1 1 100 1 1
instanceKlass com/sun/tools/javac/comp/Resolve$MethodResultInfo
instanceKlass com/sun/tools/javac/comp/Attr$RecoveryInfo
instanceKlass com/sun/tools/javac/comp/Attr$MethodAttrInfo
ciInstanceKlass com/sun/tools/javac/comp/Attr$ResultInfo 1 1 106 9 7 12 1 1 1 9 7 12 1 1 1 9 7 12 1 1 1 10 7 12 1 1 1 9 12 1 1 10 7 12 1 1 9 12 1 1 9 12 1 1 9 12 1 9 12 1 10 12 1 1 10 100 12 1 1 1 8 1 1 1 1 1 1 1 1 1 1 1 1 1 1 1 1 1 1 1 1 1 1 1 1 1 1 1 1 1 1 1 1 100 1 1 1 1 100 1 100 1 1 100 1 100 1 1
instanceKlass com/sun/tools/javac/comp/Resolve$BadVarargsMethod
instanceKlass com/sun/tools/javac/comp/Resolve$AmbiguityError
instanceKlass com/sun/tools/javac/comp/Resolve$BadRestrictedTypeError
instanceKlass com/sun/tools/javac/comp/Resolve$SymbolNotFoundError
instanceKlass com/sun/tools/javac/comp/Resolve$InvalidSymbolError
instanceKlass com/sun/tools/javac/comp/Resolve$InapplicableSymbolError
ciInstanceKlass com/sun/tools/javac/comp/Resolve$ResolveError 1 1 110 9 7 12 1 1 1 10 7 12 1 1 1 9 12 1 1 100 1 10 12 1 9 100 12 1 1 1 9 12 1 1 9 100 12 1 1 1 9 100 12 1 1 1 10 100 12 1 1 1 9 100 12 1 1 1 1 1 1 1 1 1 1 1 1 1 1 1 1 1 1 1 1 1 1 1 1 1 1 1 1 1 1 1 1 1 1 1 1 1 1 1 1 100 1 100 1 1 1 100 1 1 100 1 100 1 1 100 1 1
ciInstanceKlass com/sun/tools/javac/code/Type$IntersectionClassType 1 1 160 100 1 9 7 12 1 1 1 10 7 12 1 1 1 10 7 12 1 1 1 9 7 12 1 1 1 10 7 12 1 1 1 5 0 10 7 12 1 1 1 9 12 1 1 9 12 1 1 9 12 1 1 9 12 1 9 12 1 1 10 7 12 1 1 1 10 12 1 10 12 1 100 1 8 1 10 12 1 10 12 1 10 100 12 1 1 1 10 12 1 1 10 12 1 9 100 12 1 1 1 11 100 12 1 1 1 10 12 1 1 100 1 1 1 1 1 1 1 1 1 1 1 1 1 1 1 1 1 1 1 1 1 1 1 1 1 1 1 1 1 1 1 1 1 1 1 1 1 1 1 100 1 1 1 100 1 1 1 1
ciInstanceKlass com/sun/tools/javac/comp/Resolve$AccessError 1 1 225 7 1 9 7 12 1 1 1 9 7 12 1 1 1 8 1 10 7 12 1 1 1 9 12 1 1 9 12 1 1 9 12 1 1 9 7 12 1 1 1 9 7 12 1 1 1 9 7 12 1 1 9 12 1 9 7 12 1 1 1 100 1 9 12 1 10 12 1 10 12 1 1 10 12 1 1 10 12 1 1 9 12 1 9 12 1 9 12 1 1 9 12 1 1 10 7 12 1 1 1 8 1 7 1 10 12 1 1 10 12 1 1 10 12 1 1 10 7 12 1 1 1 9 12 1 1 9 100 12 1 1 1 10 12 1 1 8 1 8 1 5 0 8 1 10 12 1 1 8 1 100 1 10 12 1 10 12 1 1 8 1 10 12 1 8 1 10 100 1 8 1 10 12 1 1 1 1 1 1 1 1 1 1 1 1 1 1 1 1 1 1 1 1 1 1 1 1 1 1 1 1 1 1 1 1 1 100 1 1 1 1 1 100 1 100 1 1 100 1 1 1 100 1 1
ciInstanceKlass com/sun/tools/javac/code/Type$UnionClassType 0 0 130 9 100 12 1 1 1 9 12 1 1 9 12 1 1 10 12 1 1 9 12 1 9 100 1 9 12 1 9 9 12 1 9 9 12 1 9 12 1 100 1 8 1 10 12 1 9 9 100 12 1 1 10 100 12 1 1 1 10 12 1 1 10 100 12 1 1 1 9 100 12 1 1 1 11 100 12 1 1 1 10 12 1 1 100 1 1 1 1 1 1 1 1 1 1 1 1 1 1 1 1 1 1 1 1 1 1 1 1 1 1 1 1 1 1 1 1 1 1 1 1 1 1 1 1 1 100 1 1 1
ciInstanceKlass com/sun/tools/javac/code/TypeTag 1 1 268 100 1 7 1 9 12 1 1 9 12 1 9 12 1 9 12 1 9 12 1 9 12 1 9 12 1 9 12 1 9 12 1 9 12 1 9 12 1 9 12 1 9 12 1 9 12 1 9 12 1 9 12 1 9 12 1 9 12 1 9 12 1 9 12 1 9 12 1 9 12 1 9 12 1 9 12 1 9 12 1 9 12 1 1 10 7 12 1 1 10 7 12 1 1 1 10 12 1 1 10 12 1 9 12 1 1 9 12 1 9 12 1 1 10 12 1 1 9 7 12 1 1 1 9 100 12 1 1 1 9 12 1 9 12 1 9 12 1 9 12 1 9 12 1 9 12 1 9 12 1 100 1 100 1 10 12 1 8 1 10 12 1 1 10 12 1 10 12 1 1 10 12 1 9 100 12 1 1 9 12 9 12 9 12 9 12 9 12 9 12 9 12 9 12 8 1 100 1 100 1 3 100 1 10 8 8 8 8 8 8 8 8 8 10 8 8 8 8 8 8 8 8 8 8 8 8 8 8 8 8 10 12 1 1 1 1 1 1 1 1 1 1 1 1 1 1 1 1 1 1 1 1 1 1 1 1 1 1 1 1 1 1 1 1 100 1 1
staticfield com/sun/tools/javac/code/TypeTag BYTE Lcom/sun/tools/javac/code/TypeTag; com/sun/tools/javac/code/TypeTag
staticfield com/sun/tools/javac/code/TypeTag CHAR Lcom/sun/tools/javac/code/TypeTag; com/sun/tools/javac/code/TypeTag
staticfield com/sun/tools/javac/code/TypeTag SHORT Lcom/sun/tools/javac/code/TypeTag; com/sun/tools/javac/code/TypeTag
staticfield com/sun/tools/javac/code/TypeTag LONG Lcom/sun/tools/javac/code/TypeTag; com/sun/tools/javac/code/TypeTag
staticfield com/sun/tools/javac/code/TypeTag FLOAT Lcom/sun/tools/javac/code/TypeTag; com/sun/tools/javac/code/TypeTag
staticfield com/sun/tools/javac/code/TypeTag INT Lcom/sun/tools/javac/code/TypeTag; com/sun/tools/javac/code/TypeTag
staticfield com/sun/tools/javac/code/TypeTag DOUBLE Lcom/sun/tools/javac/code/TypeTag; com/sun/tools/javac/code/TypeTag
staticfield com/sun/tools/javac/code/TypeTag BOOLEAN Lcom/sun/tools/javac/code/TypeTag; com/sun/tools/javac/code/TypeTag
staticfield com/sun/tools/javac/code/TypeTag VOID Lcom/sun/tools/javac/code/TypeTag; com/sun/tools/javac/code/TypeTag
staticfield com/sun/tools/javac/code/TypeTag CLASS Lcom/sun/tools/javac/code/TypeTag; com/sun/tools/javac/code/TypeTag
staticfield com/sun/tools/javac/code/TypeTag ARRAY Lcom/sun/tools/javac/code/TypeTag; com/sun/tools/javac/code/TypeTag
staticfield com/sun/tools/javac/code/TypeTag METHOD Lcom/sun/tools/javac/code/TypeTag; com/sun/tools/javac/code/TypeTag
staticfield com/sun/tools/javac/code/TypeTag PACKAGE Lcom/sun/tools/javac/code/TypeTag; com/sun/tools/javac/code/TypeTag
staticfield com/sun/tools/javac/code/TypeTag MODULE Lcom/sun/tools/javac/code/TypeTag; com/sun/tools/javac/code/TypeTag
staticfield com/sun/tools/javac/code/TypeTag TYPEVAR Lcom/sun/tools/javac/code/TypeTag; com/sun/tools/javac/code/TypeTag
staticfield com/sun/tools/javac/code/TypeTag WILDCARD Lcom/sun/tools/javac/code/TypeTag; com/sun/tools/javac/code/TypeTag
staticfield com/sun/tools/javac/code/TypeTag FORALL Lcom/sun/tools/javac/code/TypeTag; com/sun/tools/javac/code/TypeTag
staticfield com/sun/tools/javac/code/TypeTag DEFERRED Lcom/sun/tools/javac/code/TypeTag; com/sun/tools/javac/code/TypeTag
staticfield com/sun/tools/javac/code/TypeTag BOT Lcom/sun/tools/javac/code/TypeTag; com/sun/tools/javac/code/TypeTag
staticfield com/sun/tools/javac/code/TypeTag NONE Lcom/sun/tools/javac/code/TypeTag; com/sun/tools/javac/code/TypeTag
staticfield com/sun/tools/javac/code/TypeTag ERROR Lcom/sun/tools/javac/code/TypeTag; com/sun/tools/javac/code/TypeTag
staticfield com/sun/tools/javac/code/TypeTag UNKNOWN Lcom/sun/tools/javac/code/TypeTag; com/sun/tools/javac/code/TypeTag
staticfield com/sun/tools/javac/code/TypeTag UNDETVAR Lcom/sun/tools/javac/code/TypeTag; com/sun/tools/javac/code/TypeTag
staticfield com/sun/tools/javac/code/TypeTag UNINITIALIZED_THIS Lcom/sun/tools/javac/code/TypeTag; com/sun/tools/javac/code/TypeTag
staticfield com/sun/tools/javac/code/TypeTag UNINITIALIZED_OBJECT Lcom/sun/tools/javac/code/TypeTag; com/sun/tools/javac/code/TypeTag
staticfield com/sun/tools/javac/code/TypeTag $VALUES [Lcom/sun/tools/javac/code/TypeTag; 25 [Lcom/sun/tools/javac/code/TypeTag;
ciInstanceKlass com/sun/tools/javac/code/Type$PackageType 1 1 114 9 7 12 1 1 1 10 7 12 1 1 1 100 1 8 1 10 12 1 9 7 12 1 1 1 11 7 12 1 1 1 9 100 12 1 1 1 10 100 12 1 1 1 10 100 12 1 1 1 9 100 12 1 1 11 100 12 1 1 1 10 12 1 1 10 12 1 1 100 1 1 1 1 1 1 1 1 1 1 1 1 1 1 1 1 1 1 1 1 1 1 1 1 1 1 1 1 1 1 1 1 1 1 1 1 100 1 1 1 1 100 1 1
ciInstanceKlass com/sun/tools/javac/code/Symtab 1 1 1373 100 1 9 7 12 1 1 1 10 7 12 1 1 1 10 12 1 1 9 12 1 1 7 1 10 12 1 18 12 1 1 11 7 12 1 1 1 7 1 9 7 12 1 1 1 9 12 1 1 10 12 1 1 10 7 12 1 1 1 7 1 9 12 1 1 10 7 12 1 1 1 9 12 1 1 10 12 1 10 12 1 1 10 12 1 9 12 1 1 7 1 10 12 1 8 1 10 12 1 1 10 12 1 1 9 12 1 1 10 12 1 1 9 12 1 1 9 7 12 1 1 1 7 1 10 12 1 9 7 1 10 12 1 7 1 9 9 7 12 1 1 5 0 9 12 1 1 9 12 1 10 7 12 1 1 1 9 12 1 1 10 7 12 1 1 1 9 12 1 1 9 12 1 9 12 1 9 12 1 9 12 1 10 7 1 7 1 9 12 1 1 10 12 1 9 12 1 1 9 12 1 9 12 1 9 12 1 9 12 1 9 12 1 9 12 1 9 12 1 9 12 1 9 12 1 9 12 1 9 12 1 9 12 1 9 12 1 9 12 1 7 1 10 9 12 1 7 1 10 9 12 1 1 10 12 1 7 1 7 1 10 9 12 1 9 12 1 7 1 10 9 12 1 10 12 1 1 10 12 1 1 7 1 10 9 12 1 10 7 12 1 1 9 12 1 1 10 7 12 1 1 10 7 12 1 1 7 1 9 12 1 1 10 12 1 1 10 12 1 7 1 10 12 1 9 12 1 10 12 1 1 9 7 12 1 1 9 12 1 10 12 1 1 7 1 10 9 12 1 7 1 10 9 12 1 7 1 9 7 12 1 1 1 9 12 1 1 10 12 1 9 12 1 5 0 9 12 1 9 12 1 1 7 1 10 12 1 9 12 1 8 1 9 12 1 7 1 10 12 1 8 1 8 1 10 12 1 8 1 8 1 8 1 8 1 8 1 8 1 8 1 8 1 8 1 8 1 8 1 8 1 8 1 8 1 8 1 8 1 8 1 5 0 9 12 1 10 12 1 9 12 1 9 12 1 9 12 1 9 12 1 9 12 1 9 12 1 10 7 12 1 1 10 12 1 1 9 12 1 9 7 1 9 10 12 1 10 7 12 1 1 9 7 12 1 1 1 10 12 1 1 9 12 10 12 1 1 9 10 7 12 1 1 1 9 12 1 10 7 12 1 1 10 9 12 1 8 1 10 12 1 9 12 1 8 1 9 12 1 8 1 9 12 1 8 1 9 12 1 8 1 9 12 1 8 1 9 12 1 8 1 9 12 1 8 1 9 12 1 8 1 9 12 1 8 1 9 12 1 8 1 9 12 1 8 1 9 12 1 8 1 9 12 1 8 1 9 12 1 8 1 9 12 1 8 1 9 12 1 8 1 9 12 1 8 1 9 12 1 8 1 9 12 1 8 1 9 12 1 8 1 9 12 1 8 1 9 12 1 8 1 9 12 1 8 1 9 12 1 8 1 9 12 1 8 1 9 12 1 8 1 8 1 9 12 1 9 12 1 9 12 1 7 1 5 0 9 12 1 7 1 10 12 1 10 9 12 1 1 8 1 9 12 1 8 1 9 12 1 8 1 9 12 1 8 1 9 12 1 8 1 9 12 1 8 1 9 12 1 8 1 9 12 1 8 1 9 12 1 8 1 9 12 1 8 1 9 12 1 8 1 9 12 1 8 1 9 12 1 8 1 9 12 1 8 1 9 12 1 8 1 9 12 1 8 1 9 12 1 8 1 9 12 1 8 1 9 12 1 8 1 9 12 1 9 12 1 10 12 1 9 12 1 8 1 9 12 1 8 1 9 12 1 8 1 9 12 1 8 1 9 12 1 8 1 9 12 1 8 1 9 12 1 8 1 10 12 1 9 12 1 8 1 9 12 1 8 1 9 12 1 8 1 9 12 1 8 1 9 12 1 8 1 9 12 1 10 12 1 1 10 12 1 8 1 9 12 1 8 1 9 12 1 5 0 9 12 1 10 12 1 1 10 12 1 5 0 9 12 1 10 9 12 1 1 10 9 12 1 9 12 1 10 7 12 1 1 1 18 12 1 1 10 7 12 1 1 10 12 1 1 10 12 1 10 12 1 1 10 12 1 1 9 12 1 9 12 1 1 9 12 1 9 12 1 9 7 1 9 12 1 10 10 12 1 10 12 1 9 12 1 18 12 1 10 12 1 11 12 1 1 11 12 10 12 1 1 10 12 1 10 12 1 1 10 12 10 12 1 10 12 1 9 12 1 10 12 1 1 18 12 1 11 7 12 1 1 1 18 12 1 1 11 12 1 1 9 11 12 10 9 12 1 11 12 18 12 1 1 9 12 1 18 10 7 12 1 1 1 10 12 9 12 1 10 12 1 18 12 1 10 12 1 1 10 12 1 9 10 12 1 1 18 7 1 10 18 12 1 9 5 0 9 12 1 10 12 1 18 11 12 1 1 11 7 12 1 1 11 7 12 1 1 11 12 1 1 7 1 11 12 1 10 10 11 12 1 11 12 1 1 11 12 8 1 10 12 1 18 10 7 12 1 1 1 11 7 1 9 7 12 1 1 9 12 1 9 12 1 10 7 12 1 1 1 10 12 1 10 12 1 1 100 1 10 12 1 10 12 1 1 10 12 1 5 0 9 12 1 7 1 10 1 1 1 1 1 1 1 1 1 1 1 1 1 1 1 1 1 1 1 1 1 1 1 1 1 1 1 1 1 1 1 1 1 1 1 1 100 1 1 1 1 1 1 1 1 1 1 1 1 1 1 1 1 1 1 1 1 1 1 1 1 1 1 1 1 1 1 1 1 1 1 1 1 1 1 1 1 1 1 1 1 1 1 1 1 1 1 1 1 1 1 1 1 1 1 1 1 1 1 1 1 1 1 1 1 1 1 1 15 10 7 12 1 1 1 16 15 10 12 16 1 16 15 16 15 10 16 15 10 12 16 16 1 15 10 12 16 16 15 10 12 15 10 12 16 15 10 12 15 10 12 15 10 12 15 10 12 15 10 12 16 1 1 1 1 1 1 1 1 1 1 100 1 1 1 1 1 1 1 100 1 1 100 1 1 1 1 1 1 1 1 100 1 1 1 100 1 100 1 1
staticfield com/sun/tools/javac/code/Symtab symtabKey Lcom/sun/tools/javac/util/Context$Key; com/sun/tools/javac/util/Context$Key
staticfield com/sun/tools/javac/code/Symtab EMPTY Ljava/util/Map; java/util/HashMap
ciInstanceKlass com/sun/tools/javac/code/Type$BottomType 1 1 94 9 7 12 1 1 1 10 7 12 1 1 1 100 1 8 1 10 12 1 9 7 12 1 1 1 9 100 12 1 1 1 11 100 12 1 1 1 8 1 10 100 12 1 1 1 10 12 1 1 100 1 1 1 1 1 1 1 1 1 1 1 1 1 1 1 1 1 1 1 1 1 1 1 1 1 1 1 1 1 1 1 1 1 1 1 1 1 100 1 100 1 1 1
ciInstanceKlass com/sun/tools/javac/code/Symtab$3 1 1 113 9 7 12 1 1 1 10 7 12 1 1 1 10 7 12 1 1 1 9 12 1 1 9 12 1 9 12 1 9 12 1 9 7 12 1 1 1 9 7 12 1 1 1 10 12 1 1 7 1 9 7 12 1 1 1 10 7 12 1 1 1 10 12 1 10 12 1 9 12 1 9 12 1 1 8 1 100 1 10 100 12 1 1 1 1 1 1 1 1 1 1 1 1 1 1 1 1 1 1 1 1 12 1 1 1 100 1 1 100 1 1 1
ciInstanceKlass com/sun/tools/javac/code/Type$1 1 1 26 10 7 12 1 1 1 8 1 100 1 1 1 1 1 1 1 1 1 1 1 100 1 1 1 1
instanceKlass com/sun/tools/javac/code/Types$TypeProjection$TypeArgumentProjection
instanceKlass com/sun/tools/javac/code/Types$TypeProjection
instanceKlass com/sun/tools/javac/code/Types$20
instanceKlass com/sun/tools/javac/code/Types$11
instanceKlass com/sun/tools/javac/code/Types$9
instanceKlass com/sun/tools/javac/comp/DeferredAttr$3
instanceKlass com/sun/tools/javac/code/Type$StructuralTypeMapping
ciInstanceKlass com/sun/tools/javac/code/Types$TypeMapping 1 1 98 10 7 12 1 1 1 10 7 12 1 1 1 18 12 1 1 10 7 12 1 1 1 10 12 1 1 7 1 10 12 1 1 10 12 10 12 1 100 1 1 1 1 1 1 1 1 1 1 1 1 1 1 1 1 1 1 1 1 1 1 1 1 1 1 1 1 1 1 7 1 1 15 10 7 12 1 1 1 16 15 10 12 16 1 1 1 100 1 1 100 1 1 100 1 100 1 1
ciInstanceKlass com/sun/tools/javac/code/TypeMetadata 1 1 132 10 7 12 1 1 1 7 1 7 1 10 12 1 9 7 12 1 1 1 10 10 100 12 1 1 1 11 100 12 1 1 1 10 12 1 1 10 12 1 1 10 12 1 10 12 1 1 10 12 1 11 12 1 1 10 12 1 1 100 1 10 12 1 1 10 12 1 11 100 12 1 1 1 11 12 1 1 11 100 12 1 1 1 11 12 1 1 9 12 1 1 10 12 1 10 12 1 1 1 1 1 1 1 1 1 1 1 1 1 1 1 1 1 1 1 1 1 1 1 1 1 1 1 1 1 100 1 1 1 1 1
staticfield com/sun/tools/javac/code/TypeMetadata EMPTY Lcom/sun/tools/javac/code/TypeMetadata; com/sun/tools/javac/code/TypeMetadata
ciInstanceKlass com/sun/tools/javac/code/Type$JCPrimitiveType$2 1 1 65 9 7 12 1 1 1 9 12 1 1 10 7 12 1 1 1 9 12 1 1 9 7 12 1 1 1 10 12 1 1 10 12 1 1 1 1 1 1 1 1 1 1 1 1 1 1 1 1 1 1 1 1 1 12 1 1 1 7 1 1 1 100 1 1
ciInstanceKlass com/sun/tools/javac/code/Type$StructuralTypeMapping$3 1 1 47 9 7 12 1 1 1 10 7 12 1 1 1 1 1 1 1 1 1 1 1 1 1 1 1 1 1 1 1 1 1 100 1 12 1 1 1 100 1 1 1 1 100 1 100 1 1
ciInstanceKlass com/sun/tools/javac/code/Type$StructuralTypeMapping$4 1 1 49 9 7 12 1 1 1 10 7 12 1 1 1 1 1 1 1 1 1 1 1 1 1 1 1 1 1 1 1 1 1 1 1 100 1 12 1 1 1 100 1 1 1 1 100 1 100 1 1
ciInstanceKlass com/sun/tools/javac/code/Type$StructuralTypeMapping$2 1 1 54 9 7 12 1 1 1 10 7 12 1 1 1 1 1 1 1 1 1 1 1 1 1 1 1 1 1 1 1 1 1 1 1 1 1 100 1 12 1 1 1 100 1 1 1 1 100 1 100 1 1 100 1 1
ciInstanceKlass com/sun/tools/javac/code/Type$StructuralTypeMapping$1 1 1 50 9 7 12 1 1 1 10 7 12 1 1 1 1 1 1 1 1 1 1 1 1 1 1 1 1 1 1 1 1 1 1 1 1 100 1 12 1 1 1 100 1 1 1 1 100 1 100 1 1
ciInstanceKlass com/sun/tools/javac/code/Kinds$Kind 1 1 244 7 1 9 12 1 1 9 12 1 9 12 1 9 12 1 9 12 1 9 12 1 9 12 1 9 12 1 9 12 1 9 12 1 9 12 1 9 12 1 9 12 1 9 12 1 9 12 1 9 12 1 9 12 1 9 12 1 9 12 1 1 10 7 12 1 1 10 7 12 1 1 1 10 12 1 1 10 12 1 9 12 1 1 9 12 1 1 9 12 1 9 12 1 1 10 7 12 1 1 1 9 7 12 1 1 9 12 1 9 12 1 10 12 1 1 100 1 100 1 10 12 1 8 1 10 12 1 1 10 12 1 10 12 1 1 10 12 1 8 9 12 10 12 1 8 9 7 12 1 1 9 12 10 12 1 8 9 12 1 9 12 8 9 12 9 12 8 9 12 1 9 12 8 9 12 8 9 12 8 9 12 1 9 12 8 10 12 1 8 8 8 8 8 10 12 1 8 8 8 8 10 12 1 1 1 1 1 1 1 1 1 1 1 1 1 1 1 1 1 1 1 1 1 1 1 1 1 1 1 1 1 1 1 1 1 1 100 1 1 1 1 1 1
staticfield com/sun/tools/javac/code/Kinds$Kind NIL Lcom/sun/tools/javac/code/Kinds$Kind; com/sun/tools/javac/code/Kinds$Kind
staticfield com/sun/tools/javac/code/Kinds$Kind PCK Lcom/sun/tools/javac/code/Kinds$Kind; com/sun/tools/javac/code/Kinds$Kind
staticfield com/sun/tools/javac/code/Kinds$Kind TYP Lcom/sun/tools/javac/code/Kinds$Kind; com/sun/tools/javac/code/Kinds$Kind
staticfield com/sun/tools/javac/code/Kinds$Kind VAR Lcom/sun/tools/javac/code/Kinds$Kind; com/sun/tools/javac/code/Kinds$Kind
staticfield com/sun/tools/javac/code/Kinds$Kind MTH Lcom/sun/tools/javac/code/Kinds$Kind; com/sun/tools/javac/code/Kinds$Kind
staticfield com/sun/tools/javac/code/Kinds$Kind POLY Lcom/sun/tools/javac/code/Kinds$Kind; com/sun/tools/javac/code/Kinds$Kind
staticfield com/sun/tools/javac/code/Kinds$Kind MDL Lcom/sun/tools/javac/code/Kinds$Kind; com/sun/tools/javac/code/Kinds$Kind
staticfield com/sun/tools/javac/code/Kinds$Kind ERR Lcom/sun/tools/javac/code/Kinds$Kind; com/sun/tools/javac/code/Kinds$Kind
staticfield com/sun/tools/javac/code/Kinds$Kind AMBIGUOUS Lcom/sun/tools/javac/code/Kinds$Kind; com/sun/tools/javac/code/Kinds$Kind
staticfield com/sun/tools/javac/code/Kinds$Kind HIDDEN Lcom/sun/tools/javac/code/Kinds$Kind; com/sun/tools/javac/code/Kinds$Kind
staticfield com/sun/tools/javac/code/Kinds$Kind STATICERR Lcom/sun/tools/javac/code/Kinds$Kind; com/sun/tools/javac/code/Kinds$Kind
staticfield com/sun/tools/javac/code/Kinds$Kind MISSING_ENCL Lcom/sun/tools/javac/code/Kinds$Kind; com/sun/tools/javac/code/Kinds$Kind
staticfield com/sun/tools/javac/code/Kinds$Kind BAD_RESTRICTED_TYPE Lcom/sun/tools/javac/code/Kinds$Kind; com/sun/tools/javac/code/Kinds$Kind
staticfield com/sun/tools/javac/code/Kinds$Kind ABSENT_VAR Lcom/sun/tools/javac/code/Kinds$Kind; com/sun/tools/javac/code/Kinds$Kind
staticfield com/sun/tools/javac/code/Kinds$Kind WRONG_MTHS Lcom/sun/tools/javac/code/Kinds$Kind; com/sun/tools/javac/code/Kinds$Kind
staticfield com/sun/tools/javac/code/Kinds$Kind WRONG_MTH Lcom/sun/tools/javac/code/Kinds$Kind; com/sun/tools/javac/code/Kinds$Kind
staticfield com/sun/tools/javac/code/Kinds$Kind ABSENT_MTH Lcom/sun/tools/javac/code/Kinds$Kind; com/sun/tools/javac/code/Kinds$Kind
staticfield com/sun/tools/javac/code/Kinds$Kind ABSENT_TYP Lcom/sun/tools/javac/code/Kinds$Kind; com/sun/tools/javac/code/Kinds$Kind
staticfield com/sun/tools/javac/code/Kinds$Kind $VALUES [Lcom/sun/tools/javac/code/Kinds$Kind; 18 [Lcom/sun/tools/javac/code/Kinds$Kind;
ciInstanceKlass com/sun/tools/javac/code/Type$ClassType$2 1 1 80 9 7 12 1 1 1 9 12 1 1 10 7 12 1 1 1 9 12 1 1 9 7 12 1 1 1 10 12 1 1 10 12 1 1 10 12 1 1 10 12 1 10 12 1 1 1 1 1 1 1 1 1 1 1 1 1 1 1 1 1 1 1 1 1 1 1 1 1 12 1 1 1 100 1 1 1 100 1 1
ciInstanceKlass com/sun/tools/javac/comp/Check 1 1 3935 100 1 9 7 12 1 1 1 10 7 12 1 1 1 10 12 1 1 10 7 12 1 1 7 1 10 9 12 1 1 9 12 1 7 1 10 12 1 9 12 1 1 7 1 10 9 12 1 1 7 1 10 9 12 1 1 18 12 1 1 9 12 1 1 10 12 1 1 10 7 12 1 1 1 9 12 1 1 10 7 12 1 1 9 12 1 1 10 7 12 1 1 9 12 1 1 10 7 12 1 1 9 12 1 1 10 7 12 1 1 9 12 1 1 10 7 12 1 1 9 12 1 1 10 7 12 1 1 9 12 1 1 10 7 12 1 1 9 12 1 1 10 7 12 1 1 9 12 1 1 10 7 12 1 1 9 12 1 1 10 7 12 1 1 10 7 12 1 1 9 12 1 1 7 1 10 12 1 9 12 1 1 10 7 12 1 1 9 12 1 1 10 7 12 1 1 9 12 1 1 8 1 10 12 1 1 9 12 1 1 10 12 1 1 9 12 1 10 7 12 1 1 9 12 1 1 10 7 12 1 1 9 12 1 1 9 7 12 1 1 1 10 12 1 1 9 12 1 9 12 1 7 1 8 1 10 12 1 9 12 1 1 8 1 9 12 1 8 1 9 12 1 8 1 9 12 1 10 7 12 1 1 9 12 1 1 9 7 12 1 1 1 10 12 1 1 9 12 1 9 12 1 9 12 1 9 12 1 9 12 1 9 12 1 1 10 7 12 1 1 1 10 12 1 9 12 1 1 9 7 12 1 1 10 7 12 1 1 1 10 12 1 1 10 12 1 1 10 12 1 1 10 12 1 10 12 1 9 12 1 10 12 1 10 100 12 1 1 1 10 12 1 1 9 12 1 10 12 1 1 9 12 1 9 12 1 9 12 1 1 10 12 1 9 100 12 1 1 1 9 100 12 1 1 1 10 12 1 1 10 100 12 1 1 1 10 12 1 1 9 12 1 1 7 1 9 7 12 1 1 1 10 12 1 1 9 12 1 1 10 12 1 10 12 1 1 10 12 1 1 10 12 1 1 9 12 1 10 12 1 9 12 1 7 1 10 12 1 10 12 1 1 10 12 1 1 9 12 1 9 12 1 1 5 0 5 0 10 12 1 1 10 12 1 1 9 7 12 1 1 1 10 7 12 1 1 1 11 7 12 1 1 1 11 7 12 1 1 11 12 1 1 9 9 12 1 9 7 12 1 1 1 10 12 1 1 9 12 10 12 1 1 9 7 1 9 9 12 1 9 12 1 9 7 12 1 1 1 10 12 1 9 9 9 12 1 10 7 12 1 1 1 7 1 10 12 1 11 7 12 1 1 100 1 10 12 1 1 100 1 10 10 12 1 1 10 12 1 10 12 1 10 12 1 10 10 12 1 1 10 12 1 1 9 7 12 1 1 1 10 12 1 1 10 12 1 1 11 12 1 9 12 1 11 12 1 11 12 1 10 10 12 1 1 10 12 1 1 11 7 12 1 1 1 10 7 12 1 1 1 10 7 12 1 1 18 12 1 1 10 12 1 1 9 12 1 9 12 1 11 12 1 1 11 12 1 1 10 12 1 10 7 12 1 1 1 10 12 1 1 11 12 1 10 12 1 10 12 1 10 12 1 10 12 1 9 7 1 9 12 1 1 9 7 1 9 12 1 1 9 7 1 10 12 1 1 10 7 12 1 1 1 10 12 1 1 18 12 1 10 12 1 10 12 1 1 9 7 12 1 1 1 10 12 1 7 1 9 12 1 10 12 1 1 10 12 1 1 5 0 10 12 1 9 12 1 10 12 1 10 12 1 10 12 1 10 12 1 9 12 1 10 12 1 10 12 1 10 12 1 9 12 1 9 12 1 9 12 1 9 12 1 1 10 12 1 1 10 12 1 1 9 12 1 10 12 1 1 10 12 1 1 9 12 1 1 10 7 1 5 0 10 12 1 5 0 9 12 1 10 12 1 1 100 1 9 12 1 10 12 1 9 12 1 10 12 10 12 1 10 12 1 1 10 12 1 9 12 1 1 9 12 1 9 12 1 1 10 12 1 9 12 1 10 12 1 1 10 12 1 9 12 1 10 12 1 1 10 12 1 1 10 12 1 1 10 12 1 9 7 12 1 9 12 1 1 9 12 1 9 12 1 9 12 1 10 12 1 10 12 1 1 9 10 12 1 10 12 1 9 12 1 10 12 1 7 1 10 10 7 12 1 1 10 10 12 1 10 12 1 10 12 1 9 12 1 1 10 7 12 1 1 1 7 1 10 12 1 9 7 12 1 9 12 1 10 12 1 1 10 12 1 9 12 1 10 12 1 100 1 9 10 12 10 12 1 1 9 12 1 10 12 1 1 10 12 1 10 12 1 10 12 1 10 12 1 10 12 1 10 12 1 1 10 12 1 10 10 12 1 1 10 12 1 5 0 10 12 1 9 12 1 10 12 1 1 9 12 1 10 12 1 1 10 12 1 1 10 12 1 1 10 12 1 18 12 1 10 12 1 10 12 1 9 12 1 9 12 1 5 0 10 10 12 1 10 12 1 1 5 0 10 12 1 10 12 1 10 12 1 1 10 12 10 12 1 10 9 7 12 1 1 10 12 1 10 12 1 1 10 12 1 10 12 1 10 12 1 10 12 1 10 12 1 10 12 1 10 10 12 1 10 12 1 1 10 12 1 10 12 1 1 7 1 10 12 1 10 12 10 12 1 10 7 12 1 9 7 12 1 1 1 10 12 1 10 12 1 5 0 5 0 5 0 5 0 5 0 5 0 5 0 5 0 5 0 5 0 5 0 5 0 5 0 5 0 5 0 5 0 10 12 1 1 10 12 1 10 12 1 5 0 5 0 5 0 5 0 5 0 9 12 1 9 12 1 5 0 5 0 5 0 10 12 1 1 5 0 5 0 100 1 10 5 0 5 0 9 12 1 9 12 1 10 12 1 1 10 12 1 1 5 0 5 0 5 0 5 0 5 0 5 0 5 0 5 0 5 0 5 0 10 12 1 1 18 12 1 9 12 1 10 7 1 10 7 1 9 12 1 10 12 1 1 9 12 1 10 12 1 1 7 1 10 12 1 10 12 1 1 10 12 1 9 12 1 10 12 1 1 10 12 1 10 12 1 9 12 9 10 9 12 1 1 9 10 12 1 1 10 12 1 1 10 12 1 10 12 1 10 12 1 9 9 12 1 9 12 1 10 12 1 1 9 12 1 10 12 1 10 12 1 10 12 1 1 10 12 1 10 9 10 12 1 1 10 12 1 10 12 1 10 12 1 10 12 1 10 12 1 10 12 1 10 12 1 10 12 1 10 5 0 5 0 10 12 1 1 10 12 1 1 10 12 1 1 9 5 0 5 0 10 12 1 1 10 12 1 1 8 1 10 12 1 1 10 12 9 10 12 1 1 10 12 1 10 10 12 1 1 10 12 1 10 12 1 1 10 12 1 10 12 1 10 12 1 1 10 12 1 10 12 10 12 1 10 12 1 1 10 12 1 1 10 12 1 1 9 12 1 10 12 1 10 12 1 1 10 12 1 5 0 10 12 1 10 12 1 1 10 12 1 1 10 12 1 1 18 12 1 10 12 1 1 10 10 12 1 1 10 10 12 1 1 10 12 1 1 10 7 12 1 1 1 5 0 10 12 1 10 10 12 1 10 12 1 1 5 0 10 12 1 1 10 12 1 1 10 12 1 11 12 1 1 11 100 1 10 12 1 10 12 1 10 12 1 10 12 1 1 10 12 1 1 10 12 1 1 10 12 1 1 10 12 1 1 10 100 1 10 12 1 1 10 12 9 12 1 9 10 12 1 9 12 1 10 12 1 1 10 9 12 1 10 12 1 10 12 1 10 12 1 1 18 12 1 11 7 12 1 1 1 11 12 1 1 10 7 12 1 1 10 12 1 1 9 12 1 9 12 1 7 1 9 12 1 10 10 12 1 10 12 1 10 12 1 1 9 100 12 1 1 7 1 9 12 1 10 10 12 1 9 12 1 9 12 1 9 12 1 10 12 1 10 12 1 9 12 1 10 12 1 10 12 1 10 9 12 1 10 12 1 1 9 12 10 12 1 9 12 1 10 12 1 10 12 1 9 100 12 1 9 100 1 10 7 12 1 1 9 12 1 9 12 1 9 12 1 10 12 1 1 10 7 1 9 10 9 12 1 100 1 9 8 1 10 10 12 1 10 100 1 10 12 1 1 10 100 12 1 1 1 10 12 1 1 7 1 10 12 1 10 12 10 12 1 10 12 1 10 12 1 1 10 12 1 10 12 1 7 1 10 10 12 1 1 9 12 1 9 12 1 9 12 1 9 5 0 10 12 1 1 10 12 1 1 5 0 10 12 1 1 10 12 1 1 10 12 1 1 5 0 10 12 1 9 12 1 9 12 1 5 0 10 12 1 10 12 9 12 1 1 10 12 1 10 12 1 1 10 12 10 5 0 10 12 1 1 10 12 1 1 7 1 10 10 12 1 1 10 7 12 1 1 10 7 12 1 1 18 12 1 11 12 1 1 10 9 9 12 1 10 12 1 1 5 0 10 8 1 8 1 9 9 10 12 1 1 10 12 1 1 10 10 12 1 1 7 1 10 10 12 1 10 12 1 1 10 12 1 1 10 12 1 10 10 10 12 1 10 12 1 1 10 12 1 9 12 1 9 12 1 5 0 9 12 1 100 1 10 12 1 1 9 12 1 10 100 12 1 1 1 10 12 1 1 10 12 1 10 12 1 10 12 1 1 9 12 1 9 12 1 9 12 1 9 12 1 10 12 1 10 12 1 10 12 1 10 12 1 10 9 12 1 1 9 12 1 8 1 10 12 1 8 1 8 1 8 1 10 12 1 10 12 1 1 10 12 1 1 10 12 1 10 12 1 1 11 7 1 9 12 1 11 12 1 7 1 10 10 12 1 10 12 1 9 12 1 10 12 1 9 12 1 10 12 1 9 12 1 9 12 10 12 1 1 10 12 1 1 10 12 1 1 10 12 1 9 12 1 10 12 1 1 9 12 1 9 12 1 9 12 1 9 12 1 9 12 1 9 12 1 10 12 1 1 10 7 12 1 1 1 10 100 1 10 12 1 18 12 1 10 12 1 1 11 12 1 1 10 12 1 1 9 10 12 1 10 12 1 1 10 10 12 11 11 10 12 1 10 10 9 12 1 10 12 1 1 9 12 1 10 12 1 9 12 1 9 12 1 10 10 12 1 10 12 1 9 12 1 10 10 12 1 1 10 12 1 9 7 1 9 12 1 9 12 9 12 1 9 12 1 9 12 1 100 1 10 12 1 10 12 1 1 10 12 1 10 12 1 1 10 12 1 10 12 1 10 12 1 1 10 10 12 1 1 10 12 1 1 10 12 1 10 12 1 1 9 12 1 10 100 1 9 12 1 1 9 12 1 10 12 10 12 1 1 9 12 1 10 12 1 1 9 12 1 10 12 1 10 12 1 1 10 12 1 1 7 1 10 9 7 12 1 1 7 1 9 12 1 10 12 1 1 10 12 1 9 12 1 1 10 12 1 1 11 12 1 11 9 12 1 9 12 1 9 12 1 10 10 12 1 9 12 1 1 10 12 1 10 10 12 1 1 18 12 1 11 12 1 1 10 12 1 10 12 1 10 12 1 1 9 100 12 1 1 9 12 1 9 12 1 9 12 1 9 12 10 12 1 10 12 1 1 10 7 12 1 1 1 10 12 1 1 9 12 1 1 10 10 12 1 1 7 100 1 10 12 1 10 12 1 10 12 1 1 10 12 1 9 12 1 9 12 1 7 1 9 12 1 11 12 10 12 1 1 10 12 1 10 12 10 12 1 10 12 1 1 10 12 1 10 12 1 9 12 1 9 12 1 9 12 1 100 1 9 12 1 9 12 1 9 12 1 10 12 1 5 0 9 12 1 9 12 1 10 12 1 1 18 12 1 10 12 1 10 12 1 18 12 1 5 0 18 12 1 9 12 1 10 12 1 1 5 0 5 0 10 12 10 12 1 10 12 1 18 18 10 12 1 18 9 12 1 10 12 1 5 0 9 10 12 1 9 12 1 10 12 1 10 10 12 1 1 10 12 1 1 10 12 1 11 12 1 11 7 1 10 12 1 1 9 12 1 10 12 1 9 12 1 10 12 1 7 1 10 12 1 7 1 9 12 1 1 100 1 18 9 7 12 1 1 1 9 12 1 10 7 1 9 12 1 9 12 1 10 9 12 1 9 12 1 10 12 1 1 10 12 10 12 1 5 0 5 0 9 12 1 10 12 1 9 7 12 1 10 12 1 1 9 12 1 1 9 9 12 1 7 1 9 12 1 1 18 10 10 10 10 12 1 1 10 12 1 18 12 1 10 12 1 10 12 1 10 12 1 10 12 1 10 12 1 10 12 1 9 12 1 9 10 12 1 1 9 12 1 5 0 10 12 1 1 9 12 1 1 9 12 1 1 9 11 12 1 1 10 12 1 1 9 12 1 5 0 10 12 1 1 9 12 1 10 100 1 10 12 1 9 12 1 100 1 9 9 12 1 18 12 1 7 1 8 1 10 12 1 8 1 10 10 12 1 1 100 1 10 10 10 12 1 10 12 1 10 12 1 9 12 1 9 12 1 9 12 1 10 12 1 1 9 100 12 1 1 10 12 1 1 10 12 1 1 9 10 9 12 1 10 12 1 9 12 1 9 12 10 12 1 10 12 1 10 12 1 1 10 12 1 1 100 1 9 9 12 1 9 12 1 10 12 1 1 100 1 10 12 1 10 5 0 10 12 1 9 12 1 10 12 1 1 10 12 1 10 12 1 1 10 12 1 9 12 1 10 5 0 9 12 1 100 1 10 12 1 9 12 1 10 12 1 9 18 12 1 10 10 18 12 1 18 12 1 100 1 9 12 1 100 1 10 12 1 10 12 1 10 9 12 1 9 12 1 10 9 12 1 9 12 1 9 12 1 1 9 100 12 1 1 9 12 1 9 12 1 9 12 1 9 12 1 9 12 1 9 12 1 9 12 1 10 12 1 10 12 1 10 12 1 1 10 12 1 10 12 1 10 12 1 10 12 1 10 12 10 12 1 10 12 1 11 7 1 7 1 10 12 1 10 12 1 10 100 12 1 1 18 9 12 1 11 100 12 1 9 12 1 9 12 1 9 12 1 10 12 1 10 12 1 1 9 12 1 10 10 12 1 7 1 10 7 1 10 1 1 1 1 1 1 3 1 1 1 1 1 1 1 1 1 1 1 1 1 1 1 1 1 1 1 1 1 1 1 1 1 1 1 1 1 1 1 1 1 100 1 1 1 1 1 1 1 1 1 1 1 1 1 1 1 1 1 1 1 1 1 1 1 1 1 1 1 1 1 1 1 1 1 1 1 1 1 1 1 1 1 1 1 1 1 1 1 1 1 1 1 1 1 1 1 1 1 1 1 1 1 1 1 1 1 1 1 1 1 1 1 1 1 1 1 1 1 1 1 1 1 1 1 1 1 1 1 1 1 1 1 1 1 1 1 1 1 1 1 1 1 1 1 1 1 1 1 1 1 100 1 1 100 1 1 1 1 1 1 1 1 1 1 1 1 1 1 1 1 1 1 1 1 1 1 1 1 1 1 1 1 1 1 1 1 1 1 1 1 1 1 1 1 100 1 1 1 1 1 1 1 1 1 1 1 1 1 1 1 1 1 1 1 1 1 1 1 1 1 1 1 1 1 1 1 1 1 1 1 1 1 1 1 1 1 1 1 1 1 1 1 1 1 1 1 1 1 1 1 1 1 1 1 1 1 1 1 1 1 1 1 1 1 1 1 1 1 1 1 1 1 1 1 1 1 1 1 1 1 1 1 1 1 1 1 1 1 1 1 1 1 1 1 1 100 1 1 1 1 1 1 1 1 1 1 1 1 1 1 1 1 1 1 1 1 1 1 1 1 1 1 1 1 1 1 1 1 1 1 1 1 1 1 1 1 1 1 1 1 1 1 1 1 1 1 1 1 1 1 1 1 1 1 1 1 1 1 1 1 1 1 1 1 1 1 1 1 100 1 1 1 1 1 1 1 1 1 1 1 100 1 1 1 1 1 1 1 1 1 1 1 1 100 1 1 1 1 1 1 1 1 1 1 1 1 1 1 1 1 1 1 1 1 1 1 1 1 1 1 1 1 1 1 1 1 1 1 1 1 1 1 1 1 1 1 1 1 1 1 1 1 1 1 1 1 1 1 1 1 1 1 1 1 1 1 1 1 1 1 1 1 1 1 1 1 1 1 1 1 1 1 1 1 1 1 1 1 1 1 1 1 1 1 1 1 1 1 1 1 1 1 1 1 1 1 1 1 1 1 1 1 1 1 1 1 1 1 1 1 1 1 1 1 1 1 1 1 1 1 1 1 1 1 1 1 1 1 1 1 1 1 1 1 1 1 1 1 1 1 1 1 1 1 1 1 1 1 1 1 1 1 100 1 1 15 10 7 12 1 1 1 16 15 10 12 16 16 1 15 10 12 16 15 10 12 15 10 12 15 10 12 16 15 10 12 16 15 10 12 16 1 16 15 16 15 10 12 16 15 10 12 16 1 15 10 12 15 10 12 15 10 12 15 10 12 15 10 12 15 10 12 15 10 12 15 10 12 15 10 12 15 10 12 15 10 12 15 10 12 15 10 12 15 10 12 16 1 1 1 1 1 1 1 1 1 100 1 1 1 1 1 1 1 1 1 1 1 1 1 1 1 100 1 1 1 1 1 1 100 1 1 1 1 1 1 1 1 1 1 1 1 1 1 1 100 1 1 1 1 1 1 1 1 1 1 1 1 100 1 1 1 1 1 1 1 1 1 1 1 100 1 1 1 1 1 1 1 1 1 1 1 100 1 1 1 1 100 1 1 1 1 1 100 1 1 1 100 1 100 1 1
staticfield com/sun/tools/javac/comp/Check checkKey Lcom/sun/tools/javac/util/Context$Key; com/sun/tools/javac/util/Context$Key
staticfield com/sun/tools/javac/comp/Check denotableChecker Lcom/sun/tools/javac/code/Types$SimpleVisitor; com/sun/tools/javac/comp/Check$2
instanceKlass com/sun/tools/javac/comp/Check$ConversionWarner
ciInstanceKlass com/sun/tools/javac/util/Warner 1 1 78 9 7 12 1 1 1 9 12 1 1 10 7 12 1 1 1 9 12 1 10 7 12 1 1 1 9 12 1 1 7 1 10 12 1 1 10 12 1 10 12 1 1 10 12 1 10 12 1 10 12 1 1 1 1 1 1 1 1 1 1 1 1 1 1 1 1 1 1 1 100 1 100 1 1 100 1 1
ciInstanceKlass com/sun/tools/javac/comp/Resolve 1 1 2656 100 1 10 7 12 1 1 1 7 1 10 12 1 9 7 12 1 1 1 7 1 10 9 12 1 1 7 1 10 9 12 1 7 1 10 9 12 1 7 1 10 9 12 1 1 18 12 1 1 9 12 1 1 7 1 10 9 12 1 18 12 1 9 12 1 18 9 12 1 7 1 10 9 12 1 1 7 1 10 9 12 1 7 1 10 9 12 1 7 1 10 9 12 1 1 7 1 10 9 12 1 7 1 8 1 10 12 1 9 12 1 1 9 7 12 1 1 1 9 12 1 9 12 1 10 7 12 1 1 1 9 12 1 1 9 12 1 1 9 12 1 1 10 7 12 1 1 1 10 7 12 1 1 1 9 12 1 1 7 1 9 7 12 1 1 1 10 12 1 9 12 1 1 9 12 1 9 12 1 9 12 1 9 12 1 10 7 12 1 1 1 9 12 1 1 10 7 12 1 1 9 12 1 1 10 7 12 1 1 9 12 1 1 10 7 12 1 1 9 12 1 1 10 7 12 1 1 9 12 1 1 10 7 12 1 1 9 12 1 1 10 7 12 1 1 9 12 1 1 10 7 12 1 1 9 12 1 1 10 7 12 1 1 9 12 1 1 10 7 12 1 1 9 12 1 1 10 7 12 1 1 9 12 1 1 10 7 12 1 1 9 12 1 1 10 7 12 1 1 10 7 12 1 1 10 7 12 1 1 9 7 12 1 1 1 8 1 10 12 1 1 10 12 1 1 8 1 10 12 1 9 12 1 1 10 7 12 1 1 1 9 12 1 1 10 7 12 1 1 9 7 12 1 1 1 10 12 1 1 9 12 1 9 12 1 9 12 1 9 12 1 9 12 1 9 12 1 9 12 1 9 12 1 1 10 7 12 1 1 1 9 12 1 1 9 12 1 9 12 1 9 12 1 9 12 1 8 1 10 12 9 12 1 10 12 1 1 10 12 1 9 7 12 1 1 10 12 1 1 10 12 1 1 9 12 1 1 10 7 12 1 1 1 9 12 1 9 12 1 1 9 12 1 9 12 1 1 9 12 1 1 9 7 12 1 1 9 12 1 9 12 1 1 9 7 12 1 1 9 12 1 9 7 12 1 1 9 12 1 100 1 10 9 12 1 10 12 1 1 11 7 12 1 1 11 12 1 1 100 1 9 12 1 9 10 12 1 9 12 1 9 12 1 9 12 1 9 12 1 10 12 1 1 9 12 1 1 10 12 1 1 10 12 1 1 8 1 8 1 100 1 10 100 12 1 1 1 9 7 12 1 1 1 10 12 1 10 12 1 1 10 12 1 1 10 100 12 1 1 1 10 12 1 1 10 12 1 1 100 1 10 12 1 1 10 12 1 10 12 1 1 9 9 7 12 1 1 1 10 12 1 1 10 100 12 1 1 1 10 12 1 1 8 1 8 1 10 12 1 10 12 1 1 9 7 12 1 1 1 9 12 1 1 7 1 9 12 1 1 9 12 1 9 10 12 1 9 12 1 9 12 1 9 12 1 10 12 1 1 5 0 5 0 10 12 1 1 9 12 1 1 9 7 12 1 1 1 9 7 12 1 1 5 0 9 12 1 9 12 1 1 9 7 12 1 1 1 10 7 12 1 1 1 9 7 1 10 5 0 9 12 1 1 9 7 12 1 10 12 1 1 9 10 9 12 1 10 7 12 1 1 9 12 1 1 9 12 1 11 7 12 1 9 12 1 9 12 1 9 12 1 1 11 100 1 10 12 1 1 9 10 12 1 1 9 12 1 1 10 12 1 10 12 1 1 9 10 12 9 12 1 10 12 1 1 10 12 1 10 12 1 10 12 1 100 1 10 12 1 1 11 7 12 1 1 1 10 100 12 1 1 1 18 12 1 1 11 100 12 1 1 1 10 12 1 10 10 12 1 10 12 1 1 10 12 1 1 9 12 1 10 12 1 7 1 10 12 1 1 10 12 1 1 10 12 1 1 9 12 1 10 12 1 10 5 0 10 10 7 12 1 1 1 10 12 1 10 12 1 7 1 10 12 1 1 9 12 1 7 1 10 12 1 1 10 12 1 1 10 12 9 12 1 100 1 10 12 1 1 10 12 1 1 10 12 1 1 10 12 1 1 9 12 1 9 12 1 10 12 1 10 12 1 1 10 12 1 100 1 10 12 1 1 9 12 1 1 10 12 1 1 9 12 1 10 12 1 11 7 12 1 1 1 10 7 1 10 9 7 12 1 1 9 12 1 9 12 1 9 12 1 9 12 1 1 9 7 12 1 1 1 10 7 12 1 1 7 1 9 12 1 1 11 7 12 1 1 1 10 12 1 9 12 1 10 12 1 10 12 1 10 12 1 1 10 12 1 1 10 12 1 1 11 9 12 1 5 0 10 12 1 7 1 10 12 1 10 12 1 9 12 1 10 12 1 1 10 12 1 1 10 12 1 1 9 12 1 10 12 1 7 1 10 12 1 100 1 100 1 10 12 1 1 10 100 1 10 12 1 10 12 1 7 1 9 12 1 1 9 12 1 1 10 10 12 1 1 9 10 12 1 1 9 12 1 5 0 7 1 10 12 1 1 7 1 10 12 1 10 7 12 1 1 1 9 12 1 10 12 1 10 12 1 1 10 12 1 1 10 12 1 1 9 7 12 1 1 1 10 12 1 7 1 10 12 1 9 9 100 12 1 1 1 10 12 1 7 1 10 9 12 1 9 12 1 9 12 1 10 12 1 1 10 12 1 1 10 12 1 10 12 1 5 0 10 12 1 10 12 1 1 5 0 9 12 1 10 12 1 1 100 1 10 10 7 12 1 1 1 11 12 1 1 10 12 1 10 12 1 1 10 12 1 9 7 12 1 1 1 10 12 1 1 10 12 1 100 1 10 8 1 10 12 1 10 12 1 8 1 10 12 1 10 12 10 12 1 10 12 1 1 10 12 5 0 7 1 10 12 1 10 12 1 10 12 1 1 10 12 1 1 9 7 12 1 1 1 10 12 1 1 10 12 1 1 10 12 1 1 10 10 12 1 10 12 1 1 10 12 1 10 12 1 1 10 12 1 9 12 1 5 0 18 12 1 9 12 1 10 12 1 10 7 1 10 10 7 1 10 10 12 1 10 12 1 7 1 100 1 10 12 1 7 1 11 7 12 1 1 10 12 1 1 10 12 1 1 10 10 12 1 18 12 1 1 18 12 1 18 12 1 10 12 1 1 9 12 1 7 1 9 12 1 9 12 1 10 7 12 1 1 9 12 1 100 1 9 12 1 1 10 12 1 11 100 12 1 11 100 12 1 10 12 1 1 100 1 10 12 1 1 10 12 1 11 12 1 11 12 1 11 9 12 1 1 9 12 1 10 12 1 1 9 11 100 12 1 1 10 12 1 1 100 1 10 12 1 11 12 1 10 12 1 10 12 1 10 12 1 10 12 1 1 10 12 1 9 12 1 10 12 1 1 9 12 1 10 12 1 10 12 1 1 9 12 1 10 12 1 1 10 12 1 1 10 12 1 9 7 12 1 1 1 10 12 1 10 12 1 9 12 10 12 1 9 12 1 10 12 10 12 1 1 10 12 1 1 10 9 12 1 1 9 100 12 1 1 10 12 1 1 10 12 1 9 12 1 1 9 12 1 10 12 1 100 1 10 12 1 9 12 1 10 100 12 1 1 1 10 12 1 1 10 12 1 1 11 100 12 1 1 1 11 12 1 1 10 12 1 1 10 12 1 1 10 12 1 1 10 12 1 1 10 100 12 1 1 1 10 12 1 10 100 12 1 1 1 10 12 1 10 12 1 1 10 12 1 7 1 10 12 1 10 12 1 1 10 12 1 1 10 12 1 7 1 10 10 12 1 10 12 1 1 10 12 1 1 10 12 1 10 12 1 10 12 1 10 12 1 9 12 1 10 12 1 5 0 5 0 100 1 10 12 1 10 12 1 1 10 12 1 10 12 1 1 7 1 10 12 1 10 12 1 10 12 1 1 10 12 1 7 1 10 10 12 1 1 10 10 12 1 10 12 1 1 10 12 1 1 10 12 1 7 1 10 10 12 1 10 12 1 1 10 12 1 1 10 12 1 10 12 1 1 7 1 10 12 1 100 1 10 12 1 100 1 10 10 12 1 10 12 1 10 7 12 1 1 1 10 7 12 1 1 1 7 1 9 10 12 1 9 12 1 10 5 0 9 12 1 8 1 8 1 9 12 1 1 9 12 1 8 1 9 12 1 9 12 1 10 100 1 10 7 12 1 1 1 10 12 1 1 10 12 1 1 10 12 1 10 12 1 10 12 1 1 9 12 1 10 12 1 1 9 10 12 1 9 12 1 10 12 1 10 12 1 10 12 1 1 10 12 1 1 9 12 1 10 12 10 12 1 1 9 12 1 10 12 1 10 12 1 1 10 12 1 9 12 1 10 12 1 1 9 12 1 10 12 1 10 12 1 1 10 12 1 1 9 12 1 8 1 10 12 1 1 9 12 10 9 100 12 1 1 1 10 100 12 1 1 1 10 9 12 1 100 1 9 12 10 12 1 1 10 12 1 1 10 12 1 10 9 12 1 10 12 1 18 12 1 11 12 1 10 12 1 10 12 1 10 12 1 10 12 1 9 100 1 10 10 100 12 1 1 1 18 12 1 10 12 1 18 7 1 10 12 1 7 1 10 1 1 1 1 1 1 1 1 1 1 1 1 1 1 1 1 1 1 1 1 1 1 1 1 1 1 1 1 1 1 1 1 1 1 1 1 1 1 1 1 1 1 1 1 1 100 1 100 1 100 1 1 1 1 1 1 1 1 1 1 1 1 1 1 1 1 1 1 1 1 1 1 1 1 1 1 1 1 1 1 1 1 1 1 1 1 1 1 1 1 1 100 1 1 1 1 1 100 1 1 1 1 1 1 1 1 1 1 1 1 1 1 1 1 100 1 1 1 1 1 1 1 1 1 1 1 1 1 1 1 1 1 1 1 1 1 1 1 1 1 1 1 1 1 1 1 1 1 1 1 1 1 1 1 1 1 1 1 1 100 100 1 1 1 1 1 1 1 1 1 1 1 1 1 1 1 1 1 1 1 1 1 1 1 1 1 1 1 1 1 1 1 1 1 1 1 1 1 1 1 1 1 1 1 1 1 1 1 1 1 1 1 1 1 1 1 1 1 1 1 1 1 1 1 1 1 1 1 1 1 1 1 1 1 1 1 1 1 1 1 1 1 1 1 1 1 1 1 1 1 1 1 1 1 1 1 1 1 1 1 1 1 1 1 1 1 1 1 1 1 1 1 1 1 1 1 1 1 1 1 100 1 1 1 1 100 1 100 1 1 1 1 1 1 1 1 1 1 1 1 1 1 1 1 1 1 1 1 1 1 1 1 1 1 1 1 1 1 1 1 1 1 1 1 1 1 1 1 1 1 1 1 1 1 1 1 1 1 1 1 1 1 1 100 1 100 1 100 1 100 1 100 1 100 1 100 1 100 1 100 1 100 1 100 1 100 1 100 1 100 1 100 1 100 1 100 1 100 1 100 1 100 1 100 1 100 1 100 1 100 1 100 1 100 1 100 1 100 1 100 1 100 1 100 1 1 15 10 7 12 1 1 1 16 15 10 12 15 10 12 15 10 12 16 15 10 12 16 1 16 15 10 12 16 15 10 12 1 16 16 15 10 12 1 16 15 10 12 16 15 10 12 16 1 15 10 12 16 1 15 10 12 1 1 1 1 1 1 100 1 1 1 1 1 1 1 1 1 1 1 1 1 1 1 1 1 1 1 100 1 1 100 1 1 1 1 1 1 1 1 100 1 1 1 1 1 1 1 1 1 1 1 1 1 1 1 1 1 1 1 1 1 1 1 1 100 1 1 1 1 1 1 1 1 1 100 1 1 100 1 100 1 1 1 1 1 1 1 100 1 1 100 1 1 1 100 1 1 1 1 1 1 1 1 1 1 100 1 1 1 1 1 1 1 1 1 1 1 1 1 1 1 1 1 1 1 1 1 1 1 1 100 1 100 1 1
staticfield com/sun/tools/javac/comp/Resolve resolveKey Lcom/sun/tools/javac/util/Context$Key; com/sun/tools/javac/util/Context$Key
instanceKlass com/sun/tools/javac/comp/AttrContextEnv
ciInstanceKlass com/sun/tools/javac/comp/Env 1 1 127 10 7 12 1 1 1 9 7 12 1 1 1 9 12 1 1 9 12 1 9 12 1 1 9 12 1 1 9 12 1 1 9 12 1 1 9 12 1 1 10 12 1 10 12 1 1 10 12 1 1 10 7 12 1 1 1 100 1 10 8 1 10 12 1 1 10 12 1 8 1 8 1 10 12 1 1 100 1 10 12 1 100 1 1 1 1 1 1 1 1 1 1 1 1 1 1 1 1 1 1 1 1 1 1 1 1 1 1 1 1 1 1 1 1 100 1 1 100 1 1 100 1 1 100 1 1
ciInstanceKlass com/sun/tools/javac/tree/TreeMaker 1 1 1641 100 1 9 7 12 1 1 1 10 7 12 1 1 1 10 12 1 1 10 7 12 1 1 100 1 9 12 1 1 7 1 10 12 1 9 12 1 1 10 12 1 1 9 12 1 1 10 7 12 1 1 1 9 12 1 1 10 7 12 1 1 9 12 1 1 10 7 12 1 1 9 12 1 1 10 12 1 11 7 12 1 1 1 10 7 12 1 1 1 11 7 12 1 1 1 11 12 1 1 7 1 7 1 7 1 7 1 100 1 100 1 7 1 7 1 9 12 1 1 18 12 1 10 7 12 1 1 1 7 1 10 12 1 9 10 12 1 1 10 12 1 9 10 12 1 9 10 12 1 1 10 12 1 1 10 12 1 9 10 12 1 1 7 1 10 12 1 9 7 1 10 12 1 9 10 12 1 10 12 1 10 9 7 1 10 12 1 9 100 1 10 12 1 9 7 1 10 12 1 9 7 1 10 12 1 9 7 1 10 12 1 9 100 1 10 12 1 9 7 1 10 12 1 9 7 1 10 12 1 9 7 1 10 9 100 1 10 12 1 9 10 12 1 1 7 1 10 12 1 9 7 1 10 12 1 9 7 1 10 12 1 9 7 1 10 12 1 9 10 12 1 9 7 1 10 12 1 9 7 1 10 12 1 9 7 1 10 9 7 1 10 9 7 1 10 9 100 1 10 12 1 9 7 1 10 12 1 9 10 12 1 1 100 1 10 12 1 7 1 10 12 1 9 7 1 10 12 1 9 7 1 10 12 1 9 7 1 10 9 7 1 10 9 7 1 10 12 1 9 7 1 10 12 1 9 7 1 10 12 1 9 7 1 10 12 1 9 7 1 10 9 7 1 10 12 1 9 7 1 10 9 100 1 10 12 1 9 100 1 10 12 1 9 7 1 10 9 7 1 10 12 1 9 7 1 10 12 1 9 7 1 10 12 1 9 7 1 10 12 1 9 7 1 10 12 1 9 7 1 10 9 7 1 10 9 100 1 10 9 100 1 10 9 10 12 1 1 7 1 10 12 1 9 7 1 10 12 1 9 7 1 10 12 1 9 7 1 9 7 12 1 1 1 10 12 1 9 9 12 1 7 1 10 5 0 10 12 1 9 10 12 1 1 10 12 1 9 100 1 10 9 100 1 10 9 100 1 10 9 100 1 10 12 1 9 100 1 10 9 100 1 10 9 10 12 1 1 10 9 100 1 10 9 9 12 1 1 10 12 1 10 12 1 1 9 7 12 1 1 10 12 1 1 10 12 1 1 9 12 1 1 10 7 12 1 1 1 10 10 12 1 1 10 12 1 1 9 12 1 1 10 12 1 1 10 12 1 1 9 12 1 1 7 1 10 10 12 1 9 12 1 1 10 12 1 10 12 1 1 9 12 1 1 10 12 1 7 1 5 0 9 12 1 9 7 12 1 1 1 10 12 1 10 12 1 9 100 1 10 12 1 5 0 9 12 1 9 12 1 10 12 1 1 9 10 12 1 1 10 12 1 10 12 1 1 10 12 1 1 9 12 1 10 9 7 12 1 1 1 10 12 1 1 10 7 12 1 1 10 12 1 1 100 1 9 12 1 1 10 12 1 1 9 100 12 1 1 9 10 12 1 1 9 12 1 10 12 1 1 10 7 1 100 1 10 12 1 1 11 7 1 10 12 1 1 10 12 1 1 100 1 10 12 1 10 12 1 1 10 12 1 9 12 1 1 10 12 1 1 9 7 1 9 12 1 9 7 12 1 1 10 12 1 10 12 1 1 10 12 1 1 10 12 1 1 10 12 1 1 9 12 1 100 1 7 1 10 8 1 10 12 1 10 12 1 10 12 1 1 10 12 1 10 12 1 1 10 12 1 10 12 1 9 9 10 12 1 10 7 12 1 1 100 1 10 12 1 1 100 1 10 12 1 1 9 12 1 10 12 1 1 10 12 1 100 1 9 12 1 9 12 1 1 10 100 1 100 1 9 12 1 9 12 1 100 1 9 12 1 9 12 1 100 1 10 10 12 1 1 9 12 1 10 12 1 1 9 12 1 100 1 9 12 1 9 12 1 100 1 9 12 1 9 12 1 100 1 9 12 1 9 12 1 100 1 10 12 1 9 12 1 9 12 1 100 1 10 12 1 1 100 1 10 12 1 9 7 1 10 12 1 10 10 9 9 12 1 10 12 1 10 12 1 10 12 1 1 10 12 1 10 12 1 10 12 1 10 12 1 1 10 12 1 10 9 100 1 10 12 1 1 5 0 10 12 1 1 9 12 1 9 12 1 10 12 1 10 12 1 1 10 12 1 1 9 12 1 10 12 1 1 10 12 1 1 10 12 1 1 10 100 1 9 12 9 10 12 1 1 10 9 12 1 1 9 12 1 9 12 1 1 10 7 12 1 1 1 9 12 1 10 7 12 1 1 1 10 7 1 9 12 1 1 10 7 1 8 1 10 12 1 10 12 1 1 8 1 10 12 1 1 10 100 12 1 1 7 1 10 100 1 1 1 1 1 1 1 1 1 1 1 1 1 1 1 1 1 1 1 1 1 1 1 1 1 1 1 1 1 1 1 1 1 1 1 1 1 1 1 1 1 1 1 1 1 1 1 1 1 1 1 1 1 1 1 1 1 1 1 1 1 1 1 1 1 1 1 1 1 1 1 1 1 1 1 1 1 1 1 1 1 1 1 1 1 1 1 1 1 1 1 1 1 1 1 1 1 1 1 1 1 1 1 1 1 1 1 1 1 1 1 1 1 1 1 1 1 1 1 1 1 1 1 1 1 1 1 1 1 1 1 1 1 1 1 1 1 1 1 1 1 1 1 1 1 1 1 1 1 1 1 1 1 1 1 1 1 1 1 1 1 1 1 1 1 1 1 1 1 1 1 1 1 1 1 1 1 1 1 1 1 1 1 1 1 1 1 1 1 1 1 1 1 1 1 1 1 1 1 1 1 1 1 1 1 1 1 1 1 1 1 1 1 1 1 1 1 1 1 1 1 1 1 1 1 1 1 1 1 1 1 1 1 1 1 1 1 1 1 1 1 1 1 1 1 1 1 1 1 1 1 1 1 1 1 1 1 1 1 1 1 1 1 1 1 1 1 1 1 1 1 1 1 1 1 1 1 1 1 1 1 1 1 1 1 1 1 1 1 1 1 1 1 1 1 1 1 1 1 1 1 1 1 1 1 1 1 1 1 1 1 1 1 1 100 1 1 1 1 1 1 1 1 1 1 1 1 1 1 1 1 1 1 1 1 1 1 1 1 1 1 1 1 1 1 1 1 1 1 1 1 1 1 1 1 1 1 1 1 1 1 1 1 1 1 1 1 1 1 1 1 1 1 1 1 1 1 1 1 1 1 1 1 1 1 1 1 1 1 1 1 1 1 1 1 1 1 1 1 1 15 10 7 12 1 1 1 16 15 10 12 16 1 1 1 1 100 1 1 1 1 1 1 1 1 1 1 1 1 1 1 1 1 1 1 1 1 1 1 1 1 1 100 1 100 1 1 1 1 1 1 1 1 1 1 1 1 1 1 1 1 1 1 1 1 1 1 100 1 1 1 1 1 1 1 1 1 100 1 1 1 1 1 1 100 1 100 1 1 1 1 1 1 1 1 1 1 1 1 100 1 100 1 1 1 1 1 1 1 1 1 1 1 1 100 1 1 1 1 1 1 1 1 100 1 1 1 1 1 100 1 1 100 1 1 100 1 100 1 1
staticfield com/sun/tools/javac/tree/TreeMaker treeMakerKey Lcom/sun/tools/javac/util/Context$Key; com/sun/tools/javac/util/Context$Key
ciInstanceKlass com/sun/tools/javac/code/Types 1 1 2270 100 1 9 7 12 1 1 1 10 7 12 1 1 1 10 12 1 1 10 7 12 1 1 10 7 12 1 1 1 9 12 1 1 7 1 10 12 1 9 12 1 1 7 1 10 9 12 1 1 7 1 10 9 12 1 1 7 1 10 9 12 1 1 7 1 10 9 12 1 1 7 1 10 9 12 1 7 1 10 9 12 1 7 1 10 9 12 1 7 1 10 9 12 1 7 1 10 9 12 1 1 7 1 10 9 12 1 7 1 10 9 12 1 7 1 10 9 12 1 7 1 10 9 12 1 7 1 10 9 12 1 7 1 10 9 12 1 7 1 10 9 12 1 7 1 10 9 12 1 7 1 10 9 12 1 1 7 1 10 9 12 1 7 1 10 9 12 1 1 7 1 10 9 12 1 1 7 1 10 9 12 1 1 7 1 10 12 1 9 12 1 9 12 1 7 1 10 9 12 1 1 7 1 10 9 12 1 7 1 10 9 12 1 9 12 1 18 12 1 1 9 12 1 1 7 1 10 9 12 1 1 10 12 1 1 10 7 12 1 1 1 9 12 1 1 10 7 12 1 1 9 12 1 1 10 7 12 1 1 9 7 12 1 1 1 10 12 1 1 9 12 1 1 9 12 1 9 12 1 10 7 12 1 1 9 12 1 1 10 7 12 1 1 9 12 1 1 8 1 10 12 1 1 9 12 1 1 10 7 12 1 1 9 12 1 1 10 7 12 1 1 9 12 1 1 7 1 10 12 1 9 12 1 1 9 7 12 1 1 1 10 7 12 1 1 1 7 1 10 12 1 1 9 12 1 1 9 12 1 1 10 7 12 1 1 1 9 12 1 10 12 1 1 9 12 1 10 12 1 10 12 1 10 12 1 9 12 1 10 12 1 10 12 1 10 12 1 10 10 12 1 7 1 10 12 1 9 7 12 1 1 1 10 12 1 1 7 1 10 10 12 1 1 10 12 1 1 10 7 12 1 1 7 1 10 12 1 10 7 1 9 12 1 10 12 1 10 12 1 1 9 12 1 10 12 1 10 12 1 10 12 1 1 9 7 1 10 12 1 10 12 1 10 12 1 10 7 12 1 1 1 9 12 1 1 10 12 1 10 12 1 1 7 1 10 12 1 10 12 1 10 12 1 1 18 12 1 11 7 12 1 1 1 9 7 1 7 1 10 10 12 1 1 11 7 12 1 1 11 12 1 1 9 12 1 1 10 12 1 1 10 12 1 1 9 7 12 1 1 1 9 12 1 1 10 7 12 1 1 1 10 12 1 1 8 1 10 7 12 1 1 1 9 12 1 10 12 1 10 12 1 1 9 12 1 9 7 12 1 1 1 9 7 12 1 1 1 10 12 1 1 10 12 1 9 7 12 1 1 1 9 12 1 10 7 12 1 1 1 9 12 1 1 7 1 10 7 12 1 1 1 9 12 1 10 12 1 10 12 1 7 1 9 12 1 1 10 12 1 9 12 1 10 12 1 10 12 1 10 12 1 1 9 12 1 9 12 1 1 9 12 1 1 10 12 1 1 10 12 1 1 10 12 1 1 10 7 12 1 1 1 11 7 1 10 12 1 1 10 10 12 1 10 12 1 10 12 10 12 1 1 9 10 12 1 1 9 12 1 11 100 12 1 1 1 9 100 12 1 1 1 10 12 1 1 10 12 10 12 1 1 10 12 1 1 9 12 1 7 1 9 12 1 10 12 10 12 1 10 12 1 10 12 1 10 12 1 9 100 12 1 1 1 10 12 1 1 10 12 1 9 12 1 10 12 1 1 10 10 12 1 9 12 1 10 12 1 10 12 1 10 12 1 10 12 1 10 12 10 12 1 9 12 1 10 7 1 10 12 1 7 1 9 12 1 9 7 12 1 1 1 10 12 1 1 9 10 12 1 9 12 1 1 5 0 9 9 12 1 9 12 1 10 12 1 9 12 1 10 12 10 12 1 7 1 9 12 1 1 10 12 1 1 10 12 1 10 12 10 12 1 1 9 12 9 12 1 9 7 12 1 1 1 10 7 12 1 1 1 10 12 1 10 12 1 1 10 12 10 12 1 10 12 1 10 9 12 1 18 12 1 11 12 1 10 12 10 12 1 10 12 1 10 12 1 1 7 1 9 9 12 1 9 12 1 100 1 10 8 1 10 12 1 1 10 12 1 1 10 9 12 1 10 12 1 9 10 12 1 9 5 0 10 12 1 9 12 1 10 12 1 10 12 1 7 1 10 12 1 10 12 1 1 10 12 1 10 12 9 12 1 10 12 1 1 10 7 1 10 12 1 10 10 12 1 1 5 0 9 12 1 10 9 12 1 9 12 1 10 7 1 10 12 1 9 12 1 11 7 12 1 1 10 12 1 11 12 1 10 12 1 10 12 1 10 12 10 12 1 1 10 12 1 1 9 12 1 1 9 12 1 10 5 0 10 12 1 10 12 1 10 12 10 12 1 1 10 12 1 5 0 10 12 1 1 10 7 12 1 1 9 12 1 10 7 12 1 1 1 10 12 10 12 1 10 12 10 12 1 10 12 1 10 12 1 10 12 1 1 10 12 1 100 1 10 12 1 1 10 12 1 10 12 1 10 18 12 1 10 12 1 1 7 1 10 7 12 1 1 10 12 1 10 12 1 1 100 1 9 12 1 1 10 100 12 1 1 1 10 12 1 1 10 5 0 10 9 7 12 1 1 1 10 7 12 1 1 1 9 9 12 1 5 0 10 12 1 1 10 12 1 1 10 7 1 10 12 1 10 12 1 7 1 10 12 1 10 12 1 10 10 12 1 10 12 1 10 12 1 10 12 1 10 12 1 7 1 10 12 1 10 12 1 10 12 1 1 10 12 1 9 10 9 12 1 9 12 1 10 12 1 1 7 1 9 12 1 10 10 12 1 10 12 1 9 9 10 12 1 1 9 12 1 10 12 1 1 100 1 10 10 100 12 1 1 1 10 12 1 10 12 1 10 12 1 1 10 12 1 8 1 10 12 1 8 1 10 12 1 1 8 1 10 12 1 10 12 1 1 10 12 1 18 12 1 18 12 1 18 12 1 1 18 12 1 7 1 11 7 12 1 1 11 7 12 1 1 10 12 1 1 10 12 1 10 12 1 10 10 12 1 10 12 1 10 7 1 10 12 1 11 7 1 10 12 1 1 9 12 1 9 12 1 10 12 1 11 12 1 9 12 1 10 12 1 10 10 12 1 10 12 1 11 10 12 1 10 10 12 1 1 10 12 1 1 100 1 9 12 1 10 12 10 12 1 10 12 1 10 12 10 12 1 1 10 12 9 12 9 12 1 9 12 1 10 12 1 10 12 1 1 10 12 10 12 1 10 12 1 10 12 10 12 1 1 9 12 1 1 10 7 1 7 1 9 12 1 10 10 12 1 10 12 1 10 12 1 9 12 1 1 9 12 1 1 10 12 1 1 9 12 1 10 12 1 10 10 10 12 1 1 10 12 1 10 12 1 10 9 12 1 10 12 1 10 12 1 10 10 10 12 1 10 12 1 10 12 1 1 10 12 1 10 12 1 5 0 10 12 10 12 10 12 1 10 12 7 1 10 12 1 10 12 1 1 10 12 1 100 1 10 12 1 7 1 10 12 1 10 10 12 1 9 12 1 9 7 1 10 12 1 1 9 7 12 1 1 9 12 1 10 12 1 1 9 12 1 10 12 1 1 7 1 9 12 1 9 7 1 9 12 1 9 12 9 12 9 12 1 9 12 11 7 12 1 1 9 12 1 9 12 1 1 9 12 1 9 12 1 9 12 1 9 12 1 100 1 9 8 1 10 12 1 9 12 1 1 10 7 12 1 1 11 9 9 12 7 1 10 12 1 8 1 7 1 10 7 1 10 10 7 1 10 1 1 1 1 1 1 1 1 1 1 1 1 1 1 1 1 1 1 1 1 1 1 1 1 1 1 1 1 1 1 1 1 1 1 1 1 1 1 1 1 1 1 1 1 1 1 1 1 1 1 1 1 1 1 1 1 1 1 1 1 1 1 1 1 1 1 1 1 1 1 1 1 1 100 1 1 1 1 1 1 1 1 1 1 1 1 1 1 1 1 1 1 1 1 1 1 1 1 1 1 1 1 1 1 1 1 1 1 1 1 100 1 1 1 1 1 1 1 1 1 1 1 1 1 1 1 1 1 1 1 1 1 1 1 1 1 1 1 1 1 1 1 1 1 1 1 1 1 1 1 1 1 1 1 1 1 1 1 1 1 1 1 1 1 1 1 100 1 1 1 1 1 1 1 1 1 1 1 1 1 1 1 1 1 1 1 1 1 1 1 1 100 1 1 1 1 1 1 1 1 1 1 1 1 1 1 1 1 1 1 1 1 1 1 1 1 1 1 1 1 1 1 1 1 1 1 1 1 1 1 1 1 1 1 1 1 1 1 1 1 1 1 1 1 1 1 1 1 1 1 1 1 1 1 1 1 1 1 1 1 1 1 1 1 1 1 1 1 1 1 1 1 1 1 1 1 1 1 1 1 1 1 1 1 1 1 1 100 1 1 1 1 1 1 1 1 1 1 1 1 1 1 1 1 1 1 1 1 1 1 1 1 1 1 1 1 1 1 1 1 1 1 1 1 1 1 1 1 1 1 1 1 1 1 1 1 1 1 1 1 1 1 1 1 1 1 1 1 100 1 1 1 1 1 1 1 1 1 1 1 1 1 1 1 1 100 1 100 1 100 1 100 1 100 1 100 1 100 1 100 1 100 1 100 1 100 1 100 1 100 1 100 1 100 1 100 1 100 1 100 1 100 1 100 1 100 1 100 1 1 15 10 7 12 1 1 1 16 15 10 12 16 16 15 10 12 16 15 10 12 16 1 16 15 10 12 16 15 10 12 16 1 16 1 15 10 12 16 1 16 15 10 12 1 16 1 16 15 10 12 16 1 1 1 1 1 1 1 1 1 1 1 1 1 1 100 1 1 100 1 1 1 1 1 1 1 1 1 1 1 1 1 1 1 1 100 1 1 1 1 1 100 1 1 1 1 1 100 1 1 1 1 1 1 1 1 1 1 1 100 1 1 1 1 1 1 100 1 1 1 1 1 1 1 1 1 100 1 1 100 1 1 1 1 1 1 1 1 1 1 1 100 1 100 1 1
staticfield com/sun/tools/javac/code/Types typesKey Lcom/sun/tools/javac/util/Context$Key; com/sun/tools/javac/util/Context$Key
staticfield com/sun/tools/javac/code/Types newInstanceFun Lcom/sun/tools/javac/code/Types$TypeMapping; com/sun/tools/javac/code/Types$20
staticfield com/sun/tools/javac/code/Types hashCodeVisitor Lcom/sun/tools/javac/code/Types$HashCodeVisitor; com/sun/tools/javac/code/Types$HashCodeVisitor
staticfield com/sun/tools/javac/code/Types hashCodeStrictVisitor Lcom/sun/tools/javac/code/Types$HashCodeVisitor; com/sun/tools/javac/code/Types$24
instanceKlass com/sun/tools/javac/code/Types$HasSameArgs
instanceKlass com/sun/tools/javac/code/Types$8
instanceKlass com/sun/tools/javac/code/Types$7
instanceKlass com/sun/tools/javac/code/Types$6
instanceKlass com/sun/tools/javac/code/Types$5
instanceKlass com/sun/tools/javac/code/Types$4
ciInstanceKlass com/sun/tools/javac/code/Types$TypeRelation 1 1 24 10 7 12 1 1 1 100 1 1 1 1 1 1 1 1 1 1 1 100 1 1 1 1
ciInstanceKlass com/sun/tools/javac/code/Types$23$1 1 1 54 9 7 12 1 1 1 9 12 1 1 10 7 12 1 1 1 1 1 1 1 1 1 1 1 1 1 1 1 1 1 1 1 1 1 1 1 100 1 12 1 1 1 100 1 1 100 1 1 100 1 100 1 1
ciInstanceKlass com/sun/tools/javac/tree/JCTree$Tag 1 1 498 7 1 9 12 1 1 9 12 1 9 12 1 9 12 1 9 12 1 9 12 1 9 12 1 9 12 1 9 12 1 9 12 1 9 12 1 9 12 1 9 12 1 9 12 1 9 12 1 9 12 1 9 12 1 9 12 1 9 12 1 9 12 1 9 12 1 9 12 1 9 12 1 9 12 1 9 12 1 9 12 1 9 12 1 9 12 1 9 12 1 9 12 1 9 12 1 9 12 1 9 12 1 9 12 1 9 12 1 9 12 1 9 12 1 9 12 1 9 12 1 9 12 1 9 12 1 9 12 1 9 12 1 9 12 1 9 12 1 9 12 1 9 12 1 9 12 1 9 12 1 9 12 1 9 12 1 9 12 1 9 12 1 9 12 1 9 12 1 9 12 1 9 12 1 9 12 1 9 12 1 9 12 1 9 12 1 9 12 1 9 12 1 9 12 1 9 12 1 9 12 1 9 12 1 9 12 1 9 12 1 9 12 1 9 12 1 9 12 1 9 12 1 9 12 1 9 12 1 9 12 1 9 12 1 9 12 1 9 12 1 9 12 1 9 12 1 9 12 1 9 12 1 9 12 1 9 12 1 9 12 1 9 12 1 9 12 1 9 12 1 9 12 1 9 12 1 9 12 1 9 12 1 9 12 1 9 12 1 9 12 1 9 12 1 9 12 1 9 12 1 9 12 1 9 12 1 9 12 1 9 12 1 9 12 1 9 12 1 9 12 1 1 10 7 12 1 1 10 7 12 1 1 1 10 12 1 1 9 12 1 10 12 1 9 12 1 1 100 1 8 1 10 12 1 10 12 1 1 8 10 8 8 8 8 8 8 8 8 8 8 8 8 8 8 8 8 8 8 8 8 8 8 8 8 8 8 8 8 8 8 8 8 8 8 8 8 8 8 8 8 8 8 8 8 8 8 8 8 8 8 8 8 8 8 8 8 8 8 8 8 8 8 8 8 8 8 8 8 8 8 8 8 8 8 8 8 8 8 8 8 8 8 8 8 8 8 8 8 8 8 8 8 8 8 8 8 8 8 8 8 8 8 8 8 10 12 1 1 1 1 1 1 1 1 1 1 1 1 1 1 1 1 1 1 1 1 1 1 1 1 1 1 1 100 1 1 1
staticfield com/sun/tools/javac/tree/JCTree$Tag NO_TAG Lcom/sun/tools/javac/tree/JCTree$Tag; com/sun/tools/javac/tree/JCTree$Tag
staticfield com/sun/tools/javac/tree/JCTree$Tag TOPLEVEL Lcom/sun/tools/javac/tree/JCTree$Tag; com/sun/tools/javac/tree/JCTree$Tag
staticfield com/sun/tools/javac/tree/JCTree$Tag PACKAGEDEF Lcom/sun/tools/javac/tree/JCTree$Tag; com/sun/tools/javac/tree/JCTree$Tag
staticfield com/sun/tools/javac/tree/JCTree$Tag IMPORT Lcom/sun/tools/javac/tree/JCTree$Tag; com/sun/tools/javac/tree/JCTree$Tag
staticfield com/sun/tools/javac/tree/JCTree$Tag CLASSDEF Lcom/sun/tools/javac/tree/JCTree$Tag; com/sun/tools/javac/tree/JCTree$Tag
staticfield com/sun/tools/javac/tree/JCTree$Tag METHODDEF Lcom/sun/tools/javac/tree/JCTree$Tag; com/sun/tools/javac/tree/JCTree$Tag
staticfield com/sun/tools/javac/tree/JCTree$Tag VARDEF Lcom/sun/tools/javac/tree/JCTree$Tag; com/sun/tools/javac/tree/JCTree$Tag
staticfield com/sun/tools/javac/tree/JCTree$Tag SKIP Lcom/sun/tools/javac/tree/JCTree$Tag; com/sun/tools/javac/tree/JCTree$Tag
staticfield com/sun/tools/javac/tree/JCTree$Tag BLOCK Lcom/sun/tools/javac/tree/JCTree$Tag; com/sun/tools/javac/tree/JCTree$Tag
staticfield com/sun/tools/javac/tree/JCTree$Tag DOLOOP Lcom/sun/tools/javac/tree/JCTree$Tag; com/sun/tools/javac/tree/JCTree$Tag
staticfield com/sun/tools/javac/tree/JCTree$Tag WHILELOOP Lcom/sun/tools/javac/tree/JCTree$Tag; com/sun/tools/javac/tree/JCTree$Tag
staticfield com/sun/tools/javac/tree/JCTree$Tag FORLOOP Lcom/sun/tools/javac/tree/JCTree$Tag; com/sun/tools/javac/tree/JCTree$Tag
staticfield com/sun/tools/javac/tree/JCTree$Tag FOREACHLOOP Lcom/sun/tools/javac/tree/JCTree$Tag; com/sun/tools/javac/tree/JCTree$Tag
staticfield com/sun/tools/javac/tree/JCTree$Tag LABELLED Lcom/sun/tools/javac/tree/JCTree$Tag; com/sun/tools/javac/tree/JCTree$Tag
staticfield com/sun/tools/javac/tree/JCTree$Tag SWITCH Lcom/sun/tools/javac/tree/JCTree$Tag; com/sun/tools/javac/tree/JCTree$Tag
staticfield com/sun/tools/javac/tree/JCTree$Tag CASE Lcom/sun/tools/javac/tree/JCTree$Tag; com/sun/tools/javac/tree/JCTree$Tag
staticfield com/sun/tools/javac/tree/JCTree$Tag SWITCH_EXPRESSION Lcom/sun/tools/javac/tree/JCTree$Tag; com/sun/tools/javac/tree/JCTree$Tag
staticfield com/sun/tools/javac/tree/JCTree$Tag SYNCHRONIZED Lcom/sun/tools/javac/tree/JCTree$Tag; com/sun/tools/javac/tree/JCTree$Tag
staticfield com/sun/tools/javac/tree/JCTree$Tag TRY Lcom/sun/tools/javac/tree/JCTree$Tag; com/sun/tools/javac/tree/JCTree$Tag
staticfield com/sun/tools/javac/tree/JCTree$Tag CATCH Lcom/sun/tools/javac/tree/JCTree$Tag; com/sun/tools/javac/tree/JCTree$Tag
staticfield com/sun/tools/javac/tree/JCTree$Tag CONDEXPR Lcom/sun/tools/javac/tree/JCTree$Tag; com/sun/tools/javac/tree/JCTree$Tag
staticfield com/sun/tools/javac/tree/JCTree$Tag IF Lcom/sun/tools/javac/tree/JCTree$Tag; com/sun/tools/javac/tree/JCTree$Tag
staticfield com/sun/tools/javac/tree/JCTree$Tag EXEC Lcom/sun/tools/javac/tree/JCTree$Tag; com/sun/tools/javac/tree/JCTree$Tag
staticfield com/sun/tools/javac/tree/JCTree$Tag BREAK Lcom/sun/tools/javac/tree/JCTree$Tag; com/sun/tools/javac/tree/JCTree$Tag
staticfield com/sun/tools/javac/tree/JCTree$Tag YIELD Lcom/sun/tools/javac/tree/JCTree$Tag; com/sun/tools/javac/tree/JCTree$Tag
staticfield com/sun/tools/javac/tree/JCTree$Tag CONTINUE Lcom/sun/tools/javac/tree/JCTree$Tag; com/sun/tools/javac/tree/JCTree$Tag
staticfield com/sun/tools/javac/tree/JCTree$Tag RETURN Lcom/sun/tools/javac/tree/JCTree$Tag; com/sun/tools/javac/tree/JCTree$Tag
staticfield com/sun/tools/javac/tree/JCTree$Tag THROW Lcom/sun/tools/javac/tree/JCTree$Tag; com/sun/tools/javac/tree/JCTree$Tag
staticfield com/sun/tools/javac/tree/JCTree$Tag ASSERT Lcom/sun/tools/javac/tree/JCTree$Tag; com/sun/tools/javac/tree/JCTree$Tag
staticfield com/sun/tools/javac/tree/JCTree$Tag APPLY Lcom/sun/tools/javac/tree/JCTree$Tag; com/sun/tools/javac/tree/JCTree$Tag
staticfield com/sun/tools/javac/tree/JCTree$Tag NEWCLASS Lcom/sun/tools/javac/tree/JCTree$Tag; com/sun/tools/javac/tree/JCTree$Tag
staticfield com/sun/tools/javac/tree/JCTree$Tag NEWARRAY Lcom/sun/tools/javac/tree/JCTree$Tag; com/sun/tools/javac/tree/JCTree$Tag
staticfield com/sun/tools/javac/tree/JCTree$Tag LAMBDA Lcom/sun/tools/javac/tree/JCTree$Tag; com/sun/tools/javac/tree/JCTree$Tag
staticfield com/sun/tools/javac/tree/JCTree$Tag PARENS Lcom/sun/tools/javac/tree/JCTree$Tag; com/sun/tools/javac/tree/JCTree$Tag
staticfield com/sun/tools/javac/tree/JCTree$Tag ASSIGN Lcom/sun/tools/javac/tree/JCTree$Tag; com/sun/tools/javac/tree/JCTree$Tag
staticfield com/sun/tools/javac/tree/JCTree$Tag TYPECAST Lcom/sun/tools/javac/tree/JCTree$Tag; com/sun/tools/javac/tree/JCTree$Tag
staticfield com/sun/tools/javac/tree/JCTree$Tag TYPETEST Lcom/sun/tools/javac/tree/JCTree$Tag; com/sun/tools/javac/tree/JCTree$Tag
staticfield com/sun/tools/javac/tree/JCTree$Tag BINDINGPATTERN Lcom/sun/tools/javac/tree/JCTree$Tag; com/sun/tools/javac/tree/JCTree$Tag
staticfield com/sun/tools/javac/tree/JCTree$Tag DEFAULTCASELABEL Lcom/sun/tools/javac/tree/JCTree$Tag; com/sun/tools/javac/tree/JCTree$Tag
staticfield com/sun/tools/javac/tree/JCTree$Tag GUARDPATTERN Lcom/sun/tools/javac/tree/JCTree$Tag; com/sun/tools/javac/tree/JCTree$Tag
staticfield com/sun/tools/javac/tree/JCTree$Tag PARENTHESIZEDPATTERN Lcom/sun/tools/javac/tree/JCTree$Tag; com/sun/tools/javac/tree/JCTree$Tag
staticfield com/sun/tools/javac/tree/JCTree$Tag INDEXED Lcom/sun/tools/javac/tree/JCTree$Tag; com/sun/tools/javac/tree/JCTree$Tag
staticfield com/sun/tools/javac/tree/JCTree$Tag SELECT Lcom/sun/tools/javac/tree/JCTree$Tag; com/sun/tools/javac/tree/JCTree$Tag
staticfield com/sun/tools/javac/tree/JCTree$Tag REFERENCE Lcom/sun/tools/javac/tree/JCTree$Tag; com/sun/tools/javac/tree/JCTree$Tag
staticfield com/sun/tools/javac/tree/JCTree$Tag IDENT Lcom/sun/tools/javac/tree/JCTree$Tag; com/sun/tools/javac/tree/JCTree$Tag
staticfield com/sun/tools/javac/tree/JCTree$Tag LITERAL Lcom/sun/tools/javac/tree/JCTree$Tag; com/sun/tools/javac/tree/JCTree$Tag
staticfield com/sun/tools/javac/tree/JCTree$Tag TYPEIDENT Lcom/sun/tools/javac/tree/JCTree$Tag; com/sun/tools/javac/tree/JCTree$Tag
staticfield com/sun/tools/javac/tree/JCTree$Tag TYPEARRAY Lcom/sun/tools/javac/tree/JCTree$Tag; com/sun/tools/javac/tree/JCTree$Tag
staticfield com/sun/tools/javac/tree/JCTree$Tag TYPEAPPLY Lcom/sun/tools/javac/tree/JCTree$Tag; com/sun/tools/javac/tree/JCTree$Tag
staticfield com/sun/tools/javac/tree/JCTree$Tag TYPEUNION Lcom/sun/tools/javac/tree/JCTree$Tag; com/sun/tools/javac/tree/JCTree$Tag
staticfield com/sun/tools/javac/tree/JCTree$Tag TYPEINTERSECTION Lcom/sun/tools/javac/tree/JCTree$Tag; com/sun/tools/javac/tree/JCTree$Tag
staticfield com/sun/tools/javac/tree/JCTree$Tag TYPEPARAMETER Lcom/sun/tools/javac/tree/JCTree$Tag; com/sun/tools/javac/tree/JCTree$Tag
staticfield com/sun/tools/javac/tree/JCTree$Tag WILDCARD Lcom/sun/tools/javac/tree/JCTree$Tag; com/sun/tools/javac/tree/JCTree$Tag
staticfield com/sun/tools/javac/tree/JCTree$Tag TYPEBOUNDKIND Lcom/sun/tools/javac/tree/JCTree$Tag; com/sun/tools/javac/tree/JCTree$Tag
staticfield com/sun/tools/javac/tree/JCTree$Tag ANNOTATION Lcom/sun/tools/javac/tree/JCTree$Tag; com/sun/tools/javac/tree/JCTree$Tag
staticfield com/sun/tools/javac/tree/JCTree$Tag TYPE_ANNOTATION Lcom/sun/tools/javac/tree/JCTree$Tag; com/sun/tools/javac/tree/JCTree$Tag
staticfield com/sun/tools/javac/tree/JCTree$Tag MODIFIERS Lcom/sun/tools/javac/tree/JCTree$Tag; com/sun/tools/javac/tree/JCTree$Tag
staticfield com/sun/tools/javac/tree/JCTree$Tag ANNOTATED_TYPE Lcom/sun/tools/javac/tree/JCTree$Tag; com/sun/tools/javac/tree/JCTree$Tag
staticfield com/sun/tools/javac/tree/JCTree$Tag ERRONEOUS Lcom/sun/tools/javac/tree/JCTree$Tag; com/sun/tools/javac/tree/JCTree$Tag
staticfield com/sun/tools/javac/tree/JCTree$Tag POS Lcom/sun/tools/javac/tree/JCTree$Tag; com/sun/tools/javac/tree/JCTree$Tag
staticfield com/sun/tools/javac/tree/JCTree$Tag NEG Lcom/sun/tools/javac/tree/JCTree$Tag; com/sun/tools/javac/tree/JCTree$Tag
staticfield com/sun/tools/javac/tree/JCTree$Tag NOT Lcom/sun/tools/javac/tree/JCTree$Tag; com/sun/tools/javac/tree/JCTree$Tag
staticfield com/sun/tools/javac/tree/JCTree$Tag COMPL Lcom/sun/tools/javac/tree/JCTree$Tag; com/sun/tools/javac/tree/JCTree$Tag
staticfield com/sun/tools/javac/tree/JCTree$Tag PREINC Lcom/sun/tools/javac/tree/JCTree$Tag; com/sun/tools/javac/tree/JCTree$Tag
staticfield com/sun/tools/javac/tree/JCTree$Tag PREDEC Lcom/sun/tools/javac/tree/JCTree$Tag; com/sun/tools/javac/tree/JCTree$Tag
staticfield com/sun/tools/javac/tree/JCTree$Tag POSTINC Lcom/sun/tools/javac/tree/JCTree$Tag; com/sun/tools/javac/tree/JCTree$Tag
staticfield com/sun/tools/javac/tree/JCTree$Tag POSTDEC Lcom/sun/tools/javac/tree/JCTree$Tag; com/sun/tools/javac/tree/JCTree$Tag
staticfield com/sun/tools/javac/tree/JCTree$Tag NULLCHK Lcom/sun/tools/javac/tree/JCTree$Tag; com/sun/tools/javac/tree/JCTree$Tag
staticfield com/sun/tools/javac/tree/JCTree$Tag OR Lcom/sun/tools/javac/tree/JCTree$Tag; com/sun/tools/javac/tree/JCTree$Tag
staticfield com/sun/tools/javac/tree/JCTree$Tag AND Lcom/sun/tools/javac/tree/JCTree$Tag; com/sun/tools/javac/tree/JCTree$Tag
staticfield com/sun/tools/javac/tree/JCTree$Tag BITOR Lcom/sun/tools/javac/tree/JCTree$Tag; com/sun/tools/javac/tree/JCTree$Tag
staticfield com/sun/tools/javac/tree/JCTree$Tag BITXOR Lcom/sun/tools/javac/tree/JCTree$Tag; com/sun/tools/javac/tree/JCTree$Tag
staticfield com/sun/tools/javac/tree/JCTree$Tag BITAND Lcom/sun/tools/javac/tree/JCTree$Tag; com/sun/tools/javac/tree/JCTree$Tag
staticfield com/sun/tools/javac/tree/JCTree$Tag EQ Lcom/sun/tools/javac/tree/JCTree$Tag; com/sun/tools/javac/tree/JCTree$Tag
staticfield com/sun/tools/javac/tree/JCTree$Tag NE Lcom/sun/tools/javac/tree/JCTree$Tag; com/sun/tools/javac/tree/JCTree$Tag
staticfield com/sun/tools/javac/tree/JCTree$Tag LT Lcom/sun/tools/javac/tree/JCTree$Tag; com/sun/tools/javac/tree/JCTree$Tag
staticfield com/sun/tools/javac/tree/JCTree$Tag GT Lcom/sun/tools/javac/tree/JCTree$Tag; com/sun/tools/javac/tree/JCTree$Tag
staticfield com/sun/tools/javac/tree/JCTree$Tag LE Lcom/sun/tools/javac/tree/JCTree$Tag; com/sun/tools/javac/tree/JCTree$Tag
staticfield com/sun/tools/javac/tree/JCTree$Tag GE Lcom/sun/tools/javac/tree/JCTree$Tag; com/sun/tools/javac/tree/JCTree$Tag
staticfield com/sun/tools/javac/tree/JCTree$Tag SL Lcom/sun/tools/javac/tree/JCTree$Tag; com/sun/tools/javac/tree/JCTree$Tag
staticfield com/sun/tools/javac/tree/JCTree$Tag SR Lcom/sun/tools/javac/tree/JCTree$Tag; com/sun/tools/javac/tree/JCTree$Tag
staticfield com/sun/tools/javac/tree/JCTree$Tag USR Lcom/sun/tools/javac/tree/JCTree$Tag; com/sun/tools/javac/tree/JCTree$Tag
staticfield com/sun/tools/javac/tree/JCTree$Tag PLUS Lcom/sun/tools/javac/tree/JCTree$Tag; com/sun/tools/javac/tree/JCTree$Tag
staticfield com/sun/tools/javac/tree/JCTree$Tag MINUS Lcom/sun/tools/javac/tree/JCTree$Tag; com/sun/tools/javac/tree/JCTree$Tag
staticfield com/sun/tools/javac/tree/JCTree$Tag MUL Lcom/sun/tools/javac/tree/JCTree$Tag; com/sun/tools/javac/tree/JCTree$Tag
staticfield com/sun/tools/javac/tree/JCTree$Tag DIV Lcom/sun/tools/javac/tree/JCTree$Tag; com/sun/tools/javac/tree/JCTree$Tag
staticfield com/sun/tools/javac/tree/JCTree$Tag MOD Lcom/sun/tools/javac/tree/JCTree$Tag; com/sun/tools/javac/tree/JCTree$Tag
staticfield com/sun/tools/javac/tree/JCTree$Tag BITOR_ASG Lcom/sun/tools/javac/tree/JCTree$Tag; com/sun/tools/javac/tree/JCTree$Tag
staticfield com/sun/tools/javac/tree/JCTree$Tag BITXOR_ASG Lcom/sun/tools/javac/tree/JCTree$Tag; com/sun/tools/javac/tree/JCTree$Tag
staticfield com/sun/tools/javac/tree/JCTree$Tag BITAND_ASG Lcom/sun/tools/javac/tree/JCTree$Tag; com/sun/tools/javac/tree/JCTree$Tag
staticfield com/sun/tools/javac/tree/JCTree$Tag SL_ASG Lcom/sun/tools/javac/tree/JCTree$Tag; com/sun/tools/javac/tree/JCTree$Tag
staticfield com/sun/tools/javac/tree/JCTree$Tag SR_ASG Lcom/sun/tools/javac/tree/JCTree$Tag; com/sun/tools/javac/tree/JCTree$Tag
staticfield com/sun/tools/javac/tree/JCTree$Tag USR_ASG Lcom/sun/tools/javac/tree/JCTree$Tag; com/sun/tools/javac/tree/JCTree$Tag
staticfield com/sun/tools/javac/tree/JCTree$Tag PLUS_ASG Lcom/sun/tools/javac/tree/JCTree$Tag; com/sun/tools/javac/tree/JCTree$Tag
staticfield com/sun/tools/javac/tree/JCTree$Tag MINUS_ASG Lcom/sun/tools/javac/tree/JCTree$Tag; com/sun/tools/javac/tree/JCTree$Tag
staticfield com/sun/tools/javac/tree/JCTree$Tag MUL_ASG Lcom/sun/tools/javac/tree/JCTree$Tag; com/sun/tools/javac/tree/JCTree$Tag
staticfield com/sun/tools/javac/tree/JCTree$Tag DIV_ASG Lcom/sun/tools/javac/tree/JCTree$Tag; com/sun/tools/javac/tree/JCTree$Tag
staticfield com/sun/tools/javac/tree/JCTree$Tag MOD_ASG Lcom/sun/tools/javac/tree/JCTree$Tag; com/sun/tools/javac/tree/JCTree$Tag
staticfield com/sun/tools/javac/tree/JCTree$Tag MODULEDEF Lcom/sun/tools/javac/tree/JCTree$Tag; com/sun/tools/javac/tree/JCTree$Tag
staticfield com/sun/tools/javac/tree/JCTree$Tag EXPORTS Lcom/sun/tools/javac/tree/JCTree$Tag; com/sun/tools/javac/tree/JCTree$Tag
staticfield com/sun/tools/javac/tree/JCTree$Tag OPENS Lcom/sun/tools/javac/tree/JCTree$Tag; com/sun/tools/javac/tree/JCTree$Tag
staticfield com/sun/tools/javac/tree/JCTree$Tag PROVIDES Lcom/sun/tools/javac/tree/JCTree$Tag; com/sun/tools/javac/tree/JCTree$Tag
staticfield com/sun/tools/javac/tree/JCTree$Tag REQUIRES Lcom/sun/tools/javac/tree/JCTree$Tag; com/sun/tools/javac/tree/JCTree$Tag
staticfield com/sun/tools/javac/tree/JCTree$Tag USES Lcom/sun/tools/javac/tree/JCTree$Tag; com/sun/tools/javac/tree/JCTree$Tag
staticfield com/sun/tools/javac/tree/JCTree$Tag LETEXPR Lcom/sun/tools/javac/tree/JCTree$Tag; com/sun/tools/javac/tree/JCTree$Tag
staticfield com/sun/tools/javac/tree/JCTree$Tag numberOfOperators I 28
staticfield com/sun/tools/javac/tree/JCTree$Tag $VALUES [Lcom/sun/tools/javac/tree/JCTree$Tag; 105 [Lcom/sun/tools/javac/tree/JCTree$Tag;
ciInstanceKlass com/sun/tools/javac/code/Symtab$$Lambda$96+0x0000011ab90e8cf0 1 1 26 1 7 1 7 1 100 1 1 1 1 1 12 10 12 9 1 1 1 100 1 1 12 10 1 1
ciInstanceKlass com/sun/tools/javac/comp/TransTypes 1 1 1389 100 1 9 7 12 1 1 1 10 7 12 1 1 1 10 12 1 1 10 7 12 1 1 9 12 1 1 10 12 1 1 10 7 12 1 1 1 9 12 1 1 10 7 12 1 1 9 12 1 1 10 7 12 1 1 9 12 1 1 10 7 12 1 1 9 12 1 1 10 7 12 1 1 9 12 1 1 10 7 12 1 1 9 12 1 1 10 7 12 1 1 9 12 1 1 10 7 12 1 1 9 12 1 1 10 7 12 1 1 9 7 12 1 1 1 10 12 1 1 9 12 1 1 9 12 1 9 12 1 10 7 12 1 1 9 12 1 1 10 7 12 1 1 9 12 1 1 9 12 1 1 9 7 1 10 12 1 1 9 12 1 10 12 1 1 9 12 1 1 9 7 12 1 1 1 10 12 1 1 10 12 1 1 10 12 1 1 10 12 1 1 10 7 12 1 1 10 12 1 1 10 12 1 1 10 12 1 1 9 12 1 1 10 12 1 1 10 12 1 10 12 1 1 10 7 12 1 1 9 12 1 1 10 12 1 9 12 1 1 7 1 10 12 1 1 10 12 1 1 10 7 12 1 1 1 10 12 1 1 10 12 1 9 7 1 10 12 1 10 12 1 1 5 0 5 0 5 0 10 7 12 1 1 5 0 9 12 1 1 10 12 1 10 12 1 1 9 12 1 10 12 1 1 10 12 1 1 9 12 1 1 10 10 12 1 9 10 12 1 10 7 1 10 12 1 1 10 12 1 10 12 1 1 10 9 7 1 10 12 1 1 10 12 1 1 10 12 1 1 10 7 12 1 1 9 7 12 1 1 1 10 12 1 1 10 12 1 1 10 12 1 1 10 12 1 1 10 12 1 1 9 12 1 1 10 7 12 1 1 1 10 12 1 1 10 7 12 1 10 12 1 100 1 9 12 1 7 1 10 5 0 9 10 7 1 10 10 12 9 12 1 1 9 7 12 1 1 9 9 12 1 10 5 0 10 12 1 1 10 12 1 1 10 12 1 1 10 12 1 1 10 12 1 1 10 12 1 1 5 0 5 0 10 10 12 1 1 5 0 10 12 1 1 10 9 7 12 1 1 1 10 12 1 1 11 7 12 1 1 1 11 7 12 1 1 11 12 1 1 10 12 1 1 9 10 12 1 1 10 12 1 1 9 12 1 9 12 1 10 12 1 10 12 9 7 12 1 1 1 10 12 1 1 9 12 1 1 9 9 12 1 1 9 12 1 10 12 1 9 12 1 1 7 1 9 12 1 10 12 1 9 12 1 7 1 9 12 1 9 12 9 12 1 10 9 9 100 12 1 1 7 1 9 12 1 9 12 1 1 9 100 1 9 9 7 12 1 9 9 12 1 9 9 7 12 1 1 9 12 1 10 12 1 9 10 7 12 1 1 9 9 12 9 9 10 12 1 10 12 1 1 9 9 10 9 100 12 1 1 9 12 1 9 12 1 9 12 1 10 12 1 9 100 12 1 1 9 12 1 9 100 1 9 100 1 9 9 10 12 1 1 9 100 12 1 1 1 100 1 9 100 12 1 1 9 9 100 12 1 1 9 9 7 12 1 1 9 12 1 9 9 12 1 10 12 1 9 12 1 9 7 1 9 12 1 9 9 12 1 9 7 1 9 12 1 9 12 1 9 7 1 9 7 1 9 100 12 1 1 9 7 1 9 100 1 9 12 1 9 12 1 10 7 12 1 1 1 10 10 12 1 1 10 12 1 1 9 12 1 9 12 1 8 1 100 1 10 100 12 1 1 1 10 100 12 1 1 1 10 12 1 1 9 9 7 12 1 1 9 12 1 1 9 10 12 1 1 10 12 1 9 12 1 9 12 1 9 12 1 9 9 9 7 12 1 9 12 1 9 9 12 1 9 7 1 9 9 7 12 1 1 9 12 1 9 9 100 1 9 9 12 1 1 9 7 1 9 9 7 12 1 1 10 12 1 1 9 7 12 1 1 1 9 9 9 7 1 9 9 9 100 12 1 1 10 12 1 9 12 1 10 12 1 1 9 9 12 9 9 9 12 1 10 12 1 100 1 10 12 1 10 9 100 1 9 12 9 7 12 1 1 9 12 1 9 7 12 1 9 12 1 9 12 1 9 9 10 12 1 9 12 1 9 7 12 1 1 10 12 1 1 10 12 1 9 9 9 7 1 9 9 12 1 9 7 12 1 1 9 9 9 7 1 9 9 7 1 9 100 12 1 1 9 10 12 1 1 9 12 1 1 5 0 10 12 1 10 12 1 1 100 1 10 8 1 10 12 1 9 7 12 1 1 10 12 1 10 12 1 1 9 7 12 1 1 1 10 12 1 1 8 1 9 12 1 1 10 12 1 1 9 12 1 9 10 12 1 1 9 10 5 0 10 12 1 10 12 1 10 12 1 9 12 1 10 12 1 9 7 1 10 1 1 1 1 1 1 1 1 1 1 1 1 1 1 1 1 1 1 1 1 1 1 100 1 1 1 1 1 1 1 1 1 1 1 1 1 1 1 1 1 1 1 1 1 1 1 1 1 1 1 1 100 1 1 1 1 1 1 1 1 1 1 1 1 1 1 1 1 1 1 1 1 1 1 1 1 1 1 1 1 1 1 1 1 1 1 1 1 1 1 1 1 1 1 1 1 1 1 1 1 1 1 1 1 1 1 1 1 1 1 1 1 1 1 1 1 1 1 1 1 1 1 1 1 1 1 1 1 1 1 1 1 1 1 1 1 1 1 1 1 1 1 1 1 1 1 1 1 1 1 1 1 1 1 1 1 1 1 1 1 1 1 1 1 1 1 1 1 1 1 1 1 1 1 1 1 1 1 1 1 1 1 1 1 1 1 1 1 1 1 1 1 1 1 1 1 1 1 1 1 1 1 1 1 1 1 1 1 1 1 1 1 1 1 1 1 1 1 1 1 1 1 1 1 1 1 1 1 1 1 1 1 1 1 1 1 1 1 100 1 1 1 1 1 1 1 1 1 1 100 1 1 1 1 100 1 1 1 1 1 1 1 100 1 1 1 1 1 1 1 1 1 1 1 1 1 1 1 1 1 1 1 1 1 1 1 1 1 1 1 1 1 1 1 1 1 1 1 1 1 1 1 1 100 1 1 100 1 1 100 1 100 1 1 100 1 1
staticfield com/sun/tools/javac/comp/TransTypes transTypesKey Lcom/sun/tools/javac/util/Context$Key; com/sun/tools/javac/util/Context$Key
ciInstanceKlass com/sun/tools/javac/tree/TreeInfo 1 1 1384 100 1 10 100 12 1 1 1 9 7 12 1 1 1 10 7 12 1 1 1 10 7 12 1 1 1 7 1 9 12 1 1 7 1 9 9 12 1 1 10 12 1 1 7 1 9 12 1 1 9 7 12 1 1 1 9 7 12 1 1 1 9 7 12 1 1 10 7 12 1 1 1 9 12 1 1 9 100 12 1 1 1 5 0 10 12 1 5 0 9 12 1 7 1 9 12 1 1 10 7 12 1 1 1 9 12 1 1 9 12 1 10 12 1 1 11 7 12 1 1 11 12 1 1 9 12 1 7 1 9 12 1 9 12 1 10 7 1 9 12 1 10 12 1 9 12 1 9 12 1 9 12 1 9 7 12 1 1 1 9 12 1 9 12 1 9 12 1 100 1 9 12 1 9 12 1 7 1 9 12 1 10 7 12 1 1 1 5 0 9 12 1 10 12 1 10 12 1 1 10 12 1 7 1 9 10 12 1 9 7 12 1 1 10 12 1 1 18 12 1 1 11 7 12 1 1 1 18 12 1 1 11 12 1 1 18 10 12 1 1 11 12 1 1 10 12 1 1 18 10 12 1 1 9 12 1 1 9 7 12 1 1 10 12 1 10 12 1 7 1 10 100 1 10 12 1 1 9 12 1 10 12 1 100 1 9 12 1 9 12 1 1 9 7 12 1 5 0 9 12 1 1 9 7 1 9 12 1 100 1 100 1 10 8 1 10 12 1 1 10 12 1 10 12 1 1 10 12 1 9 12 1 1 9 9 10 9 12 1 9 12 1 10 12 1 10 12 1 1 10 12 1 1 9 12 1 1 9 7 12 1 1 9 12 1 9 12 1 7 1 9 12 1 1 9 7 12 1 1 9 100 12 1 1 1 10 100 12 1 1 1 10 100 1 11 12 1 1 9 100 12 1 1 1 9 12 1 7 1 9 12 1 1 11 100 12 1 1 1 11 12 1 1 9 12 1 1 9 9 12 1 100 1 9 12 1 100 1 9 10 12 1 1 9 12 1 7 1 9 12 1 9 12 1 10 12 1 9 9 9 12 1 100 1 9 9 12 1 100 1 9 100 1 9 9 12 1 9 100 1 9 100 1 9 9 10 12 1 7 1 9 7 12 1 1 1 10 12 1 1 9 9 7 1 9 12 1 100 1 9 12 1 9 9 12 1 9 12 1 9 9 100 1 9 12 1 100 1 9 9 9 12 1 9 12 1 9 12 1 9 9 100 1 9 12 1 100 1 9 12 1 1 100 1 9 12 1 11 7 12 1 1 9 12 1 10 12 1 100 1 9 9 12 1 100 1 9 12 1 100 1 9 100 1 9 12 1 9 12 1 100 1 9 9 100 1 9 12 1 1 100 1 9 9 12 1 100 1 9 100 1 9 12 9 100 1 10 12 1 10 7 12 1 1 1 10 7 12 1 1 10 10 12 1 1 10 12 1 1 100 1 10 12 1 10 12 1 1 9 12 1 10 12 1 18 12 1 18 11 12 1 1 10 100 12 1 1 100 1 7 1 10 9 10 12 1 1 10 12 1 1 100 1 8 1 10 12 1 100 1 10 12 1 10 12 1 100 1 9 12 1 10 12 1 9 12 1 9 12 1 7 1 9 10 12 1 7 1 10 9 12 1 10 12 1 10 12 1 9 10 12 1 10 12 1 10 12 1 10 12 1 1 10 12 1 1 10 12 1 1 10 12 1 9 12 1 1 9 12 1 9 9 12 1 9 12 1 9 9 9 12 1 9 100 12 1 1 1 9 5 0 10 12 1 10 100 12 1 1 9 12 1 9 12 1 9 12 1 9 12 1 9 12 1 9 12 1 9 12 1 9 12 1 9 12 1 9 12 1 9 12 1 9 12 1 9 12 1 9 12 1 9 12 1 9 12 1 9 12 1 9 12 1 9 12 1 9 12 1 9 12 1 9 12 1 9 12 1 9 12 1 9 12 1 9 12 1 9 12 1 9 12 1 9 12 1 9 12 1 9 12 1 9 12 1 9 12 1 9 12 1 9 12 1 9 12 1 9 12 1 9 12 1 9 12 1 9 12 1 9 12 1 9 12 1 8 1 7 1 10 10 9 12 1 1 9 12 1 1 8 1 9 7 12 1 1 1 11 7 12 1 1 1 9 12 1 8 1 9 9 100 1 9 12 1 18 11 12 1 18 11 12 1 1 10 100 1 100 1 9 10 12 1 10 12 1 1 10 12 1 9 12 1 10 12 1 10 12 1 100 1 10 12 1 10 12 1 10 12 1 1 9 12 1 10 100 1 9 12 1 10 12 1 9 10 12 1 1 1 1 3 1 3 1 3 1 3 1 3 1 3 1 3 1 3 1 3 1 3 1 3 1 3 1 3 1 3 1 3 1 3 1 3 1 3 1 1 1 1 1 1 1 1 1 1 1 1 1 1 1 1 1 1 1 1 1 1 1 1 1 1 1 1 1 1 1 1 1 1 1 1 1 1 1 1 1 1 1 1 1 1 1 1 1 1 1 1 1 1 1 1 1 1 1 1 1 1 1 1 1 1 1 1 1 1 1 1 1 1 1 1 100 1 1 1 1 1 1 1 1 1 1 1 1 1 1 1 1 1 1 1 1 1 1 1 1 1 1 1 1 1 1 1 1 1 1 1 1 1 1 1 1 1 1 1 1 1 1 1 1 1 1 1 1 1 1 1 1 1 1 1 1 1 1 1 1 1 1 1 1 1 1 1 1 1 1 1 1 1 1 1 1 1 1 1 1 1 1 1 1 1 1 1 1 1 1 1 1 1 1 1 1 1 1 1 1 1 1 1 1 1 1 1 1 1 1 1 15 10 7 12 1 1 1 16 1 15 10 12 16 16 15 10 12 16 15 10 12 16 15 10 12 16 15 10 12 16 15 10 12 16 15 10 12 16 15 10 12 16 1 1 1 1 1 1 1 1 1 1 1 1 1 1 1 1 1 1 1 1 100 1 1 100 1 1 1 100 1 1 1 1 100 1 1 1 1 1 1 1 1 1 1 1 1 1 1 1 1 1 1 1 1 1 1 1 1 1 1 1 1 1 100 1 1 1 100 1 1 1 1 1 1 100 1 1 100 1 1 100 1 1 100 1 1 1 1 1 1 100 1 100 1 1
ciInstanceKlass com/sun/tools/javac/tree/TreeInfo$2 1 1 290 10 7 12 1 1 1 9 7 12 1 1 1 9 12 1 1 10 12 1 1 100 1 9 12 1 9 12 1 9 12 1 9 12 1 9 12 1 9 12 1 9 12 1 9 12 1 9 12 1 9 12 1 9 12 1 9 12 1 9 12 1 9 12 1 9 12 1 9 12 1 9 12 1 9 12 1 9 12 1 9 12 1 9 12 1 9 12 1 9 12 1 9 12 1 9 12 1 9 12 1 9 12 1 9 12 1 9 12 1 9 12 1 9 12 1 9 12 1 9 12 1 9 12 1 9 12 1 9 12 1 9 12 1 9 12 1 9 12 1 9 12 1 9 12 1 9 12 1 9 12 1 9 12 1 9 12 1 9 12 1 9 12 1 9 12 1 9 12 1 9 12 1 9 12 1 9 12 1 9 12 1 9 12 1 9 12 1 9 12 1 9 12 1 9 12 1 9 12 1 9 12 1 9 12 1 9 12 1 9 12 1 9 12 1 9 12 1 9 12 1 9 12 1 9 12 1 9 12 1 9 12 1 9 12 1 9 12 1 9 12 1 9 12 1 9 12 1 9 12 1 9 12 1 9 12 1 9 12 1 9 12 1 9 12 1 9 12 1 9 12 1 100 1 1 1 1 1 1 1 1 1 1 100 1 1 1 100 1 1
staticfield com/sun/tools/javac/tree/TreeInfo$2 $SwitchMap$com$sun$tools$javac$tree$JCTree$Tag [I 105
ciInstanceKlass com/sun/tools/javac/code/BoundKind 1 1 67 7 1 9 12 1 1 9 12 1 9 12 1 9 12 1 1 10 7 12 1 1 10 7 12 1 1 1 10 12 1 1 9 12 1 1 8 8 1 10 12 1 8 8 1 8 8 1 10 12 1 1 1 1 1 1 1 1 1 1 1 1 1 1 1 1 1
staticfield com/sun/tools/javac/code/BoundKind EXTENDS Lcom/sun/tools/javac/code/BoundKind; com/sun/tools/javac/code/BoundKind
staticfield com/sun/tools/javac/code/BoundKind SUPER Lcom/sun/tools/javac/code/BoundKind; com/sun/tools/javac/code/BoundKind
staticfield com/sun/tools/javac/code/BoundKind UNBOUND Lcom/sun/tools/javac/code/BoundKind; com/sun/tools/javac/code/BoundKind
staticfield com/sun/tools/javac/code/BoundKind $VALUES [Lcom/sun/tools/javac/code/BoundKind; 3 [Lcom/sun/tools/javac/code/BoundKind;
ciInstanceKlass com/sun/tools/javac/comp/AttrContext 1 1 146 10 7 12 1 1 1 9 7 12 1 1 1 9 12 1 1 9 12 1 1 9 12 1 9 12 1 9 12 1 9 12 1 9 7 12 1 1 1 9 12 1 9 12 1 9 12 1 9 12 1 9 12 1 1 9 12 1 1 9 12 1 1 9 12 1 9 12 1 1 10 9 12 1 1 9 12 1 1 10 12 1 1 10 100 12 1 1 1 10 100 12 1 1 1 10 7 12 1 1 1 100 1 10 8 1 10 12 1 1 10 12 1 1 8 1 10 1 1 1 1 1 1 1 1 1 1 1 1 1 1 1 100 1 1 100 1 1 100 1 1 100 1 100 1 1
ciInstanceKlass com/sun/tools/javac/code/TypeTag$1 1 1 66 10 7 12 1 1 1 9 7 12 1 1 1 9 12 1 1 10 12 1 1 100 1 9 12 1 9 12 1 9 12 1 9 12 1 9 12 1 9 12 1 9 12 1 9 12 1 9 12 1 9 12 1 100 1 1 1 1 1 1 1 1 1 1 1 1
staticfield com/sun/tools/javac/code/TypeTag$1 $SwitchMap$com$sun$tools$javac$code$TypeTag [I 25
ciInstanceKlass com/sun/tools/javac/tree/TreeMaker$2 1 1 93 10 7 12 1 1 1 9 7 12 1 1 1 9 12 1 1 10 12 1 1 100 1 9 12 1 9 12 1 9 12 1 9 12 1 9 12 1 9 12 1 9 12 1 9 12 1 9 12 1 9 12 1 9 12 1 9 12 1 9 12 1 10 7 12 1 1 9 12 1 9 12 1 1 10 9 12 1 100 1 1 1 1 1 1 1 1 1 1 100 1 1 1
staticfield com/sun/tools/javac/tree/TreeMaker$2 $SwitchMap$javax$lang$model$type$TypeKind [I 22
staticfield com/sun/tools/javac/tree/TreeMaker$2 $SwitchMap$com$sun$tools$javac$code$TypeTag [I 25
ciInstanceKlass com/sun/tools/javac/code/Types$25 1 1 159 10 7 12 1 1 1 9 7 12 1 1 1 9 12 1 1 10 12 1 1 100 1 9 12 1 9 12 1 9 12 1 9 12 1 9 12 1 9 12 1 9 12 1 10 7 12 1 1 9 12 1 9 12 1 1 10 9 12 1 9 12 1 9 12 1 9 12 1 9 12 1 9 12 1 9 12 1 9 12 1 9 12 1 9 12 9 12 1 9 12 1 9 12 1 9 12 9 12 9 12 1 9 12 1 9 12 1 10 7 12 1 1 9 12 1 9 12 1 1 10 9 12 1 9 12 1 10 7 12 1 1 9 12 1 9 12 1 1 10 9 12 1 100 1 1 1 1 1 1 1 1 1 1 100 1 1 1 1
staticfield com/sun/tools/javac/code/Types$25 $SwitchMap$com$sun$tools$javac$code$Types$ProjectionKind [I 2
staticfield com/sun/tools/javac/code/Types$25 $SwitchMap$com$sun$tools$javac$code$BoundKind [I 3
staticfield com/sun/tools/javac/code/Types$25 $SwitchMap$com$sun$tools$javac$code$TypeTag [I 25
staticfield com/sun/tools/javac/code/Types$25 $SwitchMap$javax$lang$model$type$TypeKind [I 22
instanceKlass com/sun/tools/javac/code/Type$UndetVar$InferenceBound$3
instanceKlass com/sun/tools/javac/code/Type$UndetVar$InferenceBound$2
instanceKlass com/sun/tools/javac/code/Type$UndetVar$InferenceBound$1
ciInstanceKlass com/sun/tools/javac/code/Type$UndetVar$InferenceBound 1 1 95 7 1 9 12 1 1 9 12 1 9 12 1 9 12 1 1 10 7 12 1 1 10 7 12 1 1 1 10 12 1 1 9 7 12 1 1 1 10 12 1 1 8 1 10 100 12 1 1 1 7 1 8 10 7 1 8 10 7 1 8 10 10 12 1 1 1 1 1 1 1 1 1 1 1 1 1 1 1 1 1 1 1 1 1 1 1 7 1 1 1 100 1 1 1
staticfield com/sun/tools/javac/code/Type$UndetVar$InferenceBound LOWER Lcom/sun/tools/javac/code/Type$UndetVar$InferenceBound; com/sun/tools/javac/code/Type$UndetVar$InferenceBound$1
staticfield com/sun/tools/javac/code/Type$UndetVar$InferenceBound EQ Lcom/sun/tools/javac/code/Type$UndetVar$InferenceBound; com/sun/tools/javac/code/Type$UndetVar$InferenceBound$2
staticfield com/sun/tools/javac/code/Type$UndetVar$InferenceBound UPPER Lcom/sun/tools/javac/code/Type$UndetVar$InferenceBound; com/sun/tools/javac/code/Type$UndetVar$InferenceBound$3
staticfield com/sun/tools/javac/code/Type$UndetVar$InferenceBound $VALUES [Lcom/sun/tools/javac/code/Type$UndetVar$InferenceBound; 3 [Lcom/sun/tools/javac/code/Type$UndetVar$InferenceBound;
ciInstanceKlass com/sun/tools/javac/code/Type$UndetVar$InferenceBound$1 1 1 31 10 7 12 1 1 1 9 7 12 1 1 1 1 1 1 1 1 1 1 1 1 1 1 7 1 1 100 1 1 1
ciInstanceKlass com/sun/tools/javac/code/Type$5 1 1 82 10 7 12 1 1 1 9 7 12 1 1 1 9 12 1 1 10 12 1 1 100 1 9 12 1 9 12 1 10 7 12 1 1 9 12 1 9 12 1 1 10 9 12 1 9 12 1 9 12 1 9 12 1 9 12 1 9 12 1 9 12 1 100 1 1 1 1 1 1 1 1 1 1 100 1 1 1 100 1 1 1
staticfield com/sun/tools/javac/code/Type$5 $SwitchMap$com$sun$tools$javac$code$TypeTag [I 25
staticfield com/sun/tools/javac/code/Type$5 $SwitchMap$com$sun$tools$javac$code$Type$UndetVar$InferenceBound [I 3
ciInstanceKlass com/sun/tools/javac/code/Types$TypeProjection$1 1 1 55 9 7 12 1 1 1 10 7 12 1 1 1 1 1 1 1 1 1 1 1 1 1 1 1 1 1 1 1 1 1 1 1 1 100 1 12 1 1 1 100 1 1 1 100 1 1 100 1 100 1 1 100 1 1
ciInstanceKlass com/sun/tools/javac/code/Types$TypeProjection$TypeArgumentProjection$1 1 1 51 9 7 12 1 1 1 10 7 12 1 1 1 1 1 1 1 1 1 1 1 1 1 1 1 1 1 1 1 1 100 1 12 1 1 1 100 1 1 100 1 1 1 100 1 1 100 1 100 1 1
ciMethodData java/lang/Object <init> ()V 2 8345846 orig 80 1 0 0 0 0 0 0 0 0 0 0 0 0 0 0 0 0 0 0 0 0 0 0 0 0 0 0 0 0 0 0 0 0 0 0 0 0 0 0 0 0 0 0 0 0 0 0 0 0 0 0 0 0 0 0 0 0 0 0 0 0 0 0 0 0 0 0 0 0 0 0 0 0 0 0 0 0 0 0 0 data 4 0x0 0x9 0x1 0x0 oops 0 methods 0
ciMethod java/lang/AssertionError <init> ()V 0 0 1 0 -1
ciMethodData java/lang/Boolean valueOf (Z)Ljava/lang/Boolean; 2 312275 orig 80 0 0 0 0 0 0 0 0 0 0 0 0 0 0 0 0 0 0 0 0 0 0 0 0 0 0 0 0 0 0 0 0 0 0 0 0 0 0 0 0 0 0 0 0 0 0 0 0 0 0 0 0 0 0 0 0 0 0 0 0 0 0 0 0 0 0 0 0 0 0 0 0 0 0 0 0 0 0 0 0 data 13 0x10007 0x2dc9d 0x38 0x1e632 0x70003 0x1e632 0x18 0x0 0x0 0x0 0x9 0x1 0x0 oops 0 methods 0
ciMethod com/sun/tools/javac/util/Assert check (Z)V 4110 0 358595 0 96
ciMethod com/sun/tools/javac/util/Assert checkNonNull (Ljava/lang/Object;)Ljava/lang/Object; 984 0 576194 0 -1
ciMethod com/sun/tools/javac/util/Assert error ()V 0 0 1 0 -1
ciMethod com/sun/tools/javac/util/Assert error (Ljava/lang/String;)V 0 0 1 0 -1
ciMethod com/sun/tools/javac/util/List isEmpty ()Z 512 0 41265 0 96
ciMethod com/sun/tools/javac/util/List nonEmpty ()Z 416 0 1472455 0 96
ciMethod com/sun/tools/javac/util/List length ()I 12 37642 297794 0 128
ciMethod com/sun/tools/javac/util/List prepend (Ljava/lang/Object;)Lcom/sun/tools/javac/util/List; 4114 0 304881 0 -1
ciMethod com/sun/tools/javac/util/List iterator ()Ljava/util/Iterator; 1024 0 1118361 0 -1
ciMethod com/sun/tools/javac/util/List$1 isEmpty ()Z 636 0 318 0 0
ciMethod com/sun/tools/javac/tree/JCTree <init> ()V 1024 0 509262 0 0
ciMethod com/sun/tools/javac/tree/JCTree getTag ()Lcom/sun/tools/javac/tree/JCTree$Tag; 0 0 1 0 -1
ciMethod com/sun/tools/javac/tree/JCTree hasTag (Lcom/sun/tools/javac/tree/JCTree$Tag;)Z 1024 0 575557 0 128
ciMethod com/sun/tools/javac/tree/JCTree setType (Lcom/sun/tools/javac/code/Type;)Lcom/sun/tools/javac/tree/JCTree; 514 0 48462 0 256
ciMethod com/sun/tools/javac/tree/JCTree accept (Lcom/sun/tools/javac/tree/JCTree$Visitor;)V 0 0 1 0 -1
ciMethod com/sun/tools/javac/tree/JCTree pos ()Lcom/sun/tools/javac/util/JCDiagnostic$DiagnosticPosition; 0 0 633612 0 -1
ciMethod com/sun/tools/javac/tree/JCTree$JCExpression <init> ()V 1024 0 419187 0 64
ciMethod com/sun/tools/javac/tree/JCTree$JCExpression setType (Lcom/sun/tools/javac/code/Type;)Lcom/sun/tools/javac/tree/JCTree$JCExpression; 514 0 44669 0 256
ciMethod com/sun/tools/javac/tree/JCTree$JCCaseLabel <init> ()V 1024 0 419218 0 0
ciMethod com/sun/tools/javac/code/Type getMetadata ()Lcom/sun/tools/javac/code/TypeMetadata; 284 0 142 0 -1
ciMethod com/sun/tools/javac/code/Type hasTag (Lcom/sun/tools/javac/code/TypeTag;)Z 132 0 1887755 0 128
ciMethod com/sun/tools/javac/code/Type getTag ()Lcom/sun/tools/javac/code/TypeTag; 0 0 1 0 -1
ciMethod com/sun/tools/javac/code/Type isPrimitive ()Z 264 0 132 0 0
ciMethod com/sun/tools/javac/code/Type isPartial ()Z 262 0 131 0 -1
ciMethod com/sun/tools/javac/code/Type constValue ()Ljava/lang/Object; 878 0 439 0 0
ciMethod com/sun/tools/javac/code/Type accept (Lcom/sun/tools/javac/code/Type$Visitor;Ljava/lang/Object;)Ljava/lang/Object; 786 0 8292 0 -1
ciMethod com/sun/tools/javac/code/Type baseType ()Lcom/sun/tools/javac/code/Type; 0 0 1036 0 64
ciMethod com/sun/tools/javac/code/Type typeNoMetadata ()Lcom/sun/tools/javac/code/Type; 524 0 332540 0 0
ciMethod com/sun/tools/javac/code/Type equals (Ljava/lang/Object;)Z 532 0 43240 0 -1
ciMethod com/sun/tools/javac/code/Type equalsIgnoreMetadata (Lcom/sun/tools/javac/code/Type;)Z 4404 0 168205 0 192
ciMethod com/sun/tools/javac/code/Type getTypeArguments ()Lcom/sun/tools/javac/util/List; 4664 0 13890 0 -1
ciMethod com/sun/tools/javac/code/Type getEnclosingType ()Lcom/sun/tools/javac/code/Type; 0 0 1 0 -1
ciMethod com/sun/tools/javac/code/Type getParameterTypes ()Lcom/sun/tools/javac/util/List; 0 0 1 0 -1
ciMethod com/sun/tools/javac/code/Type getReturnType ()Lcom/sun/tools/javac/code/Type; 0 0 1 0 -1
ciMethod com/sun/tools/javac/code/Type getUpperBound ()Lcom/sun/tools/javac/code/Type; 0 0 1 0 -1
ciMethod com/sun/tools/javac/code/Type getLowerBound ()Lcom/sun/tools/javac/code/Type; 0 0 1 0 -1
ciMethod com/sun/tools/javac/code/Type isCompound ()Z 276 0 138 0 -1
ciMethod com/sun/tools/javac/code/Type asElement ()Lcom/sun/tools/javac/code/Symbol$TypeSymbol; 302 0 151 0 -1
ciMethod com/sun/tools/javac/code/Type getKind ()Ljavax/lang/model/type/TypeKind; 0 0 1 0 -1
ciMethod com/sun/tools/javac/code/Type$DelegatedType getParameterTypes ()Lcom/sun/tools/javac/util/List; 1018 0 28406 0 128
ciMethod com/sun/tools/javac/code/Type$TypeVar getUpperBound ()Lcom/sun/tools/javac/code/Type; 256 0 128 0 -1
ciMethod com/sun/tools/javac/code/Type$TypeVar setUpperBound (Lcom/sun/tools/javac/code/Type;)V 308 0 154 0 -1
ciMethod com/sun/tools/javac/code/Type$TypeVar isCaptured ()Z 0 0 406 0 0
ciMethod com/sun/tools/javac/code/Type$ArrayType getTag ()Lcom/sun/tools/javac/code/TypeTag; 1024 0 2071 0 64
ciMethod com/sun/tools/javac/code/Type$WildcardType isExtendsBound ()Z 14 0 28518 0 0
ciMethod com/sun/tools/javac/code/Type$WildcardType getExtendsBound ()Lcom/sun/tools/javac/code/Type; 3182 0 2127 0 -1
ciMethod com/sun/tools/javac/code/Type$WildcardType getSuperBound ()Lcom/sun/tools/javac/code/Type; 0 0 151 0 -1
ciMethod com/sun/tools/javac/code/Type$UndetVar addBound (Lcom/sun/tools/javac/code/Type$UndetVar$InferenceBound;Lcom/sun/tools/javac/code/Type;Lcom/sun/tools/javac/code/Types;)V 512 0 14991 0 0
ciMethod com/sun/tools/javac/code/Type$UndetVar addBound (Lcom/sun/tools/javac/code/Type$UndetVar$InferenceBound;Lcom/sun/tools/javac/code/Type;Lcom/sun/tools/javac/code/Types;Z)V 770 0 31576 0 -1
ciMethod com/sun/tools/javac/code/Type$ClassType <init> (Lcom/sun/tools/javac/code/Type;Lcom/sun/tools/javac/util/List;Lcom/sun/tools/javac/code/Symbol$TypeSymbol;Lcom/sun/tools/javac/code/TypeMetadata;)V 514 0 9699 0 -1
ciMethod com/sun/tools/javac/code/Type$ClassType getTag ()Lcom/sun/tools/javac/code/TypeTag; 514 0 1523 0 64
ciMethod com/sun/tools/javac/code/Type$ClassType getTypeArguments ()Lcom/sun/tools/javac/util/List; 1024 0 15709 0 -1
ciMethod com/sun/tools/javac/code/Type$ClassType getEnclosingType ()Lcom/sun/tools/javac/code/Type; 266 0 133 0 -1
ciMethod com/sun/tools/javac/code/Type$ClassType isParameterized ()Z 4120 0 124524 0 -1
ciMethod com/sun/tools/javac/code/Type$ClassType isRaw ()Z 4262 0 7317 0 -1
ciMethod com/sun/tools/javac/code/Symbol flags ()J 1098 0 549 0 -1
ciMethod com/sun/tools/javac/code/Symbol baseSymbol ()Lcom/sun/tools/javac/code/Symbol; 22744 0 12310 0 0
ciMethod com/sun/tools/javac/code/Symbol erasure (Lcom/sun/tools/javac/code/Types;)Lcom/sun/tools/javac/code/Type; 4764 0 36398 0 640
ciMethod com/sun/tools/javac/code/Symbol outermostClass ()Lcom/sun/tools/javac/code/Symbol$ClassSymbol; 506 1296 547 0 -1
ciMethod com/sun/tools/javac/code/Symbol packge ()Lcom/sun/tools/javac/code/Symbol$PackageSymbol; 512 528 97871 0 -1
ciMethod com/sun/tools/javac/code/Symbol complete ()V 1024 0 143428 0 -1
ciMethod com/sun/tools/javac/code/Symbol asType ()Lcom/sun/tools/javac/code/Type; 264 0 132 0 -1
ciMethod com/sun/tools/javac/util/ListBuffer <init> ()V 824 0 695885 0 -1
ciMethod com/sun/tools/javac/util/ListBuffer toList ()Lcom/sun/tools/javac/util/List; 762 0 578069 0 -1
ciMethod com/sun/tools/javac/util/ListBuffer add (Ljava/lang/Object;)Z 4102 0 150403 0 -1
ciMethodData com/sun/tools/javac/util/List isEmpty ()Z 2 41265 orig 80 0 0 0 0 0 0 0 0 0 0 0 0 0 0 0 0 0 0 0 0 0 0 0 0 0 0 0 0 0 0 0 0 0 0 0 0 0 0 0 0 0 0 0 0 0 0 0 0 0 0 0 0 0 0 0 0 0 0 0 0 0 0 0 0 0 0 0 0 0 0 0 0 0 0 0 0 0 0 0 0 data 16 0x40007 0xa031 0x38 0x0 0x80003 0x0 0x18 0x0 0x0 0x0 0x0 0x0 0x0 0x9 0x1 0x0 oops 0 methods 0
ciMethod com/sun/tools/javac/tree/JCTree$JCTypeCast <init> (Lcom/sun/tools/javac/tree/JCTree;Lcom/sun/tools/javac/tree/JCTree$JCExpression;)V 518 0 259 0 0
ciMethod com/sun/tools/javac/tree/JCTree$JCParens getTag ()Lcom/sun/tools/javac/tree/JCTree$Tag; 688 0 343 0 0
ciMethod com/sun/tools/javac/util/Name$Table fromUtf ([BII)Lcom/sun/tools/javac/util/Name; 0 0 1 0 -1
ciMethod com/sun/tools/javac/util/Name lastIndexOf (B)I 4096 26150 3974 0 -1
ciMethod com/sun/tools/javac/util/Name subName (II)Lcom/sun/tools/javac/util/Name; 4160 0 7297 0 -1
ciMethod com/sun/tools/javac/util/Name getByteLength ()I 0 0 1 0 -1
ciMethod com/sun/tools/javac/util/Name getByteArray ()[B 0 0 1 0 -1
ciMethod com/sun/tools/javac/util/Name getByteOffset ()I 0 0 1 0 -1
ciMethod com/sun/tools/javac/util/SharedNameTable$NameImpl getByteLength ()I 1490 0 745 0 -1
ciMethod com/sun/tools/javac/util/SharedNameTable$NameImpl getByteArray ()[B 1024 0 171006 0 -1
ciMethod com/sun/tools/javac/util/SharedNameTable$NameImpl getByteOffset ()I 1018 0 509 0 -1
ciMethod com/sun/tools/javac/util/Convert shortName (Lcom/sun/tools/javac/util/Name;)Lcom/sun/tools/javac/util/Name; 642 0 13692 0 -1
ciMethod com/sun/tools/javac/util/Convert packagePart (Lcom/sun/tools/javac/util/Name;)Lcom/sun/tools/javac/util/Name; 642 0 38085 0 -1
ciMethod com/sun/tools/javac/code/Type$MethodType getParameterTypes ()Lcom/sun/tools/javac/util/List; 1254 0 627 0 0
ciMethod com/sun/tools/javac/code/Type$MethodType getReturnType ()Lcom/sun/tools/javac/code/Type; 276 0 138 0 0
ciMethod com/sun/tools/javac/code/Type$JCPrimitiveType getTag ()Lcom/sun/tools/javac/code/TypeTag; 1082 0 541 0 0
ciMethod com/sun/tools/javac/comp/Attr checkIdInternal (Lcom/sun/tools/javac/tree/JCTree;Lcom/sun/tools/javac/code/Type;Lcom/sun/tools/javac/code/Symbol;Lcom/sun/tools/javac/code/Type;Lcom/sun/tools/javac/comp/Env;Lcom/sun/tools/javac/comp/Attr$ResultInfo;)Lcom/sun/tools/javac/code/Type; 9626 0 71073 0 -1
ciMethod com/sun/tools/javac/tree/TreeTranslator translate (Lcom/sun/tools/javac/tree/JCTree;)Lcom/sun/tools/javac/tree/JCTree; 4350 0 113651 0 192
ciMethod com/sun/tools/javac/code/Types$DefaultTypeVisitor visit (Lcom/sun/tools/javac/code/Type;Ljava/lang/Object;)Ljava/lang/Object; 7140 0 612012 0 160
ciMethod com/sun/tools/javac/code/Type$IntersectionClassType getExplicitComponents ()Lcom/sun/tools/javac/util/List; 0 0 1 0 -1
ciMethod com/sun/tools/javac/comp/Resolve$AccessError <init> (Lcom/sun/tools/javac/comp/Resolve;Lcom/sun/tools/javac/comp/Env;Lcom/sun/tools/javac/code/Type;Lcom/sun/tools/javac/code/Symbol;)V 2 0 1 0 -1
ciMethod com/sun/tools/javac/code/Type$UnionClassType getAlternativeTypes ()Ljava/lang/Iterable; 0 0 1 0 -1
ciMethod com/sun/tools/javac/code/TypeTag isSubRangeOf (Lcom/sun/tools/javac/code/TypeTag;)Z 1644 0 42004 0 0
ciMethod com/sun/tools/javac/code/TypeTag checkRange (I)Z 94 0 668 0 0
ciMethod com/sun/tools/javac/code/Symtab defineClass (Lcom/sun/tools/javac/util/Name;Lcom/sun/tools/javac/code/Symbol;)Lcom/sun/tools/javac/code/Symbol$ClassSymbol; 514 0 14362 0 -1
ciMethod com/sun/tools/javac/code/Symtab getClass (Lcom/sun/tools/javac/code/Symbol$ModuleSymbol;Lcom/sun/tools/javac/util/Name;)Lcom/sun/tools/javac/code/Symbol$ClassSymbol; 548 0 8587 0 -1
ciMethod com/sun/tools/javac/code/Symtab lookupPackage (Lcom/sun/tools/javac/code/Symbol$ModuleSymbol;Lcom/sun/tools/javac/util/Name;)Lcom/sun/tools/javac/code/Symbol$PackageSymbol; 522 0 77456 0 -1
ciMethod com/sun/tools/javac/code/Symtab doEnterClass (Lcom/sun/tools/javac/code/Symbol$ModuleSymbol;Lcom/sun/tools/javac/code/Symbol$ClassSymbol;)V 518 0 15083 0 -1
ciMethod com/sun/tools/javac/code/Symtab enterClass (Lcom/sun/tools/javac/code/Symbol$ModuleSymbol;Lcom/sun/tools/javac/util/Name;)Lcom/sun/tools/javac/code/Symbol$ClassSymbol; 130 0 24996 0 10976
ciMethod com/sun/tools/javac/code/Type$JCPrimitiveType$2 constValue ()Ljava/lang/Object; 256 0 128 0 0
ciMethod com/sun/tools/javac/comp/Check checkType (Lcom/sun/tools/javac/util/JCDiagnostic$DiagnosticPosition;Lcom/sun/tools/javac/code/Type;Lcom/sun/tools/javac/code/Type;Lcom/sun/tools/javac/comp/Check$CheckContext;)Lcom/sun/tools/javac/code/Type; 1024 0 57075 3 -1
ciMethod com/sun/tools/javac/comp/Resolve isAccessible (Lcom/sun/tools/javac/comp/Env;Lcom/sun/tools/javac/code/Symbol$TypeSymbol;)Z 1220 0 2402 0 0
ciMethod com/sun/tools/javac/comp/Resolve isAccessible (Lcom/sun/tools/javac/comp/Env;Lcom/sun/tools/javac/code/Symbol$TypeSymbol;Z)Z 140 0 75152 0 -1
ciMethod com/sun/tools/javac/comp/Resolve isInnerSubClass (Lcom/sun/tools/javac/code/Symbol$ClassSymbol;Lcom/sun/tools/javac/code/Symbol;)Z 0 0 1 0 -1
ciMethod com/sun/tools/javac/comp/Resolve isAccessible (Lcom/sun/tools/javac/comp/Env;Lcom/sun/tools/javac/code/Type;Z)Z 4 0 6185 0 -1
ciMethod com/sun/tools/javac/comp/Resolve logAccessErrorInternal (Lcom/sun/tools/javac/comp/Env;Lcom/sun/tools/javac/tree/JCTree;Lcom/sun/tools/javac/code/Type;)V 0 0 1 0 0
ciMethod com/sun/tools/javac/comp/Resolve logResolveError (Lcom/sun/tools/javac/comp/Resolve$ResolveError;Lcom/sun/tools/javac/util/JCDiagnostic$DiagnosticPosition;Lcom/sun/tools/javac/code/Symbol;Lcom/sun/tools/javac/code/Type;Lcom/sun/tools/javac/util/Name;Lcom/sun/tools/javac/util/List;Lcom/sun/tools/javac/util/List;)V 0 0 1 0 -1
ciMethod com/sun/tools/javac/tree/TreeMaker at (I)Lcom/sun/tools/javac/tree/TreeMaker; 1024 0 471772 0 64
ciMethod com/sun/tools/javac/tree/TreeMaker TypeCast (Lcom/sun/tools/javac/tree/JCTree;Lcom/sun/tools/javac/tree/JCTree$JCExpression;)Lcom/sun/tools/javac/tree/JCTree$JCTypeCast; 2722 0 1605 0 0
ciMethod com/sun/tools/javac/tree/TreeMaker TypeIdent (Lcom/sun/tools/javac/code/TypeTag;)Lcom/sun/tools/javac/tree/JCTree$JCPrimitiveTypeTree; 758 0 4316 0 -1
ciMethod com/sun/tools/javac/tree/TreeMaker TypeArray (Lcom/sun/tools/javac/tree/JCTree$JCExpression;)Lcom/sun/tools/javac/tree/JCTree$JCArrayTypeTree; 48 0 299 0 -1
ciMethod com/sun/tools/javac/tree/TreeMaker TypeApply (Lcom/sun/tools/javac/tree/JCTree$JCExpression;Lcom/sun/tools/javac/util/List;)Lcom/sun/tools/javac/tree/JCTree$JCTypeApply; 1572 0 1171 0 -1
ciMethod com/sun/tools/javac/tree/TreeMaker TypeUnion (Lcom/sun/tools/javac/util/List;)Lcom/sun/tools/javac/tree/JCTree$JCTypeUnion; 0 0 1 0 -1
ciMethod com/sun/tools/javac/tree/TreeMaker TypeIntersection (Lcom/sun/tools/javac/util/List;)Lcom/sun/tools/javac/tree/JCTree$JCTypeIntersection; 0 0 1 0 -1
ciMethod com/sun/tools/javac/tree/TreeMaker Wildcard (Lcom/sun/tools/javac/tree/JCTree$TypeBoundKind;Lcom/sun/tools/javac/tree/JCTree;)Lcom/sun/tools/javac/tree/JCTree$JCWildcard; 30 0 93 0 -1
ciMethod com/sun/tools/javac/tree/TreeMaker TypeBoundKind (Lcom/sun/tools/javac/code/BoundKind;)Lcom/sun/tools/javac/tree/JCTree$TypeBoundKind; 30 0 22 0 -1
ciMethod com/sun/tools/javac/tree/TreeMaker Ident (Lcom/sun/tools/javac/code/Symbol;)Lcom/sun/tools/javac/tree/JCTree$JCIdent; 276 0 12469 0 -1
ciMethod com/sun/tools/javac/tree/TreeMaker Select (Lcom/sun/tools/javac/tree/JCTree$JCExpression;Lcom/sun/tools/javac/code/Symbol;)Lcom/sun/tools/javac/tree/JCTree$JCExpression; 294 0 25651 0 -1
ciMethod com/sun/tools/javac/tree/TreeMaker QualIdent (Lcom/sun/tools/javac/code/Symbol;)Lcom/sun/tools/javac/tree/JCTree$JCExpression; 570 0 25236 0 -1
ciMethod com/sun/tools/javac/tree/TreeMaker Type (Lcom/sun/tools/javac/code/Type;)Lcom/sun/tools/javac/tree/JCTree$JCExpression; 404 0 5063 0 0
ciMethod com/sun/tools/javac/tree/TreeMaker Types (Lcom/sun/tools/javac/util/List;)Lcom/sun/tools/javac/util/List; 512 0 3125 0 -1
ciMethod com/sun/tools/javac/code/Types cvarUpperBound (Lcom/sun/tools/javac/code/Type;)Lcom/sun/tools/javac/code/Type; 0 0 39384 0 -1
ciMethod com/sun/tools/javac/code/Types wildLowerBound (Lcom/sun/tools/javac/code/Type;)Lcom/sun/tools/javac/code/Type; 4310 0 20276 0 416
ciMethod com/sun/tools/javac/code/Types cvarLowerBound (Lcom/sun/tools/javac/code/Type;)Lcom/sun/tools/javac/code/Type; 692 0 21340 0 160
ciMethod com/sun/tools/javac/code/Types isConvertible (Lcom/sun/tools/javac/code/Type;Lcom/sun/tools/javac/code/Type;Lcom/sun/tools/javac/util/Warner;)Z 4720 0 44174 0 0
ciMethod com/sun/tools/javac/code/Types isSubtypeUnchecked (Lcom/sun/tools/javac/code/Type;Lcom/sun/tools/javac/code/Type;Lcom/sun/tools/javac/util/Warner;)Z 4676 0 59633 0 5184
ciMethod com/sun/tools/javac/code/Types isSubtypeUncheckedInternal (Lcom/sun/tools/javac/code/Type;Lcom/sun/tools/javac/code/Type;ZLcom/sun/tools/javac/util/Warner;)Z 4670 0 59576 0 -1
ciMethod com/sun/tools/javac/code/Types checkUnsafeVarargsConversion (Lcom/sun/tools/javac/code/Type;Lcom/sun/tools/javac/code/Type;Lcom/sun/tools/javac/util/Warner;)V 4666 0 26903 0 -1
ciMethod com/sun/tools/javac/code/Types isSubtype (Lcom/sun/tools/javac/code/Type;Lcom/sun/tools/javac/code/Type;)Z 3432 0 4893 0 0
ciMethod com/sun/tools/javac/code/Types isSubtype (Lcom/sun/tools/javac/code/Type;Lcom/sun/tools/javac/code/Type;Z)Z 4692 0 39209 0 1536
ciMethod com/sun/tools/javac/code/Types isSuperType (Lcom/sun/tools/javac/code/Type;Lcom/sun/tools/javac/code/Type;)Z 628 0 573 0 0
ciMethod com/sun/tools/javac/code/Types isSignaturePolymorphic (Lcom/sun/tools/javac/code/Symbol$MethodSymbol;)Z 4586 0 29710 0 0
ciMethod com/sun/tools/javac/code/Types isSameType (Lcom/sun/tools/javac/code/Type;Lcom/sun/tools/javac/code/Type;)Z 0 0 103364 0 256
ciMethod com/sun/tools/javac/code/Types elemtype (Lcom/sun/tools/javac/code/Type;)Lcom/sun/tools/javac/code/Type; 4142 0 19714 0 -1
ciMethod com/sun/tools/javac/code/Types asSuper (Lcom/sun/tools/javac/code/Type;Lcom/sun/tools/javac/code/Symbol;)Lcom/sun/tools/javac/code/Type; 10520 0 154317 0 -1
ciMethod com/sun/tools/javac/code/Types memberType (Lcom/sun/tools/javac/code/Type;Lcom/sun/tools/javac/code/Symbol;)Lcom/sun/tools/javac/code/Type; 5600 0 57364 0 -1
ciMethod com/sun/tools/javac/code/Types isAssignable (Lcom/sun/tools/javac/code/Type;Lcom/sun/tools/javac/code/Type;Lcom/sun/tools/javac/util/Warner;)Z 4436 0 31244 0 0
ciMethod com/sun/tools/javac/code/Types erasure (Lcom/sun/tools/javac/code/Type;)Lcom/sun/tools/javac/code/Type; 5090 0 83282 0 0
ciMethod com/sun/tools/javac/code/Types eraseNotNeeded (Lcom/sun/tools/javac/code/Type;)Z 47934 0 74148 0 160
ciMethod com/sun/tools/javac/code/Types erasure (Lcom/sun/tools/javac/code/Type;Z)Lcom/sun/tools/javac/code/Type; 10366 0 76935 0 288
ciMethod com/sun/tools/javac/code/Types supertype (Lcom/sun/tools/javac/code/Type;)Lcom/sun/tools/javac/code/Type; 1024 0 144127 0 -1
ciMethod com/sun/tools/javac/code/Types interfaces (Lcom/sun/tools/javac/code/Type;)Lcom/sun/tools/javac/util/List; 1024 0 130393 0 -1
ciMethod com/sun/tools/javac/code/Types subst (Lcom/sun/tools/javac/code/Type;Lcom/sun/tools/javac/util/List;Lcom/sun/tools/javac/util/List;)Lcom/sun/tools/javac/code/Type; 0 0 57050 0 -1
ciMethod com/sun/tools/javac/code/Types glb (Lcom/sun/tools/javac/code/Type;Lcom/sun/tools/javac/code/Type;)Lcom/sun/tools/javac/code/Type; 4100 0 2481 0 -1
ciMethod com/sun/tools/javac/code/Types boxedClass (Lcom/sun/tools/javac/code/Type;)Lcom/sun/tools/javac/code/Symbol$ClassSymbol; 702 0 1157 0 0
ciMethod com/sun/tools/javac/code/Types boxedTypeOrType (Lcom/sun/tools/javac/code/Type;)Lcom/sun/tools/javac/code/Type; 0 0 149 0 0
ciMethod com/sun/tools/javac/code/Types unboxedType (Lcom/sun/tools/javac/code/Type;)Lcom/sun/tools/javac/code/Type; 2558 42938 1348 0 0
ciMethod com/sun/tools/javac/code/Types capture (Lcom/sun/tools/javac/code/Type;)Lcom/sun/tools/javac/code/Type; 4854 84 97429 0 -1
ciMethod com/sun/tools/javac/code/Types freshTypeVariables (Lcom/sun/tools/javac/util/List;)Lcom/sun/tools/javac/util/List; 0 0 7136 0 -1
ciMethodData com/sun/tools/javac/util/Assert check (Z)V 2 358650 orig 80 0 0 0 0 0 0 0 0 0 0 0 0 0 0 0 0 0 0 0 0 0 0 0 0 0 0 0 0 0 0 0 0 0 0 0 0 0 0 0 0 0 0 0 0 0 0 0 0 0 0 0 0 0 0 0 0 0 0 0 0 0 0 0 0 0 0 0 0 0 0 0 0 0 0 0 0 0 0 0 0 data 15 0x10007 0x570f3 0x30 0x0 0x40002 0x0 0x0 0x0 0x0 0x0 0x0 0x0 0x9 0x1 0x0 oops 0 methods 0
ciMethodData com/sun/tools/javac/util/Assert checkNonNull (Ljava/lang/Object;)Ljava/lang/Object; 2 577123 orig 80 0 0 0 0 0 0 0 0 0 0 0 0 0 0 0 0 0 0 0 0 0 0 0 0 0 0 0 0 0 0 0 0 0 0 0 0 0 0 0 0 0 0 0 0 0 0 0 0 0 0 0 0 0 0 0 0 0 0 0 0 0 0 0 0 0 0 0 0 0 0 0 0 0 0 0 0 0 0 0 0 data 15 0x10007 0x8cc77 0x30 0x0 0x40002 0x0 0x0 0x0 0x0 0x0 0x0 0x0 0x9 0x1 0x0 oops 0 methods 0
ciMethodData com/sun/tools/javac/util/SharedNameTable$NameImpl getByteArray ()[B 2 171006 orig 80 0 0 0 0 0 0 0 0 0 0 0 0 0 0 0 0 0 0 0 0 0 0 0 0 0 0 0 0 0 0 0 0 0 0 0 0 0 0 0 0 0 0 0 0 0 0 0 0 0 0 0 0 0 0 0 0 0 0 0 0 0 0 0 0 0 0 0 0 0 0 0 0 0 0 0 0 0 0 0 0 data 16 0x40004 0x0 0x0 0x11a81339b80 0x299ff 0x0 0x0 0x0 0x0 0x0 0x0 0x0 0x0 0x9 0x1 0x0 oops 1 3 com/sun/tools/javac/util/SharedNameTable methods 0
ciMethod com/sun/tools/javac/comp/TransTypes cast (Lcom/sun/tools/javac/tree/JCTree$JCExpression;Lcom/sun/tools/javac/code/Type;)Lcom/sun/tools/javac/tree/JCTree$JCExpression; 1642 0 1060 0 0
ciMethod com/sun/tools/javac/comp/TransTypes coerce (Lcom/sun/tools/javac/tree/JCTree$JCExpression;Lcom/sun/tools/javac/code/Type;)Lcom/sun/tools/javac/tree/JCTree$JCExpression; 4238 0 13756 0 0
ciMethod com/sun/tools/javac/comp/TransTypes retype (Lcom/sun/tools/javac/tree/JCTree$JCExpression;Lcom/sun/tools/javac/code/Type;Lcom/sun/tools/javac/code/Type;)Lcom/sun/tools/javac/tree/JCTree$JCExpression; 4274 0 17062 0 0
ciMethod com/sun/tools/javac/comp/TransTypes translateArgs (Lcom/sun/tools/javac/util/List;Lcom/sun/tools/javac/util/List;Lcom/sun/tools/javac/code/Type;)Lcom/sun/tools/javac/util/List; 4532 2260 11776 0 0
ciMethod com/sun/tools/javac/comp/TransTypes translate (Lcom/sun/tools/javac/tree/JCTree;Lcom/sun/tools/javac/code/Type;)Lcom/sun/tools/javac/tree/JCTree; 5622 0 29403 0 864
ciMethod com/sun/tools/javac/comp/TransTypes visitApply (Lcom/sun/tools/javac/tree/JCTree$JCMethodInvocation;)V 11140 0 11444 0 -1
ciMethod com/sun/tools/javac/comp/TransTypes erasure (Lcom/sun/tools/javac/code/Type;)Lcom/sun/tools/javac/code/Type; 4180 0 24693 0 0
ciMethod com/sun/tools/javac/tree/TreeInfo skipParens (Lcom/sun/tools/javac/tree/JCTree$JCExpression;)Lcom/sun/tools/javac/tree/JCTree$JCExpression; 348 88 453 0 0
ciMethod com/sun/tools/javac/tree/TreeInfo skipParens (Lcom/sun/tools/javac/tree/JCTree;)Lcom/sun/tools/javac/tree/JCTree; 770 0 29063 0 192
ciMethod com/sun/tools/javac/tree/TreeInfo symbol (Lcom/sun/tools/javac/tree/JCTree;)Lcom/sun/tools/javac/code/Symbol; 1024 0 18062 0 384
ciMethodData com/sun/tools/javac/tree/JCTree <init> ()V 2 509262 orig 80 0 0 0 0 0 0 0 0 0 0 0 0 0 0 0 0 0 0 0 0 0 0 0 0 0 0 0 0 0 0 0 0 0 0 0 0 0 0 0 0 0 0 0 0 0 0 0 0 0 0 0 0 0 0 0 0 0 0 0 0 0 0 0 0 0 0 0 0 0 0 0 0 0 0 0 0 0 0 0 0 data 7 0x10002 0x7c34f 0x0 0x0 0x9 0x1 0x0 oops 0 methods 0
ciMethodData com/sun/tools/javac/tree/TreeMaker at (I)Lcom/sun/tools/javac/tree/TreeMaker; 2 471772 orig 80 0 0 0 0 0 0 0 0 0 0 0 0 0 0 0 0 0 0 0 0 0 0 0 0 0 0 0 0 0 0 0 0 0 0 0 0 0 0 0 0 0 0 0 0 0 0 0 0 0 0 0 0 0 0 0 0 0 0 0 0 0 0 0 0 0 0 0 0 0 0 0 0 0 0 0 0 0 0 0 0 data 8 0x0 0x0 0x0 0x0 0x9 0x2 0x6 0x0 oops 0 methods 0
ciMethodData com/sun/tools/javac/tree/JCTree$JCExpression <init> ()V 2 419191 orig 80 0 0 0 0 0 0 0 0 0 0 0 0 0 0 0 0 0 0 0 0 0 0 0 0 0 0 0 0 0 0 0 0 0 0 0 0 0 0 0 0 0 0 0 0 0 0 0 0 0 0 0 0 0 0 0 0 0 0 0 0 0 0 0 0 0 0 0 0 0 0 0 0 0 0 0 0 0 0 0 0 data 7 0x10002 0x66378 0x0 0x0 0x9 0x1 0xffffffffffffffff oops 0 methods 0
ciMethodData com/sun/tools/javac/tree/JCTree$JCCaseLabel <init> ()V 2 419218 orig 80 0 0 0 0 0 0 0 0 0 0 0 0 0 0 0 0 0 0 0 0 0 0 0 0 0 0 0 0 0 0 0 0 0 0 0 0 0 0 0 0 0 0 0 0 0 0 0 0 0 0 0 0 0 0 0 0 0 0 0 0 0 0 0 0 0 0 0 0 0 0 0 0 0 0 0 0 0 0 0 0 data 7 0x10002 0x66393 0x0 0x0 0x9 0x1 0x0 oops 0 methods 0
ciMethodData com/sun/tools/javac/util/List nonEmpty ()Z 2 1472483 orig 80 0 0 0 0 0 0 0 0 0 0 0 0 0 0 0 0 0 0 0 0 0 0 0 0 0 0 0 0 0 0 0 0 0 0 0 0 0 0 0 0 0 0 0 0 0 0 0 0 0 0 0 0 0 0 0 0 0 0 0 0 0 0 0 0 0 0 0 0 0 0 0 0 0 0 0 0 0 0 0 0 data 16 0x40007 0xd7058 0x38 0x906bb 0x80003 0x906bb 0x18 0x0 0x0 0x0 0x0 0x0 0x0 0x9 0x1 0x0 oops 0 methods 0
ciMethodData com/sun/tools/javac/tree/JCTree hasTag (Lcom/sun/tools/javac/tree/JCTree$Tag;)Z 2 575566 orig 80 0 0 0 0 0 0 0 0 0 0 0 0 0 0 0 0 0 0 0 0 0 0 0 0 0 0 0 0 0 0 0 0 0 0 0 0 0 0 0 0 0 0 0 0 0 0 0 0 0 0 0 0 0 0 0 0 0 0 0 0 0 0 0 0 0 0 0 0 0 0 0 0 0 0 0 0 0 0 0 0 data 24 0x20005 0x3de6b 0x0 0x11aff48cba0 0x2695f 0x11aff48caf0 0x207c0 0x50007 0x4b063 0x38 0x415ec 0x90003 0x415ec 0x18 0x0 0x0 0x0 0x0 0x0 0x0 0x9 0x2 0xffffffffffffffff 0x0 oops 2 3 com/sun/tools/javac/tree/JCTree$JCFieldAccess 5 com/sun/tools/javac/tree/JCTree$JCIdent methods 0
ciMethodData com/sun/tools/javac/util/List length ()I 2 297851 orig 80 0 0 0 0 0 0 0 0 0 0 0 0 0 0 0 0 0 0 0 0 0 0 0 0 0 0 0 0 0 0 0 0 0 0 0 0 0 0 0 0 0 0 0 0 0 0 0 0 0 0 0 0 0 0 0 0 0 0 0 0 0 0 0 0 0 0 0 0 0 0 0 0 0 0 0 0 0 0 0 0 data 16 0x80007 0x48b75 0x38 0x3c166 0x130003 0x3c166 0xffffffffffffffe0 0x0 0x0 0x0 0x0 0x0 0x0 0x9 0x1 0x0 oops 0 methods 0
ciMethodData com/sun/tools/javac/tree/TreeMaker TypeCast (Lcom/sun/tools/javac/tree/JCTree;Lcom/sun/tools/javac/tree/JCTree$JCExpression;)Lcom/sun/tools/javac/tree/JCTree$JCTypeCast; 1 1607 orig 80 0 0 0 0 0 0 0 0 0 0 0 0 0 0 0 0 0 0 0 0 0 0 0 0 0 0 0 0 0 0 0 0 0 0 0 0 0 0 0 0 0 0 0 0 0 0 0 0 0 0 0 0 0 0 0 0 0 0 0 0 0 0 0 0 0 0 0 0 0 0 0 0 0 0 0 0 0 0 0 0 data 11 0x60002 0x101 0x0 0x0 0x0 0x0 0x9 0x3 0x0 0x0 0x0 oops 0 methods 0
ciMethodData com/sun/tools/javac/tree/JCTree$JCTypeCast <init> (Lcom/sun/tools/javac/tree/JCTree;Lcom/sun/tools/javac/tree/JCTree$JCExpression;)V 1 259 orig 80 0 0 0 0 0 0 0 0 0 0 0 0 0 0 0 0 0 0 0 0 0 0 0 0 0 0 0 0 0 0 0 0 0 0 0 0 0 0 0 0 0 0 0 0 0 0 0 0 0 0 0 0 0 0 0 0 0 0 0 0 0 0 0 0 0 0 0 0 0 0 0 0 0 0 0 0 0 0 0 0 data 11 0x10002 0x0 0x0 0x0 0x0 0x0 0x9 0x3 0x0 0x0 0x0 oops 0 methods 0
ciMethodData com/sun/tools/javac/tree/JCTree pos ()Lcom/sun/tools/javac/util/JCDiagnostic$DiagnosticPosition; 2 634262 orig 80 0 0 0 0 0 0 0 0 0 0 0 0 0 0 0 0 0 0 0 0 0 0 0 0 0 0 0 0 0 0 0 0 0 0 0 0 0 0 0 0 0 0 0 0 0 0 0 0 0 0 0 0 0 0 0 0 0 0 0 0 0 0 0 0 0 0 0 0 0 0 0 0 0 0 0 0 0 0 0 0 data 5 0x0 0x0 0x9 0x1 0x0 oops 0 methods 0
ciMethodData com/sun/tools/javac/util/Name lastIndexOf (B)I 2 33305 orig 80 0 0 0 0 0 0 0 0 0 0 0 0 0 0 0 0 0 0 0 0 0 0 0 0 0 0 0 0 0 0 0 0 0 0 0 0 0 0 0 0 0 0 0 0 0 0 0 0 0 0 0 0 0 0 0 0 0 0 0 0 0 0 0 0 0 0 0 0 0 0 0 0 0 0 0 0 0 0 0 0 data 42 0x10005 0x0 0x0 0x11ab7782500 0x786 0x0 0x0 0x60005 0x0 0x0 0x11ab7782500 0x786 0x0 0x0 0xb0005 0x0 0x0 0x11ab7782500 0x786 0x0 0x0 0x140007 0xd2 0x58 0x55b7 0x1e0007 0x6b4 0x38 0x4f03 0x240003 0x4f03 0xffffffffffffffc0 0x0 0x0 0x0 0x0 0x0 0x0 0x9 0x2 0x0 0x0 oops 3 3 com/sun/tools/javac/util/SharedNameTable$NameImpl 10 com/sun/tools/javac/util/SharedNameTable$NameImpl 17 com/sun/tools/javac/util/SharedNameTable$NameImpl methods 0
ciMethodData com/sun/tools/javac/util/Name subName (II)Lcom/sun/tools/javac/util/Name; 2 7297 orig 80 0 0 0 0 0 0 0 0 0 0 0 0 0 0 0 0 0 0 0 0 0 0 0 0 0 0 0 0 0 0 0 0 0 0 0 0 0 0 0 0 0 0 0 0 0 0 0 0 0 0 0 0 0 0 0 0 0 0 0 0 0 0 0 0 0 0 0 0 0 0 0 0 0 0 0 0 0 0 0 0 data 36 0x20007 0x1426 0x20 0x3c 0xc0005 0x0 0x0 0x11ab7782500 0x1462 0x0 0x0 0x100005 0x0 0x0 0x11ab7782500 0x1462 0x0 0x0 0x180005 0x0 0x0 0x11a81339b80 0x1462 0x0 0x0 0x0 0x0 0x0 0x0 0x0 0x0 0x9 0x3 0x0 0x0 0x0 oops 3 7 com/sun/tools/javac/util/SharedNameTable$NameImpl 14 com/sun/tools/javac/util/SharedNameTable$NameImpl 21 com/sun/tools/javac/util/SharedNameTable methods 0
ciMethodData com/sun/tools/javac/util/Convert packagePart (Lcom/sun/tools/javac/util/Name;)Lcom/sun/tools/javac/util/Name; 2 38085 orig 80 0 0 0 0 0 0 0 0 0 0 0 0 0 0 0 0 0 0 0 0 0 0 0 0 0 0 0 0 0 0 0 0 0 0 0 0 0 0 0 0 0 0 0 0 0 0 0 0 0 0 0 0 0 0 0 0 0 0 0 0 0 0 0 0 0 0 0 0 0 0 0 0 0 0 0 0 0 0 0 0 data 23 0x50005 0x0 0x0 0x11ab7782500 0x9384 0x0 0x0 0x80005 0x0 0x0 0x11ab7782500 0x9384 0x0 0x0 0x0 0x0 0x0 0x0 0x0 0x0 0x9 0x1 0x0 oops 2 3 com/sun/tools/javac/util/SharedNameTable$NameImpl 10 com/sun/tools/javac/util/SharedNameTable$NameImpl methods 0
ciMethodData com/sun/tools/javac/code/Symtab enterClass (Lcom/sun/tools/javac/code/Symbol$ModuleSymbol;Lcom/sun/tools/javac/util/Name;)Lcom/sun/tools/javac/code/Symbol$ClassSymbol; 2 24996 orig 80 0 0 0 0 0 0 0 0 0 0 0 0 0 0 0 0 0 0 0 0 0 0 0 0 0 0 0 0 0 0 0 0 0 0 0 0 0 0 0 0 0 0 0 0 0 0 0 0 0 0 0 0 0 0 0 0 0 0 0 0 0 0 0 0 0 0 0 0 0 0 0 0 0 0 0 0 0 0 0 0 data 53 0x10002 0x6163 0x80002 0x6163 0xb0005 0x0 0x0 0x11a825fd1c0 0x6163 0x0 0x0 0x100002 0x6163 0x180002 0x6163 0x220005 0x0 0x0 0x11a825fd1c0 0x6163 0x0 0x0 0x290007 0x4747 0xa0 0x1a1c 0x2e0002 0x1a1c 0x320005 0x0 0x0 0x11a825fd1c0 0x1a1c 0x0 0x0 0x3e0005 0x1a1c 0x0 0x0 0x0 0x0 0x0 0x0 0x0 0x0 0x0 0x0 0x0 0x9 0x3 0x0 0x0 0x0 oops 3 7 com/sun/tools/javac/code/Symtab 18 com/sun/tools/javac/code/Symtab 31 com/sun/tools/javac/code/Symtab methods 0
ciMethodData com/sun/tools/javac/code/Type hasTag (Lcom/sun/tools/javac/code/TypeTag;)Z 2 1887755 orig 80 0 0 0 0 0 0 0 0 0 0 0 0 0 0 0 0 0 0 0 0 0 0 0 0 0 0 0 0 0 0 0 0 0 0 0 12 0 0 0 0 0 0 0 0 0 0 0 0 0 0 0 0 0 0 0 0 0 0 0 0 0 0 0 0 0 0 0 0 0 0 0 0 0 0 0 0 0 0 0 0 data 24 0x8000000400020005 0xaa3de 0x0 0x11a82a9a6c0 0xcccf2 0x11a82a9a610 0x55d05 0x50007 0x14f3a5 0x38 0x7da30 0x90003 0x7da30 0x18 0x800000040002000d 0x11a81a44c20 0x800000040002000d 0x11a81a45070 0x800000040002000d 0x11a81a453d0 0x9 0x2 0xffffffffffffffff 0x0 oops 2 3 com/sun/tools/javac/code/Type$ClassType 5 com/sun/tools/javac/code/Type$1 methods 3 15 com/sun/tools/javac/comp/Attr checkIdInternal (Lcom/sun/tools/javac/tree/JCTree;Lcom/sun/tools/javac/code/Type;Lcom/sun/tools/javac/code/Symbol;Lcom/sun/tools/javac/code/Type;Lcom/sun/tools/javac/comp/Env;Lcom/sun/tools/javac/comp/Attr$ResultInfo;)Lcom/sun/tools/javac/code/Type; 17 com/sun/tools/javac/comp/Check checkType (Lcom/sun/tools/javac/util/JCDiagnostic$DiagnosticPosition;Lcom/sun/tools/javac/code/Type;Lcom/sun/tools/javac/code/Type;Lcom/sun/tools/javac/comp/Check$CheckContext;)Lcom/sun/tools/javac/code/Type; 19 com/sun/tools/javac/code/Types capture (Lcom/sun/tools/javac/code/Type;)Lcom/sun/tools/javac/code/Type;
ciMethodData com/sun/tools/javac/code/Symtab getClass (Lcom/sun/tools/javac/code/Symbol$ModuleSymbol;Lcom/sun/tools/javac/util/Name;)Lcom/sun/tools/javac/code/Symbol$ClassSymbol; 2 8587 orig 80 0 0 0 0 0 0 0 0 0 0 0 0 0 0 0 0 0 0 0 0 0 0 0 0 0 0 0 0 0 0 0 0 0 0 0 0 0 0 0 0 0 0 0 0 0 0 0 0 0 0 0 0 0 0 0 0 0 0 0 0 0 0 0 0 0 0 0 0 0 0 0 0 0 0 0 0 0 0 0 0 data 51 0x30002 0x2079 0x7000a 0x2079 0x3 0x0 0x11ab7782500 0x11a8133bf30 0xc0002 0x2079 0x150002 0x2079 0x180005 0x0 0x0 0x11a8133bfe0 0x2079 0x0 0x0 0x1d0004 0x0 0x0 0x11a8133c090 0xea3 0x11a8133bfe0 0x11d6 0x210005 0x0 0x0 0x11a8133c090 0xea3 0x11a8133bfe0 0x11d6 0x260104 0x0 0x0 0x11a81dedd00 0xf38 0x0 0x0 0x0 0x0 0x0 0x0 0x0 0x0 0x9 0x3 0x0 0x0 0x0 oops 8 6 com/sun/tools/javac/util/SharedNameTable$NameImpl 7 com/sun/tools/javac/code/Symtab$$Lambda$96+0x0000011ab90e8cf0 15 java/util/HashMap 22 java/util/Collections$EmptyMap 24 java/util/HashMap 29 java/util/Collections$EmptyMap 31 java/util/HashMap 36 com/sun/tools/javac/code/Symbol$ClassSymbol methods 0
ciMethodData com/sun/tools/javac/tree/TreeInfo skipParens (Lcom/sun/tools/javac/tree/JCTree;)Lcom/sun/tools/javac/tree/JCTree; 2 29063 orig 80 0 0 0 0 0 0 0 0 0 0 0 0 0 0 0 0 0 0 0 0 0 0 0 0 0 0 0 0 0 0 0 0 0 0 0 0 0 0 0 0 0 0 0 0 0 0 0 0 0 0 0 0 0 0 0 0 0 0 0 0 0 0 0 0 0 0 0 0 0 0 0 0 0 0 0 0 0 0 0 0 data 29 0x40005 0x15 0x0 0x11aff48cba0 0x55f1 0x11aff48caf0 0x1a00 0x70007 0x6fff 0x68 0x7 0xb0004 0x0 0x0 0x11afd47f610 0x7 0x0 0x0 0xe0002 0x7 0x0 0x0 0x0 0x0 0x0 0x0 0x9 0x1 0xffffffffffffffff oops 3 3 com/sun/tools/javac/tree/JCTree$JCFieldAccess 5 com/sun/tools/javac/tree/JCTree$JCIdent 14 com/sun/tools/javac/tree/JCTree$JCParens methods 0
ciMethodData com/sun/tools/javac/tree/TreeInfo skipParens (Lcom/sun/tools/javac/tree/JCTree$JCExpression;)Lcom/sun/tools/javac/tree/JCTree$JCExpression; 1 453 orig 80 0 0 0 0 0 0 0 0 0 0 0 0 0 0 0 0 0 0 0 0 0 0 0 0 0 0 0 0 0 0 0 0 0 0 0 0 0 0 0 0 0 0 0 0 0 0 0 0 0 0 0 0 0 0 0 0 0 0 0 0 0 0 0 0 0 0 0 0 0 0 0 0 0 0 0 0 0 0 0 0 data 30 0x40005 0x111 0x0 0x11afd47f610 0x33 0x11a81268140 0x12 0x70007 0x123 0x70 0x33 0xb0004 0x0 0x0 0x11afd47f610 0x33 0x0 0x0 0x120003 0x33 0xffffffffffffff70 0x0 0x0 0x0 0x0 0x0 0x0 0x9 0x1 0x0 oops 3 3 com/sun/tools/javac/tree/JCTree$JCParens 5 com/sun/tools/javac/tree/JCTree$JCUnary 14 com/sun/tools/javac/tree/JCTree$JCParens methods 0
ciMethodData com/sun/tools/javac/code/Type$ClassType getTag ()Lcom/sun/tools/javac/code/TypeTag; 2 1523 orig 80 0 0 0 0 0 0 0 0 0 0 0 0 0 0 0 0 0 0 0 0 0 0 0 0 0 0 0 0 0 0 0 0 0 0 0 0 0 0 0 0 0 0 0 0 0 0 0 0 0 0 0 0 0 0 0 0 0 0 0 0 0 0 0 0 0 0 0 0 0 0 0 0 0 0 0 0 0 0 0 0 data 5 0x0 0x0 0x9 0x1 0x0 oops 0 methods 0
ciMethodData com/sun/tools/javac/code/Symtab lookupPackage (Lcom/sun/tools/javac/code/Symbol$ModuleSymbol;Lcom/sun/tools/javac/util/Name;)Lcom/sun/tools/javac/code/Symbol$PackageSymbol; 2 77456 orig 80 0 0 0 0 0 0 0 0 0 0 0 0 0 0 0 0 0 0 0 0 0 0 0 0 0 0 0 0 0 0 0 0 0 0 0 0 0 0 0 0 0 0 0 0 0 0 0 0 0 0 0 0 0 0 0 0 0 0 0 0 0 0 0 0 0 0 0 0 0 0 0 0 0 0 0 0 0 0 0 0 data 18 0x40005 0x12d8b 0x0 0x0 0x0 0x0 0x0 0x0 0x0 0x0 0x0 0x0 0x0 0x9 0x3 0xffffffffffffffff 0xffffffffffffffff 0xffffffffffffffff oops 0 methods 0
ciMethodData com/sun/tools/javac/code/Types erasure (Lcom/sun/tools/javac/code/Type;)Lcom/sun/tools/javac/code/Type; 2 83342 orig 80 0 0 0 0 0 0 0 0 0 0 0 0 0 0 0 0 0 0 0 0 0 0 0 0 0 0 0 0 0 0 0 0 0 0 0 0 0 0 0 0 0 0 0 0 0 0 0 0 0 0 0 0 0 0 0 0 0 0 0 0 0 0 0 0 0 0 0 0 0 0 0 0 0 0 0 0 0 0 0 0 data 31 0x20005 0x13b9d 0x0 0x0 0x0 0x0 0x0 0x50007 0x1254c 0x38 0x1651 0x90003 0x1651 0x50 0xf0005 0x1254c 0x0 0x0 0x0 0x0 0x0 0x0 0x0 0x0 0x0 0x0 0x0 0x9 0x2 0x0 0xffffffffffffffff oops 0 methods 0
ciMethodData com/sun/tools/javac/code/Types eraseNotNeeded (Lcom/sun/tools/javac/code/Type;)Z 2 74148 orig 80 0 0 0 0 0 0 0 0 0 0 0 0 0 0 0 0 0 0 0 0 0 0 0 0 0 0 0 0 0 0 0 0 0 0 0 0 0 0 0 0 0 0 0 0 0 0 0 0 0 0 0 0 0 0 0 0 0 0 0 0 0 0 0 0 0 0 0 0 0 0 0 0 0 0 0 0 0 0 0 0 data 28 0x10005 0x36f8 0x0 0x11a82a9a610 0xe7 0x11a82a9a6c0 0x8c26 0x40007 0x211 0x40 0xc1f4 0x150007 0xb08f 0x38 0x1165 0x190003 0x1376 0x18 0x0 0x0 0x0 0x0 0x0 0x0 0x9 0x2 0x0 0xffffffffffffffff oops 2 3 com/sun/tools/javac/code/Type$1 5 com/sun/tools/javac/code/Type$ClassType methods 0
ciMethodData com/sun/tools/javac/code/Types erasure (Lcom/sun/tools/javac/code/Type;Z)Lcom/sun/tools/javac/code/Type; 2 76935 orig 80 0 0 0 0 0 0 0 0 0 0 0 0 0 0 0 0 0 0 0 0 0 0 0 0 0 0 0 0 0 0 0 0 0 0 0 0 0 0 0 0 0 0 0 0 0 0 0 0 0 0 0 0 0 0 0 0 0 0 0 0 0 0 0 0 0 0 0 0 0 0 0 0 0 0 0 0 0 0 0 0 data 38 0x10005 0x7603 0x0 0x11a82a9a610 0xe7 0x11a82a9a6c0 0xa15e 0x40007 0x11848 0x20 0x0 0xf0002 0x11848 0x120005 0x11848 0x0 0x0 0x0 0x0 0x0 0x150004 0x0 0x0 0x11a82a9a610 0xe7 0x11a82a9a6c0 0xc929 0x0 0x0 0x0 0x0 0x0 0x0 0x9 0x3 0x0 0xffffffffffffffff 0x0 oops 4 3 com/sun/tools/javac/code/Type$1 5 com/sun/tools/javac/code/Type$ClassType 23 com/sun/tools/javac/code/Type$1 25 com/sun/tools/javac/code/Type$ClassType methods 0
ciMethodData com/sun/tools/javac/code/Types$DefaultTypeVisitor visit (Lcom/sun/tools/javac/code/Type;Ljava/lang/Object;)Ljava/lang/Object; 2 612012 orig 80 0 0 0 0 0 0 0 0 0 0 0 0 0 0 0 0 0 0 0 0 0 0 0 0 0 0 0 0 0 0 0 0 0 0 0 0 0 0 0 0 0 0 0 0 0 0 0 0 0 0 0 0 0 0 0 0 0 0 0 0 0 0 0 0 0 0 0 0 0 0 0 0 0 0 0 0 0 0 0 0 data 18 0x30005 0x341ff 0x0 0x11a82a9a610 0x2cdf 0x11a82a9a6c0 0x5d9dc 0x0 0x0 0x0 0x0 0x0 0x0 0x9 0x3 0xffffffffffffffff 0xffffffffffffffff 0xffffffffffffffff oops 2 3 com/sun/tools/javac/code/Type$1 5 com/sun/tools/javac/code/Type$ClassType methods 0
ciMethodData com/sun/tools/javac/code/Types isSignaturePolymorphic (Lcom/sun/tools/javac/code/Symbol$MethodSymbol;)Z 2 29710 orig 80 2 0 0 0 1 0 0 0 0 0 0 0 0 0 0 0 0 0 0 0 4 0 0 0 0 0 0 0 0 0 0 0 0 0 0 0 0 0 0 2 0 0 0 0 0 0 0 0 0 0 0 0 0 0 0 0 0 0 0 0 0 0 0 0 0 0 0 0 0 0 0 0 0 0 0 0 0 0 0 0 data 72 0x8000000400040005 0x0 0x0 0x11aff48cdb0 0x6667 0x11a81a3e970 0x4b7 0x120007 0x6ad1 0x1b8 0x4d 0x8000000600230007 0x8 0x40 0x47 0x340007 0x47 0x178 0x0 0x380005 0x0 0x0 0x11aff48cf10 0x8 0x0 0x0 0x3c0007 0x0 0x120 0x8 0x430004 0x0 0x0 0x11a82bb82c0 0x8 0x0 0x0 0x490005 0x0 0x0 0x11a82bb82c0 0x8 0x0 0x0 0x4c0007 0x0 0x90 0x8 0x530004 0x0 0x0 0x11a82bb82c0 0x8 0x0 0x0 0x660007 0x0 0x38 0x8 0x6a0003 0x8 0x18 0x0 0x0 0x0 0x0 0x0 0x0 0x9 0x2 0x0 0x0 oops 6 3 com/sun/tools/javac/code/Type$MethodType 5 com/sun/tools/javac/code/Type$ForAll 22 com/sun/tools/javac/util/List 33 com/sun/tools/javac/code/Type$ArrayType 40 com/sun/tools/javac/code/Type$ArrayType 51 com/sun/tools/javac/code/Type$ArrayType methods 0
ciMethodData com/sun/tools/javac/tree/TreeInfo symbol (Lcom/sun/tools/javac/tree/JCTree;)Lcom/sun/tools/javac/code/Symbol; 2 18062 orig 80 1 0 0 0 0 0 0 0 0 0 0 0 0 0 0 0 0 0 0 0 0 0 0 4 0 0 0 0 0 0 0 0 0 0 0 0 0 0 0 0 0 0 0 0 0 0 0 0 0 0 0 0 0 0 0 0 0 0 0 0 0 0 0 0 0 0 0 0 0 0 0 0 0 0 0 0 0 0 0 0 data 80 0x10002 0x448f 0x8000000700090005 0xe 0x0 0x11aff48cba0 0x32f3 0x11aff48caf0 0x1192 0xc0005 0x4493 0x0 0x0 0x0 0x0 0x0 0x100008 0xe 0xe 0x1b8 0x1192 0x80 0x32f3 0xb8 0x0 0xf0 0x0 0x138 0x0 0x1b8 0x0 0x180 0x390004 0x0 0x0 0x11aff48caf0 0x1192 0x0 0x0 0x410004 0x0 0x0 0x11aff48cba0 0x32f3 0x0 0x0 0x490004 0x0 0x0 0x0 0x0 0x0 0x0 0x4f0002 0x0 0x540004 0x0 0x0 0x0 0x0 0x0 0x0 0x5a0002 0x0 0x5f0004 0x0 0x0 0x0 0x0 0x0 0x0 0x0 0x0 0x0 0x0 0x0 0x0 0x9 0x1 0x0 oops 4 5 com/sun/tools/javac/tree/JCTree$JCFieldAccess 7 com/sun/tools/javac/tree/JCTree$JCIdent 35 com/sun/tools/javac/tree/JCTree$JCIdent 42 com/sun/tools/javac/tree/JCTree$JCFieldAccess methods 0
ciMethodData com/sun/tools/javac/code/Symbol baseSymbol ()Lcom/sun/tools/javac/code/Symbol; 1 12310 orig 80 0 0 0 0 0 0 0 0 0 0 0 0 0 0 0 0 0 0 0 0 0 0 0 0 0 0 0 0 0 0 0 0 0 0 0 0 0 0 0 0 0 0 0 0 0 0 0 0 0 0 0 0 0 0 0 0 0 0 0 0 0 0 0 0 0 0 0 0 0 0 0 0 0 0 0 0 0 0 0 0 data 5 0x0 0x0 0x9 0x1 0x0 oops 0 methods 0
ciMethodData com/sun/tools/javac/comp/Resolve isAccessible (Lcom/sun/tools/javac/comp/Env;Lcom/sun/tools/javac/code/Symbol$TypeSymbol;)Z 2 2402 orig 80 0 0 0 0 0 0 0 0 0 0 0 0 0 0 0 0 0 0 0 0 0 0 0 0 0 0 0 0 0 0 0 0 0 0 0 0 0 0 0 0 0 0 0 0 0 0 0 0 0 0 0 0 0 0 0 0 0 0 0 0 0 0 0 0 0 0 0 0 0 0 0 0 0 0 0 0 0 0 0 0 data 18 0x40005 0x0 0x0 0x11afe736e20 0x703 0x0 0x0 0x0 0x0 0x0 0x0 0x0 0x0 0x9 0x3 0xffffffffffffffff 0xffffffffffffffff 0xffffffffffffffff oops 1 3 com/sun/tools/javac/comp/Resolve methods 0
ciMethodData com/sun/tools/javac/comp/Resolve isAccessible (Lcom/sun/tools/javac/comp/Env;Lcom/sun/tools/javac/code/Symbol$TypeSymbol;Z)Z 2 75152 orig 80 2 0 0 0 0 0 0 0 0 0 0 0 0 0 0 0 0 0 0 0 0 0 0 0 0 0 0 0 0 0 0 0 0 0 0 0 0 0 0 2 0 0 0 0 0 0 0 0 0 0 0 0 0 0 0 0 0 0 0 0 0 0 0 0 0 0 0 0 0 0 0 0 0 0 0 0 0 0 0 0 data 253 0x40007 0x2a6a 0x40 0xfae0 0x170007 0xfae0 0x20 0x0 0x200004 0x0 0x0 0x11afe5a7e00 0x1254a 0x0 0x0 0x260007 0x1254a 0x78 0x0 0x310005 0x0 0x0 0x0 0x0 0x0 0x0 0x370007 0x0 0x20 0x0 0x400005 0x0 0x0 0x11a81dedd00 0x1254a 0x0 0x0 0x8000000600490008 0xc 0x0 0x1d8 0xfe8 0x130 0x11537 0x1f0 0x2c 0x70 0x0 0x1d8 0x0 0x3d8 0x730005 0x0 0x0 0x11a81dedd00 0x2c 0x0 0x0 0x7a0005 0x0 0x0 0x11a81dedd00 0x2c 0x0 0x0 0x7d0007 0x0 0x38 0x2c 0x810003 0x2c 0x18 0x870003 0x2c 0x3a8 0x950007 0xfe8 0x78 0x0 0xa00005 0x0 0x0 0x0 0x0 0x0 0x0 0xa30007 0x0 0x38 0x0 0xa70003 0xfe8 0x18 0xad0003 0xfe8 0x300 0xb30003 0x0 0x2e8 0xba0007 0x0 0x1d0 0x11537 0xc80005 0x0 0x0 0x11a8133cbf0 0x11537 0x0 0x0 0xcc0005 0x0 0x0 0x11a81dedd00 0x11537 0x0 0x0 0xd80007 0xf5b6 0x110 0x1f81 0xe50005 0x0 0x0 0x11a8133cca0 0x1f81 0x0 0x0 0xec0007 0x1f7b 0xb8 0x6 0xf80007 0x6 0x98 0x0 0x1070007 0x0 0x90 0x0 0x1140005 0x0 0x0 0x0 0x0 0x0 0x0 0x1190007 0x0 0x38 0x0 0x11d0003 0x11537 0x18 0x1230003 0x11537 0x118 0x1290003 0x0 0x100 0x1370007 0x0 0xd0 0x0 0x1420005 0x0 0x0 0x0 0x0 0x0 0x0 0x1450007 0x0 0x78 0x0 0x1540005 0x0 0x0 0x0 0x0 0x0 0x0 0x1570007 0x0 0x38 0x0 0x15b0003 0x0 0x18 0x8000000601620007 0x123a9 0x78 0x1a3 0x1690005 0x0 0x0 0x11a82a9a6c0 0x1a3 0x0 0x0 0x16f0007 0x0 0x38 0x1a3 0x1740003 0x1254c 0xe0 0x1790007 0x0 0xc8 0x0 0x1820005 0x0 0x0 0x0 0x0 0x0 0x0 0x1860005 0x0 0x0 0x0 0x0 0x0 0x0 0x1890007 0x0 0x38 0x0 0x18d0003 0x0 0x18 0x0 0x0 0x0 0x0 0x0 0x0 0x0 0x0 0x0 0x0 0x0 0x0 0x0 0x0 0x0 0x9 0x4 0x0 0x0 0x0 0x0 oops 8 11 com/sun/tools/javac/comp/AttrContext 33 com/sun/tools/javac/code/Symbol$ClassSymbol 54 com/sun/tools/javac/code/Symbol$ClassSymbol 61 com/sun/tools/javac/code/Symbol$ClassSymbol 106 com/sun/tools/javac/code/Symtab$3 113 com/sun/tools/javac/code/Symbol$ClassSymbol 124 java/util/LinkedHashMap 196 com/sun/tools/javac/code/Type$ClassType methods 0
ciMethodData com/sun/tools/javac/code/Types capture (Lcom/sun/tools/javac/code/Type;)Lcom/sun/tools/javac/code/Type; 2 97429 orig 80 6 0 0 0 0 0 0 0 0 0 0 0 0 0 0 0 0 0 0 0 0 0 0 6 0 0 0 0 0 0 0 0 0 0 0 0 0 0 0 2 0 0 0 0 0 0 0 0 0 0 0 0 0 0 0 0 0 0 0 0 0 0 0 0 0 0 0 0 0 0 0 0 0 0 0 0 0 0 0 0 data 494 0x40005 0x5722 0x0 0x11a81337dd0 0x487c 0x11a82a9a6c0 0xd37c 0x70007 0x10f5d 0x20 0x63bf 0x80000007000d0005 0x1314 0x0 0x11a82a9a6c0 0xd37e 0x11ab77d6bf0 0x28cf 0x130007 0x10f61 0x1c8 0x0 0x180005 0x0 0x0 0x0 0x0 0x0 0x0 0x1b0005 0x0 0x0 0x0 0x0 0x0 0x0 0x210005 0x0 0x0 0x0 0x0 0x0 0x0 0x240007 0x0 0x100 0x0 0x2d0005 0x0 0x0 0x0 0x0 0x0 0x0 0x3a0005 0x0 0x0 0x0 0x0 0x0 0x0 0x3e0005 0x0 0x0 0x0 0x0 0x0 0x0 0x410005 0x0 0x0 0x0 0x0 0x0 0x0 0x460004 0x0 0x0 0x11a82a9a6c0 0xd37e 0x11ab77d6bf0 0x28cf 0x4b0005 0x1314 0x0 0x11a82a9a6c0 0xd37e 0x11ab77d6bf0 0x28cf 0x4e0007 0x4e 0x78 0x10f14 0x520005 0x1314 0x0 0x11a82a9a6c0 0xd331 0x11ab77d6bf0 0x28cf 0x8000000600550007 0x19e6 0x20 0xf52f 0x5b0005 0x908 0x0 0x11a82a9a6c0 0x6d2 0x11a8255cb30 0xa0c 0x5e0005 0x0 0x0 0x11a81dedd00 0x19e6 0x0 0x0 0x610004 0x0 0x0 0x11a82a9a6c0 0x19e6 0x0 0x0 0x660005 0x0 0x0 0x11a82a9a6c0 0x19e6 0x0 0x0 0x80000007006c0005 0x90a 0x0 0x11a82a9a6c0 0x6d2 0x11a8255cb30 0xa0c 0x740005 0x0 0x0 0x11aff48cd00 0x19e8 0x0 0x0 0x8a0005 0x0 0x0 0x11aff48cf10 0x1c78 0x11aff48cfc0 0x19ea 0x8d0007 0x19ea 0x828 0x1c78 0x920005 0x0 0x0 0x11aff48cf10 0x1c78 0x0 0x0 0x950007 0x0 0x7d0 0x1c78 0x9a0005 0x0 0x0 0x11aff48cf10 0x1c78 0x0 0x0 0x9d0007 0x0 0x778 0x1c78 0xaa0007 0x1b3e 0x740 0x13a 0xb50004 0x0 0x0 0x11aff592c60 0x2f 0x11aff592030 0x107 0xbf0004 0x0 0x0 0x11afd22f850 0x13a 0x0 0x0 0xc20005 0x0 0x0 0x11afd22f850 0x13a 0x0 0x0 0xcc0004 0x0 0x0 0x11afe9a63e0 0x13a 0x0 0x0 0xd30007 0x13a 0x20 0x0 0xe70005 0x13a 0x0 0x0 0x0 0x0 0x0 0xeb0008 0x8 0x0 0x278 0x52 0xd8 0x18 0x1d0 0xd0 0x50 0x10d0005 0x0 0x0 0x11aff48cd00 0xd0 0x0 0x0 0x1100005 0x0 0x0 0x11afe9a63e0 0xd0 0x0 0x0 0x11f0003 0xd0 0x1b8 0x1270005 0x0 0x0 0x11aff592030 0x3b 0x11aff592c60 0x17 0x1310005 0x0 0x0 0x11aff48cd00 0x52 0x0 0x0 0x1340005 0x0 0x0 0x11aff48cd00 0x52 0x0 0x0 0x1370005 0x0 0x0 0x11afe9a63e0 0x52 0x0 0x0 0x1460003 0x52 0xc0 0x1520005 0x0 0x0 0x11aff48cd00 0x18 0x0 0x0 0x1550005 0x0 0x0 0x11afe9a63e0 0x18 0x0 0x0 0x15c0005 0x0 0x0 0x11aff592c60 0x18 0x0 0x0 0x1640005 0x0 0x0 0x11afe9a63e0 0x13a 0x0 0x0 0x16a0005 0x3b 0x0 0x11a82a9a6c0 0x36 0x11a8255cb30 0xc9 0x16d0007 0x13a 0xa8 0x0 0x1720005 0x0 0x0 0x0 0x0 0x0 0x0 0x1750004 0x0 0x0 0x0 0x0 0x0 0x0 0x17b0003 0x0 0x50 0x1800005 0x0 0x0 0x11afe9a63e0 0x13a 0x0 0x0 0x18d0005 0x1 0x0 0x11a82a9a6c0 0x17 0x11a81337e80 0x122 0x1900007 0x13a 0x70 0x0 0x1980004 0x0 0x0 0x0 0x0 0x0 0x0 0x19e0003 0x0 0x18 0x1aa0005 0x0 0x0 0x11afe9a63e0 0x13a 0x0 0x0 0x1b00005 0x3b 0x0 0x11a82a9a6c0 0x36 0x11a8255cb30 0xc9 0x1b30007 0x0 0x108 0x13a 0x1be0005 0x1 0x0 0x11a82a9a6c0 0x17 0x11a81337e80 0x122 0x1c10007 0x0 0xb0 0x13a 0x1c90005 0x0 0x0 0x11aff48cd00 0x13a 0x0 0x0 0x8000000601cc0007 0x13a 0x58 0x1 0x1d30005 0x0 0x0 0x11afe9a63e0 0x1 0x0 0x0 0x1ee0003 0x1c79 0xfffffffffffff7b8 0x1f30005 0x0 0x0 0x11aff48cfc0 0x19ea 0x0 0x0 0x1f60007 0x0 0xd0 0x19ea 0x1fb0005 0x0 0x0 0x11aff48cfc0 0x19ea 0x0 0x0 0x1fe0007 0x0 0x78 0x19ea 0x2030005 0x0 0x0 0x11aff48cfc0 0x19ea 0x0 0x0 0x2060007 0x19ea 0x58 0x0 0x20b0005 0x0 0x0 0x0 0x0 0x0 0x0 0x2110007 0x18b9 0xa0 0x131 0x2190005 0x7 0x0 0x11a8255cb30 0x2f 0x11a8255ca80 0xfb 0x2230005 0x7 0x0 0x11a8255cb30 0x2f 0x11a8255ca80 0xfb 0x2260002 0x131 0x0 0x0 0x0 0x0 0x0 0x0 0x0 0x0 0x0 0x0 0x0 0x0 0x0 0x0 0x0 0x0 0x9 0x2 0x0 0x0 oops 57 3 com/sun/tools/javac/code/Type$PackageType 5 com/sun/tools/javac/code/Type$ClassType 14 com/sun/tools/javac/code/Type$ClassType 16 com/sun/tools/javac/code/Type$ClassType$2 78 com/sun/tools/javac/code/Type$ClassType 80 com/sun/tools/javac/code/Type$ClassType$2 85 com/sun/tools/javac/code/Type$ClassType 87 com/sun/tools/javac/code/Type$ClassType$2 96 com/sun/tools/javac/code/Type$ClassType 98 com/sun/tools/javac/code/Type$ClassType$2 107 com/sun/tools/javac/code/Type$ClassType 109 com/sun/tools/javac/code/Type$StructuralTypeMapping$1 114 com/sun/tools/javac/code/Symbol$ClassSymbol 121 com/sun/tools/javac/code/Type$ClassType 128 com/sun/tools/javac/code/Type$ClassType 135 com/sun/tools/javac/code/Type$ClassType 137 com/sun/tools/javac/code/Type$StructuralTypeMapping$1 142 com/sun/tools/javac/code/Types 149 com/sun/tools/javac/util/List 151 com/sun/tools/javac/util/List$1 160 com/sun/tools/javac/util/List 171 com/sun/tools/javac/util/List 186 com/sun/tools/javac/code/Type$StructuralTypeMapping$2 188 com/sun/tools/javac/code/Type$WildcardType 193 com/sun/tools/javac/code/Type$TypeVar 200 com/sun/tools/javac/code/Type$TypeVar 207 com/sun/tools/javac/code/Type$CapturedType 235 com/sun/tools/javac/code/Types 242 com/sun/tools/javac/code/Type$CapturedType 252 com/sun/tools/javac/code/Type$WildcardType 254 com/sun/tools/javac/code/Type$StructuralTypeMapping$2 259 com/sun/tools/javac/code/Types 266 com/sun/tools/javac/code/Types 273 com/sun/tools/javac/code/Type$CapturedType 283 com/sun/tools/javac/code/Types 290 com/sun/tools/javac/code/Type$CapturedType 297 com/sun/tools/javac/code/Type$StructuralTypeMapping$2 304 com/sun/tools/javac/code/Type$CapturedType 311 com/sun/tools/javac/code/Type$ClassType 313 com/sun/tools/javac/code/Type$StructuralTypeMapping$1 339 com/sun/tools/javac/code/Type$CapturedType 346 com/sun/tools/javac/code/Type$ClassType 348 com/sun/tools/javac/code/Type$BottomType 367 com/sun/tools/javac/code/Type$CapturedType 374 com/sun/tools/javac/code/Type$ClassType 376 com/sun/tools/javac/code/Type$StructuralTypeMapping$1 385 com/sun/tools/javac/code/Type$ClassType 387 com/sun/tools/javac/code/Type$BottomType 396 com/sun/tools/javac/code/Types 407 com/sun/tools/javac/code/Type$CapturedType 417 com/sun/tools/javac/util/List$1 428 com/sun/tools/javac/util/List$1 439 com/sun/tools/javac/util/List$1 461 com/sun/tools/javac/code/Type$StructuralTypeMapping$1 463 com/sun/tools/javac/jvm/ClassReader$1 468 com/sun/tools/javac/code/Type$StructuralTypeMapping$1 470 com/sun/tools/javac/jvm/ClassReader$1 methods 0
ciMethodData com/sun/tools/javac/code/TypeTag checkRange (I)Z 1 674 orig 80 0 0 0 0 0 0 0 0 0 0 0 0 0 0 0 0 0 0 0 0 0 0 0 0 0 0 0 0 0 0 0 0 0 0 0 0 0 0 0 0 0 0 0 0 0 0 0 0 0 0 0 0 0 0 0 0 0 0 0 0 0 0 0 0 0 0 0 0 0 0 0 0 0 0 0 0 0 0 0 0 data 87 0x40005 0x273 0x0 0x0 0x0 0x0 0x0 0x80008 0x16 0x0 0x220 0x210 0x220 0x0 0x220 0x0 0x220 0x0 0x220 0x0 0xc0 0xd 0x170 0x0 0x220 0x0 0x220 0x4c 0x118 0xa 0x1c8 0x420007 0x0 0x58 0x0 0x470007 0x0 0x38 0x0 0x4b0003 0x0 0x18 0x530007 0x0 0x58 0x4c 0x590007 0x0 0x38 0x4c 0x5d0003 0x4c 0x18 0x640007 0x0 0x58 0xd 0x6a0007 0x0 0x38 0xd 0x6e0003 0xd 0x18 0x770007 0x0 0x58 0xa 0x7e0007 0x0 0x38 0xa 0x820003 0xa 0x18 0x8d0002 0x0 0x0 0x0 0x0 0x0 0x0 0x0 0x9 0x2 0x0 0x0 oops 0 methods 0
ciMethodData com/sun/tools/javac/code/Type$DelegatedType getParameterTypes ()Lcom/sun/tools/javac/util/List; 2 28406 orig 80 0 0 0 0 0 0 0 0 0 0 0 0 0 0 0 0 0 0 0 0 0 0 0 0 0 0 0 0 0 0 0 0 0 0 0 0 0 0 0 0 0 0 0 0 0 0 0 0 0 0 0 0 0 0 0 0 0 0 0 0 0 0 0 0 0 0 0 0 0 0 0 0 0 0 0 0 0 0 0 0 data 16 0x40005 0x16 0x0 0x11aff48cdb0 0x6cdb 0x11a81a41150 0x8 0x0 0x0 0x0 0x0 0x0 0x0 0x9 0x1 0x0 oops 2 3 com/sun/tools/javac/code/Type$MethodType 5 com/sun/tools/javac/code/Types$23$1 methods 0
ciMethodData com/sun/tools/javac/code/Symbol erasure (Lcom/sun/tools/javac/code/Types;)Lcom/sun/tools/javac/code/Type; 2 36398 orig 80 0 0 0 0 0 0 0 0 0 0 0 0 0 0 0 0 0 0 0 0 0 0 0 0 0 0 0 0 0 0 0 0 0 0 0 0 0 0 0 0 0 0 0 0 0 0 0 0 0 0 0 0 0 0 0 0 0 0 0 0 0 0 0 0 0 0 0 0 0 0 0 0 0 0 0 0 0 0 0 0 data 21 0x40007 0x7b1b 0x58 0x9c5 0xd0005 0x0 0x0 0x11aff48cd00 0x9c5 0x0 0x0 0x0 0x0 0x0 0x0 0x0 0x0 0x9 0x2 0x0 0x0 oops 1 7 com/sun/tools/javac/code/Types methods 0
ciMethodData com/sun/tools/javac/code/Types isSameType (Lcom/sun/tools/javac/code/Type;Lcom/sun/tools/javac/code/Type;)Z 2 103424 orig 80 0 0 0 0 0 0 0 0 0 0 0 0 0 0 0 0 0 0 0 0 0 0 0 0 0 0 0 0 0 0 0 0 0 0 0 0 0 0 0 0 0 0 0 0 0 0 0 0 0 0 0 0 0 0 0 0 0 0 0 0 0 0 0 0 0 0 0 0 0 0 0 0 0 0 0 0 0 0 0 0 data 32 0x60005 0x19400 0x0 0x0 0x0 0x0 0x0 0x90004 0x0 0x0 0x11ab74bc610 0x19400 0x0 0x0 0xc0005 0x19400 0x0 0x0 0x0 0x0 0x0 0x0 0x0 0x0 0x0 0x0 0x0 0x9 0x3 0x0 0xffffffffffffffff 0xffffffffffffffff oops 1 10 java/lang/Boolean methods 0
ciMethodData com/sun/tools/javac/code/Type$ArrayType getTag ()Lcom/sun/tools/javac/code/TypeTag; 2 2071 orig 80 0 0 0 0 0 0 0 0 0 0 0 0 0 0 0 0 0 0 0 0 0 0 0 0 0 0 0 0 0 0 0 0 0 0 0 0 0 0 0 0 0 0 0 0 0 0 0 0 0 0 0 0 0 0 0 0 0 0 0 0 0 0 0 0 0 0 0 0 0 0 0 0 0 0 0 0 0 0 0 0 data 5 0x0 0x0 0x9 0x1 0x0 oops 0 methods 0
ciMethodData com/sun/tools/javac/code/Types asSuper (Lcom/sun/tools/javac/code/Type;Lcom/sun/tools/javac/code/Symbol;)Lcom/sun/tools/javac/code/Type; 2 154624 orig 80 0 0 0 0 0 0 0 0 0 0 0 0 0 0 0 0 0 0 0 0 0 0 0 0 0 0 0 0 0 0 0 0 0 0 0 0 0 0 0 2 0 0 0 0 0 0 0 0 0 0 0 0 0 0 0 0 0 0 0 0 0 0 0 0 0 0 0 0 0 0 0 0 0 0 0 0 0 0 0 0 data 29 0x80000006000b0007 0x229b7 0x20 0x1dbf 0x1c0005 0x229b7 0x0 0x0 0x0 0x0 0x0 0x1f0104 0x0 0x0 0x11a82a9a6c0 0x9a97 0x11ab77d6bf0 0x1328 0x0 0x0 0x0 0x0 0x0 0x0 0x9 0x3 0x0 0xffffffffffffffff 0xffffffffffffffff oops 2 14 com/sun/tools/javac/code/Type$ClassType 16 com/sun/tools/javac/code/Type$ClassType$2 methods 0
ciMethodData com/sun/tools/javac/tree/JCTree setType (Lcom/sun/tools/javac/code/Type;)Lcom/sun/tools/javac/tree/JCTree; 2 48470 orig 80 0 0 0 0 0 0 0 0 0 0 0 0 0 0 0 0 0 0 0 0 0 0 0 0 0 0 0 0 0 0 0 0 0 0 0 0 0 0 0 0 0 0 0 0 0 0 0 0 0 0 0 0 0 0 0 0 0 0 0 0 0 0 0 0 0 0 0 0 0 0 0 0 0 0 0 0 0 0 0 0 data 8 0x0 0x0 0x0 0x0 0x9 0x2 0x0 0x0 oops 0 methods 0
ciMethodData com/sun/tools/javac/tree/JCTree$JCExpression setType (Lcom/sun/tools/javac/code/Type;)Lcom/sun/tools/javac/tree/JCTree$JCExpression; 2 44800 orig 80 0 0 0 0 0 0 0 0 0 0 0 0 0 0 0 0 0 0 0 0 0 0 0 0 0 0 0 0 0 0 0 0 0 0 0 0 0 0 0 0 0 0 0 0 0 0 0 0 0 0 0 0 0 0 0 0 0 0 0 0 0 0 0 0 0 0 0 0 0 0 0 0 0 0 0 0 0 0 0 0 data 9 0x20002 0xadff 0x0 0x0 0x0 0x9 0x2 0x0 0x0 oops 0 methods 0
ciMethodData com/sun/tools/javac/tree/TreeMaker Type (Lcom/sun/tools/javac/code/Type;)Lcom/sun/tools/javac/tree/JCTree$JCExpression; 2 5084 orig 80 0 0 0 0 0 0 0 0 0 0 0 0 0 0 0 0 0 0 0 0 0 0 0 0 0 0 0 0 0 0 0 0 0 0 0 0 0 0 0 0 0 0 0 0 0 0 0 0 0 0 0 0 0 0 0 0 0 0 0 0 0 0 0 0 0 0 0 0 0 0 0 0 0 0 0 0 0 0 0 0 data 475 0x10007 0x1312 0x20 0x0 0xa0005 0x49 0x0 0x11a82a9a6c0 0x11b4 0x11a818c9250 0x115 0xd0005 0x1312 0x0 0x0 0x0 0x0 0x0 0x110008 0x1e 0x0 0xcc0 0x1 0x100 0x0 0x100 0x0 0x100 0x87 0x100 0x14 0x100 0x0 0x100 0x0 0x100 0x79 0x100 0x14 0x100 0x5 0x188 0x7 0x1d8 0x11cc 0x308 0x11 0xbb0 0x0 0xc70 0x5a0005 0x0 0x0 0x11a818c9250 0x115 0x11a825605b0 0x14 0x5d0005 0x0 0x0 0x11afe736580 0x129 0x0 0x0 0x610003 0x129 0xc18 0x690005 0x0 0x0 0x11afe736580 0x5 0x0 0x0 0x6d0003 0x5 0xbc8 0x710004 0x0 0x0 0x11a81336b10 0x6 0x11aff592030 0x1 0x7b0005 0x0 0x0 0x11afe736580 0x7 0x0 0x0 0x850007 0x0 0x38 0x7 0x890003 0x7 0x50 0x910005 0x0 0x0 0x0 0x0 0x0 0x0 0x940005 0x0 0x0 0x11afe736580 0x7 0x0 0x0 0x980003 0x7 0xa98 0x9f0005 0x12 0x0 0x11a82a9a6c0 0x11b4 0x11a81336bc0 0x6 0xa20005 0x11cc 0x0 0x0 0x0 0x0 0x0 0xa60008 0x6 0x11cc 0x560 0x0 0x40 0x0 0x2d0 0xc10004 0x0 0x0 0x0 0x0 0x0 0x0 0xc90002 0x0 0xcf0005 0x0 0x0 0x0 0x0 0x0 0x0 0xd20005 0x0 0x0 0x0 0x0 0x0 0x0 0xdb0005 0x0 0x0 0x0 0x0 0x0 0x0 0xe00007 0x0 0x118 0x0 0xe50005 0x0 0x0 0x0 0x0 0x0 0x0 0xea0004 0x0 0x0 0x0 0x0 0x0 0x0 0xf40005 0x0 0x0 0x0 0x0 0x0 0x0 0xf70005 0x0 0x0 0x0 0x0 0x0 0x0 0xfb0003 0x0 0xfffffffffffffec8 0x1010005 0x0 0x0 0x0 0x0 0x0 0x0 0x1040005 0x0 0x0 0x0 0x0 0x0 0x0 0x1080003 0x0 0x758 0x10c0004 0x0 0x0 0x0 0x0 0x0 0x0 0x1140002 0x0 0x11a0005 0x0 0x0 0x0 0x0 0x0 0x0 0x11d0005 0x0 0x0 0x0 0x0 0x0 0x0 0x1240005 0x0 0x0 0x0 0x0 0x0 0x0 0x1290007 0x0 0x118 0x0 0x12e0005 0x0 0x0 0x0 0x0 0x0 0x0 0x1330004 0x0 0x0 0x0 0x0 0x0 0x0 0x13d0005 0x0 0x0 0x0 0x0 0x0 0x0 0x1400005 0x0 0x0 0x0 0x0 0x0 0x0 0x1440003 0x0 0xfffffffffffffec8 0x14a0005 0x0 0x0 0x0 0x0 0x0 0x0 0x14d0005 0x0 0x0 0x0 0x0 0x0 0x0 0x1510003 0x0 0x4c8 0x1550005 0x12 0x0 0x11a82a9a6c0 0x11b4 0x11a81336bc0 0x6 0x15d0005 0x0 0x0 0x11a82a9a610 0x11c8 0x11a82a9a6c0 0x4 0x1600007 0x11c8 0xc8 0x4 0x1700007 0x0 0xa8 0x4 0x1760005 0x0 0x0 0x11afe736580 0x4 0x0 0x0 0x17d0005 0x0 0x0 0x11afe736580 0x4 0x0 0x0 0x1800003 0x4 0x50 0x1880005 0x0 0x0 0x11afe736580 0x11c8 0x0 0x0 0x18e0005 0x12 0x0 0x11a82a9a6c0 0x11b4 0x11a81336bc0 0x6 0x1910005 0x0 0x0 0x11aff48cfc0 0x11af 0x11aff48cf10 0x1d 0x1940007 0x1d 0x38 0x11af 0x1990003 0x11af 0xc0 0x1a10005 0x12 0x0 0x11a82a9a6c0 0x5 0x11a81336bc0 0x6 0x1a40005 0x0 0x0 0x11afe736580 0x1d 0x0 0x0 0x1a70005 0x0 0x0 0x11afe736580 0x1d 0x0 0x0 0x1ab0003 0x11cc 0x1f0 0x1b50005 0x0 0x0 0x11aff48cd00 0x11 0x0 0x0 0x1b80005 0x0 0x0 0x11afe736580 0x11 0x0 0x0 0x1bb0005 0x0 0x0 0x11afe736580 0x11 0x0 0x0 0x1bf0003 0x11 0x130 0x1c60005 0x0 0x0 0x0 0x0 0x0 0x0 0x1ca0003 0x0 0xe0 0x1d50002 0x0 0x1db0005 0x0 0x0 0x0 0x0 0x0 0x0 0x1df0005 0x0 0x0 0x0 0x0 0x0 0x0 0x1e20005 0x0 0x0 0x0 0x0 0x0 0x0 0x1e50002 0x0 0x1eb0005 0xb93 0x0 0x11aff48cba0 0x656 0x11aff537b10 0x129 0x0 0x0 0x0 0x0 0x0 0x0 0x0 0x0 0x0 0x0 0x0 0x0 0x0 0x9 0x2 0x0 0x0 oops 32 7 com/sun/tools/javac/code/Type$ClassType 9 com/sun/tools/javac/code/Type$JCPrimitiveType 53 com/sun/tools/javac/code/Type$JCPrimitiveType 55 com/sun/tools/javac/code/Type$JCVoidType 60 com/sun/tools/javac/tree/TreeMaker 70 com/sun/tools/javac/tree/TreeMaker 80 com/sun/tools/javac/code/Types$TypeProjection$TypeArgumentProjection$1 82 com/sun/tools/javac/code/Type$WildcardType 87 com/sun/tools/javac/tree/TreeMaker 108 com/sun/tools/javac/tree/TreeMaker 118 com/sun/tools/javac/code/Type$ClassType 120 com/sun/tools/javac/code/Types$TypeProjection$1 304 com/sun/tools/javac/code/Type$ClassType 306 com/sun/tools/javac/code/Types$TypeProjection$1 311 com/sun/tools/javac/code/Type$1 313 com/sun/tools/javac/code/Type$ClassType 326 com/sun/tools/javac/tree/TreeMaker 333 com/sun/tools/javac/tree/TreeMaker 343 com/sun/tools/javac/tree/TreeMaker 350 com/sun/tools/javac/code/Type$ClassType 352 com/sun/tools/javac/code/Types$TypeProjection$1 357 com/sun/tools/javac/util/List$1 359 com/sun/tools/javac/util/List 371 com/sun/tools/javac/code/Type$ClassType 373 com/sun/tools/javac/code/Types$TypeProjection$1 378 com/sun/tools/javac/tree/TreeMaker 385 com/sun/tools/javac/tree/TreeMaker 395 com/sun/tools/javac/code/Types 402 com/sun/tools/javac/tree/TreeMaker 409 com/sun/tools/javac/tree/TreeMaker 454 com/sun/tools/javac/tree/JCTree$JCFieldAccess 456 com/sun/tools/javac/tree/JCTree$JCPrimitiveTypeTree methods 0
ciMethodData com/sun/tools/javac/code/Type typeNoMetadata ()Lcom/sun/tools/javac/code/Type; 2 332540 orig 80 0 0 0 0 0 0 0 0 0 0 0 0 0 0 0 0 0 0 0 0 0 0 0 0 0 0 0 0 0 0 0 0 0 0 0 0 0 0 0 0 0 0 0 0 0 0 0 0 0 0 0 0 0 0 0 0 0 0 0 0 0 0 0 0 0 0 0 0 0 0 0 0 0 0 0 0 0 0 0 0 data 23 0x70007 0x0 0x38 0x511f6 0xb0003 0x511f6 0x50 0xf0005 0x0 0x0 0x0 0x0 0x0 0x0 0x0 0x0 0x0 0x0 0x0 0x0 0x9 0x1 0x0 oops 0 methods 0
ciMethodData com/sun/tools/javac/code/Type baseType ()Lcom/sun/tools/javac/code/Type; 2 1036 orig 80 0 0 0 0 0 0 0 0 0 0 0 0 0 0 0 0 0 0 0 0 0 0 0 0 0 0 0 0 0 0 0 0 0 0 0 0 0 0 0 0 0 0 0 0 0 0 0 0 0 0 0 0 0 0 0 0 0 0 0 0 0 0 0 0 0 0 0 0 0 0 0 0 0 0 0 0 0 0 0 0 data 5 0x0 0x0 0x9 0x1 0x0 oops 0 methods 0
ciMethodData com/sun/tools/javac/code/Type equalsIgnoreMetadata (Lcom/sun/tools/javac/code/Type;)Z 2 168205 orig 80 0 0 0 0 0 0 0 0 0 0 0 0 0 0 0 0 0 0 0 0 0 0 0 0 0 0 0 0 0 0 0 0 0 0 0 0 0 0 0 0 0 0 0 0 0 0 0 0 0 0 0 0 0 0 0 0 0 0 0 0 0 0 0 0 0 0 0 0 0 0 0 0 0 0 0 0 0 0 0 0 data 31 0x10005 0x21cfb 0x0 0x11ab77d6bf0 0x9e8 0x11a82a9a610 0x6190 0x50005 0x15103 0x0 0x11a82a9a6c0 0x9f10 0x11a82a9a610 0x9860 0x80005 0x21cfb 0x0 0x11ab77d6bf0 0x9e8 0x11a82a9a610 0x6190 0x0 0x0 0x0 0x0 0x0 0x0 0x9 0x2 0x0 0x0 oops 6 3 com/sun/tools/javac/code/Type$ClassType$2 5 com/sun/tools/javac/code/Type$1 10 com/sun/tools/javac/code/Type$ClassType 12 com/sun/tools/javac/code/Type$1 17 com/sun/tools/javac/code/Type$ClassType$2 19 com/sun/tools/javac/code/Type$1 methods 0
ciMethodData com/sun/tools/javac/code/Types isSubtype (Lcom/sun/tools/javac/code/Type;Lcom/sun/tools/javac/code/Type;Z)Z 2 39209 orig 80 1 0 0 0 0 0 0 0 0 0 0 0 0 0 0 0 0 0 0 0 0 0 0 0 0 0 0 0 0 0 0 0 0 0 0 0 0 0 0 2 0 0 0 0 0 0 0 0 0 0 0 0 0 0 0 0 0 0 0 0 0 0 0 0 0 0 0 0 0 0 0 0 0 0 0 0 0 0 0 0 data 226 0x20005 0x5216 0x0 0x11a82a9a610 0x33ef 0x11ab77d6bf0 0x9fb 0x50007 0x5513 0x20 0x3aed 0xb0005 0x1168 0x0 0x11a82a9a6c0 0x42bd 0x11a8255ca80 0xee 0x80000006000e0007 0x52d7 0x58 0x23d 0x140005 0x0 0x0 0x11aff48cd00 0x23d 0x0 0x0 0x190005 0xf2c 0x0 0x11a82a9a6c0 0x42bd 0x11a8255ca80 0xee 0x1c0007 0x52d7 0x238 0x0 0x210005 0x0 0x0 0x0 0x0 0x0 0x0 0x260005 0x0 0x0 0x0 0x0 0x0 0x0 0x290005 0x0 0x0 0x0 0x0 0x0 0x0 0x2c0005 0x0 0x0 0x0 0x0 0x0 0x0 0x330005 0x0 0x0 0x0 0x0 0x0 0x0 0x380007 0x0 0x100 0x0 0x3d0005 0x0 0x0 0x0 0x0 0x0 0x0 0x420004 0x0 0x0 0x0 0x0 0x0 0x0 0x4c0005 0x0 0x0 0x0 0x0 0x0 0x0 0x4f0007 0x0 0x20 0x0 0x540003 0x0 0xfffffffffffffee0 0x5d0005 0xbf2 0x0 0x11ab77d6bf0 0x9d7 0x11a82a9a6c0 0x3d0e 0x8000000600600007 0x6f 0x208 0x5269 0x640005 0xb84 0x0 0x11ab77d6bf0 0x9d7 0x11a82a9a6c0 0x3d0e 0x670007 0x0 0x1b0 0x5269 0x6d0005 0x0 0x0 0x11aff48cd00 0x5269 0x0 0x0 0x700005 0x0 0x0 0x11aff48cd00 0x5269 0x0 0x0 0x780007 0x5269 0x120 0x0 0x800005 0x0 0x0 0x0 0x0 0x0 0x0 0x830007 0x0 0xc8 0x0 0x880007 0x0 0x70 0x0 0x8d0005 0x0 0x0 0x0 0x0 0x0 0x0 0x900003 0x0 0x18 0x970005 0x0 0x0 0x0 0x0 0x0 0x0 0xa00007 0x7f9 0x70 0x4adf 0xa50005 0x0 0x0 0x11aff48cd00 0x4adf 0x0 0x0 0xa80003 0x4adf 0x18 0xad0005 0x52d8 0x0 0x0 0x0 0x0 0x0 0xb00004 0x0 0x0 0x11ab74bc610 0x52d8 0x0 0x0 0xb30005 0x52d8 0x0 0x0 0x0 0x0 0x0 0x0 0x0 0x0 0x0 0x0 0x0 0x9 0x4 0x0 0x0 0x0 0x0 oops 15 3 com/sun/tools/javac/code/Type$1 5 com/sun/tools/javac/code/Type$ClassType$2 14 com/sun/tools/javac/code/Type$ClassType 16 com/sun/tools/javac/jvm/ClassReader$1 25 com/sun/tools/javac/code/Types 32 com/sun/tools/javac/code/Type$ClassType 34 com/sun/tools/javac/jvm/ClassReader$1 110 com/sun/tools/javac/code/Type$ClassType$2 112 com/sun/tools/javac/code/Type$ClassType 121 com/sun/tools/javac/code/Type$ClassType$2 123 com/sun/tools/javac/code/Type$ClassType 132 com/sun/tools/javac/code/Types 139 com/sun/tools/javac/code/Types 186 com/sun/tools/javac/code/Types 203 java/lang/Boolean methods 0
ciMethodData com/sun/tools/javac/code/Types wildLowerBound (Lcom/sun/tools/javac/code/Type;)Lcom/sun/tools/javac/code/Type; 2 20276 orig 80 0 0 0 0 0 0 0 0 0 0 0 0 0 0 0 0 0 0 0 0 0 0 0 0 0 0 0 0 0 0 0 0 0 0 0 0 0 0 0 0 0 0 0 0 0 0 0 0 0 0 0 0 0 0 0 0 0 0 0 0 0 0 0 0 0 0 0 0 0 0 0 0 0 0 0 0 0 0 0 0 data 49 0x40005 0xdc6 0x0 0x11a82a9a6c0 0x384a 0x11a8255ca80 0xb9 0x70007 0x4496 0x100 0x233 0xb0004 0x0 0x0 0x11aff592c60 0x21b 0x11aff592030 0x18 0x100005 0x0 0x0 0x11aff592c60 0x21b 0x11aff592030 0x18 0x130007 0x233 0x38 0x0 0x1d0003 0x0 0x50 0x250005 0x0 0x0 0x11aff48cd00 0x233 0x0 0x0 0x0 0x0 0x0 0x0 0x0 0x0 0x9 0x2 0xffffffffffffffff 0xffffffffffffffff oops 7 3 com/sun/tools/javac/code/Type$ClassType 5 com/sun/tools/javac/jvm/ClassReader$1 14 com/sun/tools/javac/code/Type$StructuralTypeMapping$2 16 com/sun/tools/javac/code/Type$WildcardType 21 com/sun/tools/javac/code/Type$StructuralTypeMapping$2 23 com/sun/tools/javac/code/Type$WildcardType 35 com/sun/tools/javac/code/Types methods 0
ciMethodData com/sun/tools/javac/code/Types isSuperType (Lcom/sun/tools/javac/code/Type;Lcom/sun/tools/javac/code/Type;)Z 1 573 orig 80 0 0 0 0 0 0 0 0 0 0 0 0 0 0 0 0 0 0 0 0 0 0 0 0 0 0 0 0 0 0 0 0 0 0 0 0 0 0 0 0 0 0 0 0 0 0 0 0 0 0 0 0 0 0 0 0 0 0 0 0 0 0 0 0 0 0 0 0 0 0 0 0 0 0 0 0 0 0 0 0 data 84 0x40005 0x0 0x0 0x11afe8f2c90 0x103 0x0 0x0 0x70005 0x103 0x0 0x0 0x0 0x0 0x0 0xb0008 0x6 0x0 0x1a0 0x0 0x40 0x103 0x40 0x270004 0x0 0x0 0x11afe8f2c90 0x103 0x0 0x0 0x2d0007 0x0 0xf0 0x103 0x350007 0x0 0xd0 0x103 0x3c0005 0xf0 0x0 0x11a8255cb30 0xc 0x11a8255ca80 0x7 0x3f0007 0x0 0x78 0x103 0x460005 0xf0 0x0 0x11a8255cb30 0xc 0x11a8255ca80 0x7 0x490007 0x103 0x20 0x0 0x540005 0x103 0x0 0x0 0x0 0x0 0x0 0x5c0005 0x0 0x0 0x0 0x0 0x0 0x0 0x0 0x0 0x0 0x0 0x0 0x0 0x9 0x3 0x0 0x0 0x0 oops 6 3 com/sun/tools/javac/code/Type$UndetVar 25 com/sun/tools/javac/code/Type$UndetVar 40 com/sun/tools/javac/code/Type$StructuralTypeMapping$1 42 com/sun/tools/javac/jvm/ClassReader$1 51 com/sun/tools/javac/code/Type$StructuralTypeMapping$1 53 com/sun/tools/javac/jvm/ClassReader$1 methods 0
ciMethodData com/sun/tools/javac/code/Types cvarLowerBound (Lcom/sun/tools/javac/code/Type;)Lcom/sun/tools/javac/code/Type; 2 21340 orig 80 0 0 0 0 0 0 0 0 0 0 0 0 0 0 0 0 0 0 0 0 0 0 0 0 0 0 0 0 0 0 0 0 0 0 0 0 0 0 0 0 0 0 0 0 0 0 0 0 0 0 0 0 0 0 0 0 0 0 0 0 0 0 0 0 0 0 0 0 0 0 0 0 0 0 0 0 0 0 0 0 data 53 0x40005 0xf26 0x0 0x11a82a9a6c0 0x41ee 0x11a8255ca80 0xee 0x70007 0x51f6 0x120 0xc 0xb0004 0x0 0x0 0x11afd22f850 0xc 0x0 0x0 0xe0005 0x0 0x0 0x11afd22f850 0xc 0x0 0x0 0x110007 0xc 0x90 0x0 0x160005 0x0 0x0 0x0 0x0 0x0 0x0 0x190005 0x0 0x0 0x0 0x0 0x0 0x0 0x0 0x0 0x0 0x0 0x0 0x0 0x9 0x2 0x0 0x0 oops 4 3 com/sun/tools/javac/code/Type$ClassType 5 com/sun/tools/javac/jvm/ClassReader$1 14 com/sun/tools/javac/code/Type$TypeVar 21 com/sun/tools/javac/code/Type$TypeVar methods 0
ciMethodData com/sun/tools/javac/code/Type$TypeVar isCaptured ()Z 1 406 orig 80 0 0 0 0 0 0 0 0 0 0 0 0 0 0 0 0 0 0 0 0 0 0 0 0 0 0 0 0 0 0 0 0 0 0 0 0 0 0 0 0 0 0 0 0 0 0 0 0 0 0 0 0 0 0 0 0 0 0 0 0 0 0 0 0 0 0 0 0 0 0 0 0 0 0 0 0 0 0 0 0 data 4 0x0 0x9 0x1 0x0 oops 0 methods 0
ciMethodData com/sun/tools/javac/code/Types isAssignable (Lcom/sun/tools/javac/code/Type;Lcom/sun/tools/javac/code/Type;Lcom/sun/tools/javac/util/Warner;)Z 2 31244 orig 80 1 0 0 0 0 0 0 0 0 0 0 0 0 0 0 0 0 0 0 0 0 0 0 0 0 0 0 0 0 0 0 0 0 0 0 0 0 0 0 1 0 0 0 0 0 0 0 0 0 0 0 0 0 0 0 0 0 0 0 0 0 0 0 0 0 0 0 0 0 0 0 0 0 0 0 0 0 0 0 0 data 171 0x40005 0x57d 0x0 0x11ab77d6bf0 0x507 0x11a82a9a6c0 0x66df 0x70007 0x7163 0x20 0x0 0xd0005 0x57d 0x0 0x11ab77d6bf0 0x507 0x11a82a9a6c0 0x66df 0x130005 0x7163 0x0 0x0 0x0 0x0 0x0 0x160007 0x711f 0x3f8 0x44 0x1a0005 0x0 0x0 0x11a812b3800 0x28 0x11a818c9250 0x1c 0x1d0007 0x1c 0x3a0 0x28 0x210005 0x0 0x0 0x11a812b3800 0x28 0x0 0x0 0x240004 0x0 0x0 0x11ab74bca20 0x28 0x0 0x0 0x270005 0x0 0x0 0x11ab74bca20 0x28 0x0 0x0 0x300005 0x0 0x0 0x11a818c9250 0x28 0x0 0x0 0x330005 0x28 0x0 0x0 0x0 0x0 0x0 0x8000000600370008 0xc 0x4 0x268 0x0 0x100 0xd 0x70 0x0 0x70 0x1 0x70 0x17 0x70 0x590005 0x0 0x0 0x11a818c9250 0x25 0x0 0x0 0x5e0005 0x25 0x0 0x0 0x0 0x0 0x0 0x610007 0x0 0x188 0x25 0x6b0005 0x0 0x0 0x0 0x0 0x0 0x0 0x6e0005 0x0 0x0 0x0 0x0 0x0 0x0 0x710005 0x0 0x0 0x0 0x0 0x0 0x0 0x750008 0x8 0x0 0xc0 0x0 0x50 0x0 0x50 0x0 0x50 0x940005 0x0 0x0 0x0 0x0 0x0 0x0 0x980005 0x0 0x0 0x0 0x0 0x0 0x0 0xa00005 0x0 0x0 0x11aff48cd00 0x713f 0x0 0x0 0x0 0x0 0x0 0x0 0x0 0x0 0x9 0x4 0x0 0x0 0x0 0x0 oops 12 3 com/sun/tools/javac/code/Type$ClassType$2 5 com/sun/tools/javac/code/Type$ClassType 14 com/sun/tools/javac/code/Type$ClassType$2 16 com/sun/tools/javac/code/Type$ClassType 32 com/sun/tools/javac/code/Type$JCPrimitiveType$2 34 com/sun/tools/javac/code/Type$JCPrimitiveType 43 com/sun/tools/javac/code/Type$JCPrimitiveType$2 50 java/lang/Integer 57 java/lang/Integer 64 com/sun/tools/javac/code/Type$JCPrimitiveType 92 com/sun/tools/javac/code/Type$JCPrimitiveType 155 com/sun/tools/javac/code/Types methods 0
ciMethodData com/sun/tools/javac/code/TypeTag isSubRangeOf (Lcom/sun/tools/javac/code/TypeTag;)Z 2 42004 orig 80 0 0 0 0 0 0 0 0 0 0 0 0 0 0 0 0 0 0 0 0 0 0 0 0 0 0 0 0 0 0 0 0 0 0 0 0 0 0 0 0 0 0 0 0 0 0 0 0 0 0 0 0 0 0 0 0 0 0 0 0 0 0 0 0 0 0 0 0 0 0 0 0 0 0 0 0 0 0 0 0 data 15 0x90007 0x94b4 0x38 0xc2b 0xd0003 0xc2b 0x18 0x0 0x0 0x0 0x0 0x9 0x2 0x0 0x0 oops 0 methods 0
ciMethodData com/sun/tools/javac/code/Types isConvertible (Lcom/sun/tools/javac/code/Type;Lcom/sun/tools/javac/code/Type;Lcom/sun/tools/javac/util/Warner;)Z 2 44174 orig 80 2 0 0 0 0 0 0 0 0 0 0 0 0 0 0 0 0 0 0 0 0 0 0 0 0 0 0 0 0 0 0 0 0 0 0 0 0 0 0 1 0 0 0 0 0 0 0 0 0 0 0 0 0 0 0 0 0 0 0 0 0 0 0 0 0 0 0 0 0 0 0 0 0 0 0 0 0 0 0 0 data 140 0x40005 0xe89 0x0 0x11ab77d6bf0 0x261d 0x11a82a9a6c0 0x6eb1 0x70007 0xa357 0x20 0x0 0xd0005 0xe89 0x0 0x11ab77d6bf0 0x261d 0x11a82a9a6c0 0x6eb1 0x130005 0xa71 0x0 0x11a82a9a6c0 0x9636 0x11a8255ca80 0x2b0 0x1c0007 0x27d 0x58 0xa0da 0x230005 0x0 0x0 0x11aff48cd00 0xa0da 0x0 0x0 0x2b0005 0x0 0x0 0x11a818c9250 0x2b 0x11a812b3800 0x252 0x340005 0x4 0x0 0x11a82a9a6c0 0x275 0x11a8255cb30 0x4 0x3b0007 0x0 0x40 0x27d 0x400007 0x27b 0x138 0x2 0x450007 0x2 0xa8 0x0 0x4c0005 0x0 0x0 0x0 0x0 0x0 0x0 0x4f0005 0x0 0x0 0x0 0x0 0x0 0x0 0x520003 0x0 0x88 0x580005 0x0 0x0 0x11aff48cd00 0x2 0x0 0x0 0x5c0005 0x2 0x0 0x0 0x0 0x0 0x0 0x8000000600620007 0x1 0xa8 0x27b 0x680005 0x0 0x0 0x11aff48cd00 0x27b 0x0 0x0 0x6f0005 0x27b 0x0 0x0 0x0 0x0 0x0 0x720003 0x27b 0x88 0x780005 0x0 0x0 0x11aff48cd00 0x1 0x0 0x0 0x7c0005 0x1 0x0 0x0 0x0 0x0 0x0 0x0 0x0 0x0 0x0 0x0 0x0 0x9 0x4 0x0 0x0 0x0 0x0 oops 14 3 com/sun/tools/javac/code/Type$ClassType$2 5 com/sun/tools/javac/code/Type$ClassType 14 com/sun/tools/javac/code/Type$ClassType$2 16 com/sun/tools/javac/code/Type$ClassType 21 com/sun/tools/javac/code/Type$ClassType 23 com/sun/tools/javac/jvm/ClassReader$1 32 com/sun/tools/javac/code/Types 39 com/sun/tools/javac/code/Type$JCPrimitiveType 41 com/sun/tools/javac/code/Type$JCPrimitiveType$2 46 com/sun/tools/javac/code/Type$ClassType 48 com/sun/tools/javac/code/Type$StructuralTypeMapping$1 82 com/sun/tools/javac/code/Types 100 com/sun/tools/javac/code/Types 117 com/sun/tools/javac/code/Types methods 0
ciMethodData com/sun/tools/javac/code/Types isSubtypeUnchecked (Lcom/sun/tools/javac/code/Type;Lcom/sun/tools/javac/code/Type;Lcom/sun/tools/javac/util/Warner;)Z 2 59633 orig 80 2 0 0 0 0 0 0 0 0 0 0 0 0 0 0 0 0 0 0 0 0 0 0 0 0 0 0 0 0 0 0 0 0 0 0 0 0 0 0 0 0 0 0 0 0 0 0 0 0 0 0 0 0 0 0 0 0 0 0 0 0 0 0 0 0 0 0 0 0 0 0 0 0 0 0 0 0 0 0 0 data 30 0x50005 0xdfd0 0x0 0x0 0x0 0x0 0x0 0xc0007 0x6423 0x58 0x7bb0 0x130005 0x7bb0 0x0 0x0 0x0 0x0 0x0 0x0 0x0 0x0 0x0 0x0 0x0 0x9 0x4 0xffffffffffffffff 0xffffffffffffffff 0xffffffffffffffff 0xffffffffffffffff oops 0 methods 0
ciMethodData com/sun/tools/javac/code/Types isSubtypeUncheckedInternal (Lcom/sun/tools/javac/code/Type;Lcom/sun/tools/javac/code/Type;ZLcom/sun/tools/javac/util/Warner;)Z 2 59576 orig 80 2 0 0 0 1 0 0 0 0 0 0 0 0 0 0 0 0 0 0 0 0 0 0 0 0 0 0 0 0 0 0 0 0 0 0 0 0 0 0 4 0 0 0 0 0 0 0 0 0 0 0 0 0 0 0 0 0 0 0 0 0 0 0 0 0 0 0 0 0 0 0 0 0 0 0 0 0 0 0 0 data 192 0x40005 0x3465 0x0 0x11ab77d6bf0 0x1cef 0x11a82a9a6c0 0x8e46 0x8000000600070007 0xdf0c 0x258 0x90 0xe0005 0x44 0x0 0x11afe8f2c90 0xc 0x11a82a9a6c0 0x40 0x110007 0x6a 0x200 0x26 0x150004 0x0 0x0 0x11afe2ac220 0x3 0x11a82bb82c0 0x23 0x1b0005 0x6 0x0 0x11a82a9a6c0 0x1f 0x11afd22f850 0x1 0x1e0007 0x20 0xc8 0x6 0x240005 0x0 0x0 0x11aff48cd00 0x6 0x0 0x0 0x290005 0x0 0x0 0x11aff48cd00 0x6 0x0 0x0 0x2c0005 0x0 0x0 0x11aff48cd00 0x6 0x0 0x0 0x330005 0x0 0x0 0x11aff48cd00 0x20 0x0 0x0 0x380005 0x0 0x0 0x11aff48cd00 0x20 0x0 0x0 0x3e0005 0x20 0x0 0x0 0x0 0x0 0x0 0x460005 0x0 0x0 0x11aff48cd00 0xdf76 0x0 0x0 0x8000000600490007 0x63d8 0x20 0x7ba1 0x520005 0x285e 0x0 0x11a8255cb30 0x1e0 0x11a82a9a6c0 0x399a 0x550007 0x63d4 0x90 0x4 0x5a0005 0x0 0x0 0x11afd22f850 0x4 0x0 0x0 0x610005 0x4 0x0 0x0 0x0 0x0 0x0 0x660005 0x1e75 0x0 0x11a8255cb30 0x13bf 0x11a82a9a6c0 0x31a0 0x690007 0x7a 0x1b0 0x635a 0x720005 0x0 0x0 0x11aff48cd00 0x635a 0x0 0x0 0x790007 0x62ef 0x158 0x6b 0x7e0005 0x0 0x0 0x11a82a9a6c0 0x6b 0x0 0x0 0x810007 0x6b 0x100 0x0 0x860005 0x0 0x0 0x0 0x0 0x0 0x0 0x890007 0x0 0x70 0x0 0x910005 0x0 0x0 0x0 0x0 0x0 0x0 0x940003 0x0 0x50 0x9c0005 0x0 0x0 0x0 0x0 0x0 0x0 0x0 0x0 0x0 0x0 0x0 0x0 0x9 0x5 0x0 0x0 0x0 0x0 0x0 oops 21 3 com/sun/tools/javac/code/Type$ClassType$2 5 com/sun/tools/javac/code/Type$ClassType 14 com/sun/tools/javac/code/Type$UndetVar 16 com/sun/tools/javac/code/Type$ClassType 25 com/sun/tools/javac/code/Type$StructuralTypeMapping$3 27 com/sun/tools/javac/code/Type$ArrayType 32 com/sun/tools/javac/code/Type$ClassType 34 com/sun/tools/javac/code/Type$TypeVar 43 com/sun/tools/javac/code/Types 50 com/sun/tools/javac/code/Types 57 com/sun/tools/javac/code/Types 64 com/sun/tools/javac/code/Types 71 com/sun/tools/javac/code/Types 85 com/sun/tools/javac/code/Types 96 com/sun/tools/javac/code/Type$StructuralTypeMapping$1 98 com/sun/tools/javac/code/Type$ClassType 107 com/sun/tools/javac/code/Type$TypeVar 121 com/sun/tools/javac/code/Type$StructuralTypeMapping$1 123 com/sun/tools/javac/code/Type$ClassType 132 com/sun/tools/javac/code/Types 143 com/sun/tools/javac/code/Type$ClassType methods 0
ciMethodData com/sun/tools/javac/code/Type$WildcardType isExtendsBound ()Z 2 28518 orig 80 0 0 0 0 0 0 0 0 0 0 0 0 0 0 0 0 0 0 0 0 0 0 0 0 0 0 0 0 0 0 0 0 0 0 0 0 0 0 0 0 0 0 0 0 0 0 0 0 0 0 0 0 0 0 0 0 0 0 0 0 0 0 0 0 0 0 0 0 0 0 0 0 0 0 0 0 0 0 0 0 data 20 0x70007 0x31f9 0x40 0x3d66 0x110007 0x3b24 0x38 0x242 0x150003 0x343b 0x18 0x0 0x0 0x0 0x0 0x0 0x0 0x9 0x1 0x0 oops 0 methods 0
ciMethodData com/sun/tools/javac/code/Types unboxedType (Lcom/sun/tools/javac/code/Type;)Lcom/sun/tools/javac/code/Type; 1 23694 orig 80 0 0 0 0 0 0 0 0 0 0 0 0 0 0 0 0 0 0 0 0 0 0 0 0 0 0 0 0 0 0 0 0 0 0 0 0 0 0 0 0 0 0 0 0 0 0 0 0 0 0 0 0 0 0 0 0 0 0 0 0 0 0 0 0 0 0 0 0 0 0 0 0 0 0 0 0 0 0 0 0 data 51 0x40005 0x26 0x0 0x11a818c9250 0x6 0x11ab77d6bf0 0x55 0x70007 0x81 0x20 0x0 0x190007 0x77 0xe8 0xad6 0x270007 0x682 0xb0 0x454 0x380005 0x0 0x0 0x11a825fd1c0 0x454 0x0 0x0 0x3b0005 0x0 0x0 0x11aff48cd00 0x454 0x0 0x0 0x3e0007 0x44a 0x20 0xa 0x4e0003 0xacc 0xffffffffffffff30 0x0 0x0 0x0 0x0 0x0 0x0 0x0 0x9 0x2 0x0 0x0 oops 4 3 com/sun/tools/javac/code/Type$JCPrimitiveType 5 com/sun/tools/javac/code/Type$ClassType$2 22 com/sun/tools/javac/code/Symtab 29 com/sun/tools/javac/code/Types methods 0
ciMethodData com/sun/tools/javac/code/Types boxedClass (Lcom/sun/tools/javac/code/Type;)Lcom/sun/tools/javac/code/Symbol$ClassSymbol; 1 1157 orig 80 0 0 0 0 0 0 0 0 0 0 0 0 0 0 0 0 0 0 0 0 0 0 0 0 0 0 0 0 0 0 0 0 0 0 0 0 0 0 0 0 0 0 0 0 0 0 0 0 0 0 0 0 0 0 0 0 0 0 0 0 0 0 0 0 0 0 0 0 0 0 0 0 0 0 0 0 0 0 0 0 data 31 0x130005 0x2aa 0x0 0x11a818c9250 0x56 0x11a825605b0 0x2d 0x160005 0x32d 0x0 0x0 0x0 0x0 0x0 0x1a0005 0x0 0x0 0x11a825fd1c0 0x32d 0x0 0x0 0x0 0x0 0x0 0x0 0x0 0x0 0x9 0x2 0x0 0xffffffffffffffff oops 3 3 com/sun/tools/javac/code/Type$JCPrimitiveType 5 com/sun/tools/javac/code/Type$JCVoidType 17 com/sun/tools/javac/code/Symtab methods 0
ciMethodData com/sun/tools/javac/code/Types isSubtype (Lcom/sun/tools/javac/code/Type;Lcom/sun/tools/javac/code/Type;)Z 2 4893 orig 80 0 0 0 0 0 0 0 0 0 0 0 0 0 0 0 0 0 0 0 0 0 0 0 0 0 0 0 0 0 0 0 0 0 0 0 0 0 0 0 0 0 0 0 0 0 0 0 0 0 0 0 0 0 0 0 0 0 0 0 0 0 0 0 0 0 0 0 0 0 0 0 0 0 0 0 0 0 0 0 0 data 18 0x40005 0x0 0x0 0x11aff48cd00 0xc6b 0x0 0x0 0x0 0x0 0x0 0x0 0x0 0x0 0x9 0x3 0xffffffffffffffff 0xffffffffffffffff 0xffffffffffffffff oops 1 3 com/sun/tools/javac/code/Types methods 0
ciMethodData com/sun/tools/javac/code/Types boxedTypeOrType (Lcom/sun/tools/javac/code/Type;)Lcom/sun/tools/javac/code/Type; 1 149 orig 80 0 0 0 0 0 0 0 0 0 0 0 0 0 0 0 0 0 0 0 0 0 0 0 0 0 0 0 0 0 0 0 0 0 0 0 0 0 0 0 0 0 0 0 0 0 0 0 0 0 0 0 0 0 0 0 0 0 0 0 0 0 0 0 0 0 0 0 0 0 0 0 0 0 0 0 0 0 0 0 0 data 31 0x10005 0x0 0x0 0x11a818c9250 0x54 0x11a812b3800 0x41 0x40007 0x0 0x70 0x95 0x90005 0x0 0x0 0x11aff48cd00 0x95 0x0 0x0 0xf0003 0x95 0x18 0x0 0x0 0x0 0x0 0x0 0x0 0x9 0x2 0x0 0x0 oops 3 3 com/sun/tools/javac/code/Type$JCPrimitiveType 5 com/sun/tools/javac/code/Type$JCPrimitiveType$2 14 com/sun/tools/javac/code/Types methods 0
ciMethodData com/sun/tools/javac/code/Type isPrimitive ()Z 1 132 orig 80 0 0 0 0 0 0 0 0 0 0 0 0 0 0 0 0 0 0 0 0 0 0 0 0 0 0 0 0 0 0 0 0 0 0 0 0 0 0 0 0 0 0 0 0 0 0 0 0 0 0 0 0 0 0 0 0 0 0 0 0 0 0 0 0 0 0 0 0 0 0 0 0 0 0 0 0 0 0 0 0 data 4 0x0 0x9 0x1 0x0 oops 0 methods 0
ciMethodData com/sun/tools/javac/code/Type$UndetVar addBound (Lcom/sun/tools/javac/code/Type$UndetVar$InferenceBound;Lcom/sun/tools/javac/code/Type;Lcom/sun/tools/javac/code/Types;)V 2 15099 orig 80 0 0 0 0 0 0 0 0 0 0 0 0 0 0 0 0 0 0 0 0 0 0 0 0 0 0 0 0 0 0 0 0 0 0 0 0 0 0 0 0 0 0 0 0 0 0 0 0 0 0 0 0 0 0 0 0 0 0 0 0 0 0 0 0 0 0 0 0 0 0 0 0 0 0 0 0 0 0 0 0 data 66 0x40007 0x39fb 0x178 0x0 0xb0005 0x0 0x0 0x0 0x0 0x0 0x0 0xf0008 0x6 0x0 0x120 0x0 0x90 0x0 0x40 0x2a0005 0x0 0x0 0x0 0x0 0x0 0x0 0x2e0003 0x0 0xa8 0x330005 0x0 0x0 0x0 0x0 0x0 0x0 0x3d0005 0x0 0x0 0x0 0x0 0x0 0x0 0x400007 0x0 0x20 0x0 0x4b0005 0x39fb 0x0 0x0 0x0 0x0 0x0 0x0 0x0 0x0 0x0 0x0 0x0 0x9 0x4 0xffffffffffffffff 0xffffffffffffffff 0xffffffffffffffff 0xffffffffffffffff oops 0 methods 0
ciMethodData com/sun/tools/javac/tree/TreeTranslator translate (Lcom/sun/tools/javac/tree/JCTree;)Lcom/sun/tools/javac/tree/JCTree; 2 113651 orig 80 0 0 0 0 0 0 0 0 0 0 0 0 0 0 0 0 0 0 0 0 0 0 0 0 0 0 0 0 0 0 0 0 0 0 0 0 0 0 0 0 0 0 0 0 0 0 0 0 0 0 0 0 0 0 0 0 0 0 0 0 0 0 0 0 0 0 0 0 0 0 0 0 0 0 0 0 0 0 0 0 data 21 0x10007 0x1a4fb 0x20 0xe79 0x80005 0x1978b 0x0 0x11afd479970 0xbb 0x11afd479a20 0xcb5 0x0 0x0 0x0 0x0 0x0 0x0 0x9 0x2 0x0 0x0 oops 2 7 com/sun/tools/javac/tree/JCTree$JCClassDecl 9 com/sun/tools/javac/tree/JCTree$JCModifiers methods 0
ciMethodData com/sun/tools/javac/comp/TransTypes translate (Lcom/sun/tools/javac/tree/JCTree;Lcom/sun/tools/javac/code/Type;)Lcom/sun/tools/javac/tree/JCTree; 2 29403 orig 80 0 0 0 0 0 0 0 0 0 0 0 0 0 0 0 0 0 0 0 0 0 0 0 0 0 0 0 0 0 0 0 0 0 0 0 0 0 0 0 0 0 0 0 0 0 0 0 0 0 0 0 0 0 0 0 0 0 0 0 0 0 0 0 0 0 0 0 0 0 0 0 0 0 0 0 0 0 0 0 0 data 18 0xc0005 0x0 0x0 0x11aff48b920 0x67e1 0x0 0x0 0x0 0x0 0x0 0x0 0x0 0x0 0x9 0x3 0x0 0x0 0x0 oops 1 3 com/sun/tools/javac/comp/TransTypes methods 0
ciMethodData com/sun/tools/javac/comp/TransTypes erasure (Lcom/sun/tools/javac/code/Type;)Lcom/sun/tools/javac/code/Type; 2 24693 orig 80 0 0 0 0 0 0 0 0 0 0 0 0 0 0 0 0 0 0 0 0 0 0 0 0 0 0 0 0 0 0 0 0 0 0 0 0 0 0 0 0 0 0 0 0 0 0 0 0 0 0 0 0 0 0 0 0 0 0 0 0 0 0 0 0 0 0 0 0 0 0 0 0 0 0 0 0 0 0 0 0 data 17 0x50005 0x0 0x0 0x11aff48cd00 0x584c 0x0 0x0 0x0 0x0 0x0 0x0 0x0 0x0 0x9 0x2 0x0 0x0 oops 1 3 com/sun/tools/javac/code/Types methods 0
ciMethodData com/sun/tools/javac/comp/TransTypes retype (Lcom/sun/tools/javac/tree/JCTree$JCExpression;Lcom/sun/tools/javac/code/Type;Lcom/sun/tools/javac/code/Type;)Lcom/sun/tools/javac/tree/JCTree$JCExpression; 2 17062 orig 80 0 0 0 0 0 0 0 0 0 0 0 0 0 0 0 0 0 0 0 0 0 0 0 0 0 0 0 0 0 0 0 0 0 0 0 0 0 0 0 0 0 0 0 0 0 0 0 0 0 0 0 0 0 0 0 0 0 0 0 0 0 0 0 0 0 0 0 0 0 0 0 0 0 0 0 0 0 0 0 0 data 56 0x10005 0x464 0x0 0x11a82a9a6c0 0x35dd 0x11a812b3800 0xd 0x40007 0x20b 0x128 0x3843 0x80007 0x8dc 0xb0 0x2f67 0xc0005 0x1f 0x0 0x11a82a9a6c0 0x2f46 0x11a818c9250 0x2 0xf0007 0x2f65 0x58 0x2 0x170005 0x2 0x0 0x0 0x0 0x0 0x0 0x210007 0x8dc 0x58 0x2f67 0x270005 0x0 0x0 0x11aff48b920 0x2f67 0x0 0x0 0x0 0x0 0x0 0x0 0x0 0x0 0x9 0x4 0x0 0x0 0x0 0x0 oops 5 3 com/sun/tools/javac/code/Type$ClassType 5 com/sun/tools/javac/code/Type$JCPrimitiveType$2 18 com/sun/tools/javac/code/Type$ClassType 20 com/sun/tools/javac/code/Type$JCPrimitiveType 40 com/sun/tools/javac/comp/TransTypes methods 0
ciMethodData com/sun/tools/javac/comp/TransTypes coerce (Lcom/sun/tools/javac/tree/JCTree$JCExpression;Lcom/sun/tools/javac/code/Type;)Lcom/sun/tools/javac/tree/JCTree$JCExpression; 2 13756 orig 80 0 0 0 0 0 0 0 0 0 0 0 0 0 0 0 0 0 0 0 0 0 0 0 0 0 0 0 0 0 0 0 0 0 0 0 0 0 0 0 0 0 0 0 0 0 0 0 0 0 0 0 0 0 0 0 0 0 0 0 0 0 0 0 0 0 0 0 0 0 0 0 0 0 0 0 0 0 0 0 0 data 57 0x10005 0x7 0x0 0x11a82a9a6c0 0x2d57 0x11a82bb82c0 0x18 0x90005 0x4 0x0 0x11a82a9a6c0 0x2d58 0x11a82bb82c0 0x1a 0xd0005 0x7 0x0 0x11a82a9a6c0 0x2d57 0x11a82bb82c0 0x18 0x100007 0x0 0xc8 0x2d76 0x230005 0x0 0x0 0x11aff48cd00 0x2d76 0x0 0x0 0x260007 0x3a5 0x38 0x29d1 0x2a0003 0x29d1 0x50 0x300005 0x0 0x0 0x11aff48b920 0x3a5 0x0 0x0 0x0 0x0 0x0 0x0 0x0 0x0 0x9 0x3 0x0 0x0 0x0 oops 8 3 com/sun/tools/javac/code/Type$ClassType 5 com/sun/tools/javac/code/Type$ArrayType 10 com/sun/tools/javac/code/Type$ClassType 12 com/sun/tools/javac/code/Type$ArrayType 17 com/sun/tools/javac/code/Type$ClassType 19 com/sun/tools/javac/code/Type$ArrayType 28 com/sun/tools/javac/code/Types 42 com/sun/tools/javac/comp/TransTypes methods 0
ciMethodData com/sun/tools/javac/comp/TransTypes translateArgs (Lcom/sun/tools/javac/util/List;Lcom/sun/tools/javac/util/List;Lcom/sun/tools/javac/code/Type;)Lcom/sun/tools/javac/util/List; 2 11776 orig 80 0 0 0 0 0 0 0 0 0 0 0 0 0 0 0 0 0 0 0 0 0 0 0 0 0 0 0 0 0 0 0 0 0 0 0 0 0 0 0 0 0 0 0 0 0 0 0 0 0 0 0 0 0 0 0 0 0 0 0 0 0 0 0 0 0 0 0 0 0 0 0 0 0 0 0 0 0 0 0 0 data 131 0x10005 0x0 0x0 0x11aff48cf10 0x1a42 0x11aff48cfc0 0xae5 0x40007 0x1a42 0x20 0xae5 0x100005 0x0 0x0 0x11aff48cfc0 0x1a42 0x11aff48cf10 0xafd 0x130007 0x1a42 0xe0 0xafd 0x1e0004 0x0 0x0 0x11a818c91a0 0x6a4 0x11aff48caf0 0x21e 0x250004 0x0 0x0 0x11a82a9a6c0 0xa0d 0x11a818c9250 0xf0 0x280005 0x0 0x0 0x11aff48b920 0xafd 0x0 0x0 0x3a0003 0xafd 0xffffffffffffff00 0x410004 0x0 0x0 0x11a82a9a6c0 0x1370 0x11a818c9250 0x23e 0x470007 0x482 0x78 0x15c0 0x4c0005 0x0 0x0 0x11aff48cf10 0x15c0 0x0 0x0 0x500007 0x0 0x38 0x15c0 0x540003 0x1a42 0x18 0x580002 0x1a42 0x5c0007 0x15c0 0x100 0x482 0x610005 0x0 0x0 0x11aff48cfc0 0x482 0x11aff48cf10 0x4e6 0x640007 0x482 0x118 0x4e6 0x6f0004 0x0 0x0 0x11aff48bb50 0x2e 0x11a818c91a0 0x3fd 0x730005 0x0 0x0 0x11aff48b920 0x4e6 0x0 0x0 0x800003 0x4e6 0xffffffffffffff38 0x8b0004 0x0 0x0 0x11aff48caf0 0x365 0x11a818c91a0 0x5e3 0x900005 0x0 0x0 0x11aff48b920 0x15c0 0x0 0x0 0x0 0x0 0x0 0x0 0x0 0x0 0x9 0x4 0x0 0x0 0x0 0x0 oops 20 3 com/sun/tools/javac/util/List 5 com/sun/tools/javac/util/List$1 14 com/sun/tools/javac/util/List$1 16 com/sun/tools/javac/util/List 25 com/sun/tools/javac/tree/JCTree$JCLiteral 27 com/sun/tools/javac/tree/JCTree$JCIdent 32 com/sun/tools/javac/code/Type$ClassType 34 com/sun/tools/javac/code/Type$JCPrimitiveType 39 com/sun/tools/javac/comp/TransTypes 49 com/sun/tools/javac/code/Type$ClassType 51 com/sun/tools/javac/code/Type$JCPrimitiveType 60 com/sun/tools/javac/util/List 80 com/sun/tools/javac/util/List$1 82 com/sun/tools/javac/util/List 91 com/sun/tools/javac/tree/JCTree$JCMethodInvocation 93 com/sun/tools/javac/tree/JCTree$JCLiteral 98 com/sun/tools/javac/comp/TransTypes 108 com/sun/tools/javac/tree/JCTree$JCIdent 110 com/sun/tools/javac/tree/JCTree$JCLiteral 115 com/sun/tools/javac/comp/TransTypes methods 0
ciMethodData com/sun/tools/javac/comp/TransTypes visitApply (Lcom/sun/tools/javac/tree/JCTree$JCMethodInvocation;)V 2 11444 orig 80 0 0 0 0 0 0 0 0 0 0 0 0 0 0 0 0 0 0 0 0 0 0 0 0 0 0 0 0 0 0 0 0 0 0 0 0 0 0 0 0 0 0 0 0 0 0 0 0 0 0 0 0 0 0 0 0 0 0 0 0 0 0 0 0 0 0 0 0 0 0 0 0 0 0 0 0 0 0 0 0 data 197 0x70005 0x0 0x0 0x11aff48b920 0x1870 0x0 0x0 0xa0004 0x0 0x0 0x11aff48caf0 0x739 0x11aff48cba0 0x1137 0x140002 0x1870 0x1d0005 0x0 0x0 0x11aff48cc50 0x1870 0x0 0x0 0x250007 0x0 0x100 0x1870 0x2d0005 0x0 0x0 0x11aff48cc50 0x1870 0x0 0x0 0x300004 0x0 0x0 0x11aff48cc50 0x1870 0x0 0x0 0x330005 0x0 0x0 0x11aff48cd00 0x1870 0x0 0x0 0x360007 0x0 0x38 0x1870 0x3a0003 0x1870 0x18 0x420007 0x0 0x70 0x1870 0x4c0005 0x0 0x0 0x11aff48cdb0 0xa86 0x11aff48ce60 0xdea 0x4f0003 0x1870 0x50 0x530005 0x0 0x0 0x0 0x0 0x0 0x0 0x630007 0x183a 0x40 0x36 0x710007 0x36 0x20 0x0 0x820007 0x1550 0x70 0x320 0x8e0005 0x0 0x0 0x11aff48cd00 0x320 0x0 0x0 0x940003 0x320 0x1c8 0x9b0005 0x0 0x0 0x11aff48cf10 0xde6 0x11aff48cfc0 0x76a 0xa00005 0x0 0x0 0x11aff48cf10 0xde6 0x11aff48cfc0 0x76a 0xa30007 0x1550 0x140 0x0 0xb30005 0x0 0x0 0x0 0x0 0x0 0x0 0xb60002 0x0 0xb90004 0x0 0x0 0x0 0x0 0x0 0x0 0xbe0005 0x0 0x0 0x0 0x0 0x0 0x0 0xc10002 0x0 0xc40004 0x0 0x0 0x0 0x0 0x0 0x0 0xc50002 0x0 0xc80002 0x0 0xd70005 0x0 0x0 0x11aff48b920 0x1870 0x0 0x0 0xe60005 0x0 0x0 0x11aff48cd00 0x1870 0x0 0x0 0xf00005 0x0 0x0 0x11aff48cdb0 0xa86 0x11aff48ce60 0xdea 0xf70005 0x0 0x0 0x11aff48b920 0x1870 0x0 0x0 0x0 0x0 0x0 0x0 0x0 0x0 0x0 0x0 0x0 0x0 0x0 0x0 0x0 0x9 0x2 0x0 0x0 oops 19 3 com/sun/tools/javac/comp/TransTypes 10 com/sun/tools/javac/tree/JCTree$JCIdent 12 com/sun/tools/javac/tree/JCTree$JCFieldAccess 19 com/sun/tools/javac/code/Symbol$MethodSymbol 30 com/sun/tools/javac/code/Symbol$MethodSymbol 37 com/sun/tools/javac/code/Symbol$MethodSymbol 44 com/sun/tools/javac/code/Types 62 com/sun/tools/javac/code/Type$MethodType 64 com/sun/tools/javac/code/Type$StructuralTypeMapping$4 91 com/sun/tools/javac/code/Types 101 com/sun/tools/javac/util/List 103 com/sun/tools/javac/util/List$1 108 com/sun/tools/javac/util/List 110 com/sun/tools/javac/util/List$1 155 com/sun/tools/javac/comp/TransTypes 162 com/sun/tools/javac/code/Types 169 com/sun/tools/javac/code/Type$MethodType 171 com/sun/tools/javac/code/Type$StructuralTypeMapping$4 176 com/sun/tools/javac/comp/TransTypes methods 0
ciMethodData com/sun/tools/javac/comp/TransTypes cast (Lcom/sun/tools/javac/tree/JCTree$JCExpression;Lcom/sun/tools/javac/code/Type;)Lcom/sun/tools/javac/tree/JCTree$JCExpression; 1 1075 orig 80 0 0 0 0 0 0 0 0 0 0 0 0 0 0 0 0 0 0 0 0 0 0 0 0 0 0 0 0 0 0 0 0 0 0 0 0 0 0 0 0 0 0 0 0 0 0 0 0 0 0 0 0 0 0 0 0 0 0 0 0 0 0 0 0 0 0 0 0 0 0 0 0 0 0 0 0 0 0 0 0 data 69 0x100005 0x0 0x0 0x11afe736580 0x109 0x0 0x0 0x1d0005 0x0 0x0 0x11aff48cd00 0x109 0x0 0x0 0x200007 0x0 0x158 0x109 0x2f0005 0x0 0x0 0x11afe736e20 0x109 0x0 0x0 0x320007 0x109 0x58 0x0 0x3f0005 0x0 0x0 0x0 0x0 0x0 0x0 0x4b0005 0x0 0x0 0x11afe736580 0x109 0x0 0x0 0x4f0005 0x0 0x0 0x11afe736580 0x109 0x0 0x0 0x530005 0x0 0x0 0x11afe7379e0 0x109 0x0 0x0 0x0 0x0 0x0 0x0 0x0 0x0 0x0 0x9 0x3 0x0 0x0 0x0 oops 6 3 com/sun/tools/javac/tree/TreeMaker 10 com/sun/tools/javac/code/Types 21 com/sun/tools/javac/comp/Resolve 39 com/sun/tools/javac/tree/TreeMaker 46 com/sun/tools/javac/tree/TreeMaker 53 com/sun/tools/javac/tree/JCTree$JCTypeCast methods 0
ciMethodData com/sun/tools/javac/comp/Resolve logAccessErrorInternal (Lcom/sun/tools/javac/comp/Env;Lcom/sun/tools/javac/tree/JCTree;Lcom/sun/tools/javac/code/Type;)V 1 0 orig 80 0 0 0 0 0 0 0 0 0 0 0 0 0 0 0 0 0 0 0 0 0 0 0 0 0 0 0 0 0 0 0 0 0 0 0 0 0 0 0 0 0 0 0 0 0 0 0 0 0 0 0 0 0 0 0 0 0 0 0 0 0 0 0 0 0 0 0 0 0 0 0 0 0 0 0 0 0 0 0 0 data 28 0x110002 0x0 0x1a0005 0x0 0x0 0x0 0x0 0x0 0x0 0x2e0005 0x0 0x0 0x0 0x0 0x0 0x0 0x0 0x0 0x0 0x0 0x0 0x0 0x9 0x4 0x0 0x0 0x0 0x0 oops 0 methods 0
ciMethodData com/sun/tools/javac/comp/Resolve$AccessError <init> (Lcom/sun/tools/javac/comp/Resolve;Lcom/sun/tools/javac/comp/Env;Lcom/sun/tools/javac/code/Type;Lcom/sun/tools/javac/code/Symbol;)V 1 1 orig 80 0 0 0 0 0 0 0 0 0 0 0 0 0 0 0 0 0 0 0 0 0 0 0 0 0 0 0 0 0 0 0 0 0 0 0 0 0 0 0 0 0 0 0 0 0 0 0 0 0 0 0 0 0 0 0 0 0 0 0 0 0 0 0 0 0 0 0 0 0 0 0 0 0 0 0 0 0 0 0 0 data 13 0xe0002 0x0 0x0 0x0 0x0 0x0 0x9 0x5 0x3fe 0x0 0x0 0x0 0x0 oops 0 methods 0
ciMethodData com/sun/tools/javac/tree/JCTree$JCParens getTag ()Lcom/sun/tools/javac/tree/JCTree$Tag; 1 343 orig 80 0 0 0 0 0 0 0 0 0 0 0 0 0 0 0 0 0 0 0 0 0 0 0 0 0 0 0 0 0 0 0 0 0 0 0 0 0 0 0 0 0 0 0 0 0 0 0 0 0 0 0 0 0 0 0 0 0 0 0 0 0 0 0 0 0 0 0 0 0 0 0 0 0 0 0 0 0 0 0 0 data 5 0x0 0x0 0x9 0x1 0x0 oops 0 methods 0
compile com/sun/tools/javac/comp/TransTypes visitApply (Lcom/sun/tools/javac/tree/JCTree$JCMethodInvocation;)V -1 4 inline 223 0 -1 com/sun/tools/javac/comp/TransTypes visitApply (Lcom/sun/tools/javac/tree/JCTree$JCMethodInvocation;)V 1 7 com/sun/tools/javac/comp/TransTypes translate (Lcom/sun/tools/javac/tree/JCTree;Lcom/sun/tools/javac/code/Type;)Lcom/sun/tools/javac/tree/JCTree; 2 12 com/sun/tools/javac/tree/TreeTranslator translate (Lcom/sun/tools/javac/tree/JCTree;)Lcom/sun/tools/javac/tree/JCTree; 1 20 com/sun/tools/javac/tree/TreeInfo symbol (Lcom/sun/tools/javac/tree/JCTree;)Lcom/sun/tools/javac/code/Symbol; 2 1 com/sun/tools/javac/tree/TreeInfo skipParens (Lcom/sun/tools/javac/tree/JCTree;)Lcom/sun/tools/javac/tree/JCTree; 3 4 com/sun/tools/javac/tree/JCTree hasTag (Lcom/sun/tools/javac/tree/JCTree$Tag;)Z 3 14 com/sun/tools/javac/tree/TreeInfo skipParens (Lcom/sun/tools/javac/tree/JCTree$JCExpression;)Lcom/sun/tools/javac/tree/JCTree$JCExpression; 4 4 com/sun/tools/javac/tree/JCTree hasTag (Lcom/sun/tools/javac/tree/JCTree$Tag;)Z 5 2 com/sun/tools/javac/tree/JCTree$JCParens getTag ()Lcom/sun/tools/javac/tree/JCTree$Tag; 2 12 java/lang/Enum ordinal ()I 1 29 com/sun/tools/javac/code/Symbol erasure (Lcom/sun/tools/javac/code/Types;)Lcom/sun/tools/javac/code/Type; 2 13 com/sun/tools/javac/code/Types erasure (Lcom/sun/tools/javac/code/Type;)Lcom/sun/tools/javac/code/Type; 3 2 com/sun/tools/javac/code/Types eraseNotNeeded (Lcom/sun/tools/javac/code/Type;)Z 3 15 com/sun/tools/javac/code/Types erasure (Lcom/sun/tools/javac/code/Type;Z)Lcom/sun/tools/javac/code/Type; 4 15 java/lang/Boolean valueOf (Z)Ljava/lang/Boolean; 4 18 com/sun/tools/javac/code/Types$DefaultTypeVisitor visit (Lcom/sun/tools/javac/code/Type;Ljava/lang/Object;)Ljava/lang/Object; 1 45 com/sun/tools/javac/code/Symbol baseSymbol ()Lcom/sun/tools/javac/code/Symbol; 1 51 com/sun/tools/javac/code/Types isSignaturePolymorphic (Lcom/sun/tools/javac/code/Symbol$MethodSymbol;)Z 2 4 com/sun/tools/javac/code/Type$MethodType getParameterTypes ()Lcom/sun/tools/javac/util/List; 2 4 com/sun/tools/javac/code/Type$DelegatedType getParameterTypes ()Lcom/sun/tools/javac/util/List; 3 4 com/sun/tools/javac/code/Type$MethodType getParameterTypes ()Lcom/sun/tools/javac/util/List; 2 56 com/sun/tools/javac/util/List length ()I 2 73 com/sun/tools/javac/code/Type hasTag (Lcom/sun/tools/javac/code/TypeTag;)Z 3 2 com/sun/tools/javac/code/Type$ArrayType getTag ()Lcom/sun/tools/javac/code/TypeTag; 1 76 com/sun/tools/javac/code/Type$MethodType getParameterTypes ()Lcom/sun/tools/javac/util/List; 1 142 com/sun/tools/javac/code/Types erasure (Lcom/sun/tools/javac/code/Type;)Lcom/sun/tools/javac/code/Type; 2 2 com/sun/tools/javac/code/Types eraseNotNeeded (Lcom/sun/tools/javac/code/Type;)Z 2 15 com/sun/tools/javac/code/Types erasure (Lcom/sun/tools/javac/code/Type;Z)Lcom/sun/tools/javac/code/Type; 3 15 java/lang/Boolean valueOf (Z)Ljava/lang/Boolean; 3 18 com/sun/tools/javac/code/Types$DefaultTypeVisitor visit (Lcom/sun/tools/javac/code/Type;Ljava/lang/Object;)Ljava/lang/Object; 1 155 com/sun/tools/javac/util/List length ()I 1 160 com/sun/tools/javac/util/List length ()I 1 215 com/sun/tools/javac/comp/TransTypes translateArgs (Lcom/sun/tools/javac/util/List;Lcom/sun/tools/javac/util/List;Lcom/sun/tools/javac/code/Type;)Lcom/sun/tools/javac/util/List; 2 1 com/sun/tools/javac/util/List isEmpty ()Z 2 1 com/sun/tools/javac/util/List$1 isEmpty ()Z 2 16 com/sun/tools/javac/util/List nonEmpty ()Z 2 40 com/sun/tools/javac/comp/TransTypes translate (Lcom/sun/tools/javac/tree/JCTree;Lcom/sun/tools/javac/code/Type;)Lcom/sun/tools/javac/tree/JCTree; 3 12 com/sun/tools/javac/tree/TreeTranslator translate (Lcom/sun/tools/javac/tree/JCTree;)Lcom/sun/tools/javac/tree/JCTree; 2 76 com/sun/tools/javac/util/List length ()I 2 88 com/sun/tools/javac/util/Assert check (Z)V 2 97 com/sun/tools/javac/util/List nonEmpty ()Z 2 115 com/sun/tools/javac/comp/TransTypes translate (Lcom/sun/tools/javac/tree/JCTree;Lcom/sun/tools/javac/code/Type;)Lcom/sun/tools/javac/tree/JCTree; 3 12 com/sun/tools/javac/tree/TreeTranslator translate (Lcom/sun/tools/javac/tree/JCTree;)Lcom/sun/tools/javac/tree/JCTree; 2 144 com/sun/tools/javac/comp/TransTypes translate (Lcom/sun/tools/javac/tree/JCTree;Lcom/sun/tools/javac/code/Type;)Lcom/sun/tools/javac/tree/JCTree; 3 12 com/sun/tools/javac/tree/TreeTranslator translate (Lcom/sun/tools/javac/tree/JCTree;)Lcom/sun/tools/javac/tree/JCTree; 1 230 com/sun/tools/javac/code/Types erasure (Lcom/sun/tools/javac/code/Type;)Lcom/sun/tools/javac/code/Type; 2 2 com/sun/tools/javac/code/Types eraseNotNeeded (Lcom/sun/tools/javac/code/Type;)Z 2 15 com/sun/tools/javac/code/Types erasure (Lcom/sun/tools/javac/code/Type;Z)Lcom/sun/tools/javac/code/Type; 3 15 java/lang/Boolean valueOf (Z)Ljava/lang/Boolean; 3 18 com/sun/tools/javac/code/Types$DefaultTypeVisitor visit (Lcom/sun/tools/javac/code/Type;Ljava/lang/Object;)Ljava/lang/Object; 1 240 com/sun/tools/javac/code/Type$MethodType getReturnType ()Lcom/sun/tools/javac/code/Type; 1 247 com/sun/tools/javac/comp/TransTypes retype (Lcom/sun/tools/javac/tree/JCTree$JCExpression;Lcom/sun/tools/javac/code/Type;Lcom/sun/tools/javac/code/Type;)Lcom/sun/tools/javac/tree/JCTree$JCExpression; 2 1 com/sun/tools/javac/code/Type isPrimitive ()Z 2 12 com/sun/tools/javac/code/Type isPrimitive ()Z 2 23 com/sun/tools/javac/comp/TransTypes erasure (Lcom/sun/tools/javac/code/Type;)Lcom/sun/tools/javac/code/Type; 3 5 com/sun/tools/javac/code/Types erasure (Lcom/sun/tools/javac/code/Type;)Lcom/sun/tools/javac/code/Type; 4 2 com/sun/tools/javac/code/Types eraseNotNeeded (Lcom/sun/tools/javac/code/Type;)Z 4 15 com/sun/tools/javac/code/Types erasure (Lcom/sun/tools/javac/code/Type;Z)Lcom/sun/tools/javac/code/Type; 5 15 java/lang/Boolean valueOf (Z)Ljava/lang/Boolean; 5 18 com/sun/tools/javac/code/Types$DefaultTypeVisitor visit (Lcom/sun/tools/javac/code/Type;Ljava/lang/Object;)Ljava/lang/Object; 2 39 com/sun/tools/javac/comp/TransTypes coerce (Lcom/sun/tools/javac/tree/JCTree$JCExpression;Lcom/sun/tools/javac/code/Type;)Lcom/sun/tools/javac/tree/JCTree$JCExpression; 3 1 com/sun/tools/javac/code/Type baseType ()Lcom/sun/tools/javac/code/Type; 3 9 com/sun/tools/javac/code/Type isPrimitive ()Z 3 13 com/sun/tools/javac/code/Type isPrimitive ()Z 3 35 com/sun/tools/javac/code/Types isAssignable (Lcom/sun/tools/javac/code/Type;Lcom/sun/tools/javac/code/Type;Lcom/sun/tools/javac/util/Warner;)Z 4 4 com/sun/tools/javac/code/Type hasTag (Lcom/sun/tools/javac/code/TypeTag;)Z 4 13 com/sun/tools/javac/code/Type$ClassType getTag ()Lcom/sun/tools/javac/code/TypeTag; 4 19 com/sun/tools/javac/code/TypeTag isSubRangeOf (Lcom/sun/tools/javac/code/TypeTag;)Z 4 26 com/sun/tools/javac/code/Type$JCPrimitiveType$2 constValue ()Ljava/lang/Object; 4 26 com/sun/tools/javac/code/Type constValue ()Ljava/lang/Object; 4 33 com/sun/tools/javac/code/Type$JCPrimitiveType$2 constValue ()Ljava/lang/Object; 4 39 java/lang/Integer intValue ()I 4 48 com/sun/tools/javac/code/Type$JCPrimitiveType getTag ()Lcom/sun/tools/javac/code/TypeTag; 4 51 java/lang/Enum ordinal ()I 4 89 com/sun/tools/javac/code/Type$JCPrimitiveType getTag ()Lcom/sun/tools/javac/code/TypeTag; 4 113 java/lang/Enum ordinal ()I 4 160 com/sun/tools/javac/code/Types isConvertible (Lcom/sun/tools/javac/code/Type;Lcom/sun/tools/javac/code/Type;Lcom/sun/tools/javac/util/Warner;)Z 5 4 com/sun/tools/javac/code/Type hasTag (Lcom/sun/tools/javac/code/TypeTag;)Z 5 19 com/sun/tools/javac/code/Type isPrimitive ()Z 5 43 com/sun/tools/javac/code/Type hasTag (Lcom/sun/tools/javac/code/TypeTag;)Z 5 52 com/sun/tools/javac/code/Type hasTag (Lcom/sun/tools/javac/code/TypeTag;)Z 5 104 com/sun/tools/javac/code/Types boxedClass (Lcom/sun/tools/javac/code/Type;)Lcom/sun/tools/javac/code/Symbol$ClassSymbol; 6 22 java/lang/Enum ordinal ()I 5 111 com/sun/tools/javac/code/Types isSubtype (Lcom/sun/tools/javac/code/Type;Lcom/sun/tools/javac/code/Type;)Z 6 4 com/sun/tools/javac/code/Types isSubtype (Lcom/sun/tools/javac/code/Type;Lcom/sun/tools/javac/code/Type;Z)Z 7 2 com/sun/tools/javac/code/Type equalsIgnoreMetadata (Lcom/sun/tools/javac/code/Type;)Z 8 1 com/sun/tools/javac/code/Type typeNoMetadata ()Lcom/sun/tools/javac/code/Type; 8 5 com/sun/tools/javac/code/Type typeNoMetadata ()Lcom/sun/tools/javac/code/Type; 7 20 com/sun/tools/javac/code/Types isSuperType (Lcom/sun/tools/javac/code/Type;Lcom/sun/tools/javac/code/Type;)Z 8 7 java/lang/Enum ordinal ()I 8 92 com/sun/tools/javac/code/Types isSubtype (Lcom/sun/tools/javac/code/Type;Lcom/sun/tools/javac/code/Type;)Z 9 4 com/sun/tools/javac/code/Types isSubtype (Lcom/sun/tools/javac/code/Type;Lcom/sun/tools/javac/code/Type;Z)Z 10 2 com/sun/tools/javac/code/Type equalsIgnoreMetadata (Lcom/sun/tools/javac/code/Type;)Z 11 1 com/sun/tools/javac/code/Type typeNoMetadata ()Lcom/sun/tools/javac/code/Type; 11 5 com/sun/tools/javac/code/Type typeNoMetadata ()Lcom/sun/tools/javac/code/Type; 10 20 com/sun/tools/javac/code/Types isSuperType (Lcom/sun/tools/javac/code/Type;Lcom/sun/tools/javac/code/Type;)Z 11 7 java/lang/Enum ordinal ()I 11 60 com/sun/tools/javac/code/Type hasTag (Lcom/sun/tools/javac/code/TypeTag;)Z 11 70 com/sun/tools/javac/code/Type hasTag (Lcom/sun/tools/javac/code/TypeTag;)Z 10 93 com/sun/tools/javac/code/Type hasTag (Lcom/sun/tools/javac/code/TypeTag;)Z 10 109 com/sun/tools/javac/code/Types wildLowerBound (Lcom/sun/tools/javac/code/Type;)Lcom/sun/tools/javac/code/Type; 11 4 com/sun/tools/javac/code/Type hasTag (Lcom/sun/tools/javac/code/TypeTag;)Z 11 16 com/sun/tools/javac/code/Type$WildcardType isExtendsBound ()Z 11 37 com/sun/tools/javac/code/Types wildLowerBound (Lcom/sun/tools/javac/code/Type;)Lcom/sun/tools/javac/code/Type; 12 4 com/sun/tools/javac/code/Type hasTag (Lcom/sun/tools/javac/code/TypeTag;)Z 12 16 com/sun/tools/javac/code/Type$WildcardType isExtendsBound ()Z 10 112 com/sun/tools/javac/code/Types cvarLowerBound (Lcom/sun/tools/javac/code/Type;)Lcom/sun/tools/javac/code/Type; 11 4 com/sun/tools/javac/code/Type hasTag (Lcom/sun/tools/javac/code/TypeTag;)Z 11 14 com/sun/tools/javac/code/Type$TypeVar isCaptured ()Z 10 173 com/sun/tools/javac/code/Types$DefaultTypeVisitor visit (Lcom/sun/tools/javac/code/Type;Ljava/lang/Object;)Ljava/lang/Object; 10 179 java/lang/Boolean booleanValue ()Z 8 60 com/sun/tools/javac/code/Type hasTag (Lcom/sun/tools/javac/code/TypeTag;)Z 8 70 com/sun/tools/javac/code/Type hasTag (Lcom/sun/tools/javac/code/TypeTag;)Z 7 93 com/sun/tools/javac/code/Type hasTag (Lcom/sun/tools/javac/code/TypeTag;)Z 7 109 com/sun/tools/javac/code/Types wildLowerBound (Lcom/sun/tools/javac/code/Type;)Lcom/sun/tools/javac/code/Type; 8 4 com/sun/tools/javac/code/Type hasTag (Lcom/sun/tools/javac/code/TypeTag;)Z 8 16 com/sun/tools/javac/code/Type$WildcardType isExtendsBound ()Z 8 37 com/sun/tools/javac/code/Types wildLowerBound (Lcom/sun/tools/javac/code/Type;)Lcom/sun/tools/javac/code/Type; 9 4 com/sun/tools/javac/code/Type hasTag (Lcom/sun/tools/javac/code/TypeTag;)Z 9 16 com/sun/tools/javac/code/Type$WildcardType isExtendsBound ()Z 7 112 com/sun/tools/javac/code/Types cvarLowerBound (Lcom/sun/tools/javac/code/Type;)Lcom/sun/tools/javac/code/Type; 8 4 com/sun/tools/javac/code/Type hasTag (Lcom/sun/tools/javac/code/TypeTag;)Z 8 14 com/sun/tools/javac/code/Type$TypeVar isCaptured ()Z 7 173 com/sun/tools/javac/code/Types$DefaultTypeVisitor visit (Lcom/sun/tools/javac/code/Type;Ljava/lang/Object;)Ljava/lang/Object; 7 179 java/lang/Boolean booleanValue ()Z 5 124 com/sun/tools/javac/code/Types isSubtype (Lcom/sun/tools/javac/code/Type;Lcom/sun/tools/javac/code/Type;)Z 6 4 com/sun/tools/javac/code/Types isSubtype (Lcom/sun/tools/javac/code/Type;Lcom/sun/tools/javac/code/Type;Z)Z 7 2 com/sun/tools/javac/code/Type equalsIgnoreMetadata (Lcom/sun/tools/javac/code/Type;)Z 8 1 com/sun/tools/javac/code/Type typeNoMetadata ()Lcom/sun/tools/javac/code/Type; 8 5 com/sun/tools/javac/code/Type typeNoMetadata ()Lcom/sun/tools/javac/code/Type; 7 20 com/sun/tools/javac/code/Types isSuperType (Lcom/sun/tools/javac/code/Type;Lcom/sun/tools/javac/code/Type;)Z 8 7 java/lang/Enum ordinal ()I 8 92 com/sun/tools/javac/code/Types isSubtype (Lcom/sun/tools/javac/code/Type;Lcom/sun/tools/javac/code/Type;)Z 9 4 com/sun/tools/javac/code/Types isSubtype (Lcom/sun/tools/javac/code/Type;Lcom/sun/tools/javac/code/Type;Z)Z 10 2 com/sun/tools/javac/code/Type equalsIgnoreMetadata (Lcom/sun/tools/javac/code/Type;)Z 11 1 com/sun/tools/javac/code/Type typeNoMetadata ()Lcom/sun/tools/javac/code/Type; 11 5 com/sun/tools/javac/code/Type typeNoMetadata ()Lcom/sun/tools/javac/code/Type; 10 20 com/sun/tools/javac/code/Types isSuperType (Lcom/sun/tools/javac/code/Type;Lcom/sun/tools/javac/code/Type;)Z 11 7 java/lang/Enum ordinal ()I 11 60 com/sun/tools/javac/code/Type hasTag (Lcom/sun/tools/javac/code/TypeTag;)Z 11 70 com/sun/tools/javac/code/Type hasTag (Lcom/sun/tools/javac/code/TypeTag;)Z 10 93 com/sun/tools/javac/code/Type hasTag (Lcom/sun/tools/javac/code/TypeTag;)Z 10 109 com/sun/tools/javac/code/Types wildLowerBound (Lcom/sun/tools/javac/code/Type;)Lcom/sun/tools/javac/code/Type; 11 4 com/sun/tools/javac/code/Type hasTag (Lcom/sun/tools/javac/code/TypeTag;)Z 11 16 com/sun/tools/javac/code/Type$WildcardType isExtendsBound ()Z 11 37 com/sun/tools/javac/code/Types wildLowerBound (Lcom/sun/tools/javac/code/Type;)Lcom/sun/tools/javac/code/Type; 12 4 com/sun/tools/javac/code/Type hasTag (Lcom/sun/tools/javac/code/TypeTag;)Z 12 16 com/sun/tools/javac/code/Type$WildcardType isExtendsBound ()Z 10 112 com/sun/tools/javac/code/Types cvarLowerBound (Lcom/sun/tools/javac/code/Type;)Lcom/sun/tools/javac/code/Type; 11 4 com/sun/tools/javac/code/Type hasTag (Lcom/sun/tools/javac/code/TypeTag;)Z 11 14 com/sun/tools/javac/code/Type$TypeVar isCaptured ()Z 10 173 com/sun/tools/javac/code/Types$DefaultTypeVisitor visit (Lcom/sun/tools/javac/code/Type;Ljava/lang/Object;)Ljava/lang/Object; 10 179 java/lang/Boolean booleanValue ()Z 8 60 com/sun/tools/javac/code/Type hasTag (Lcom/sun/tools/javac/code/TypeTag;)Z 8 70 com/sun/tools/javac/code/Type hasTag (Lcom/sun/tools/javac/code/TypeTag;)Z 7 93 com/sun/tools/javac/code/Type hasTag (Lcom/sun/tools/javac/code/TypeTag;)Z 7 109 com/sun/tools/javac/code/Types wildLowerBound (Lcom/sun/tools/javac/code/Type;)Lcom/sun/tools/javac/code/Type; 8 4 com/sun/tools/javac/code/Type hasTag (Lcom/sun/tools/javac/code/TypeTag;)Z 8 16 com/sun/tools/javac/code/Type$WildcardType isExtendsBound ()Z 8 37 com/sun/tools/javac/code/Types wildLowerBound (Lcom/sun/tools/javac/code/Type;)Lcom/sun/tools/javac/code/Type; 9 4 com/sun/tools/javac/code/Type hasTag (Lcom/sun/tools/javac/code/TypeTag;)Z 9 16 com/sun/tools/javac/code/Type$WildcardType isExtendsBound ()Z 7 112 com/sun/tools/javac/code/Types cvarLowerBound (Lcom/sun/tools/javac/code/Type;)Lcom/sun/tools/javac/code/Type; 8 4 com/sun/tools/javac/code/Type hasTag (Lcom/sun/tools/javac/code/TypeTag;)Z 8 14 com/sun/tools/javac/code/Type$TypeVar isCaptured ()Z 7 173 com/sun/tools/javac/code/Types$DefaultTypeVisitor visit (Lcom/sun/tools/javac/code/Type;Ljava/lang/Object;)Ljava/lang/Object; 7 179 java/lang/Boolean booleanValue ()Z 5 92 com/sun/tools/javac/code/Types isSubtype (Lcom/sun/tools/javac/code/Type;Lcom/sun/tools/javac/code/Type;)Z 6 4 com/sun/tools/javac/code/Types isSubtype (Lcom/sun/tools/javac/code/Type;Lcom/sun/tools/javac/code/Type;Z)Z 7 2 com/sun/tools/javac/code/Type equalsIgnoreMetadata (Lcom/sun/tools/javac/code/Type;)Z 8 1 com/sun/tools/javac/code/Type typeNoMetadata ()Lcom/sun/tools/javac/code/Type; 8 5 com/sun/tools/javac/code/Type typeNoMetadata ()Lcom/sun/tools/javac/code/Type; 7 20 com/sun/tools/javac/code/Types isSuperType (Lcom/sun/tools/javac/code/Type;Lcom/sun/tools/javac/code/Type;)Z 8 7 java/lang/Enum ordinal ()I 8 92 com/sun/tools/javac/code/Types isSubtype (Lcom/sun/tools/javac/code/Type;Lcom/sun/tools/javac/code/Type;)Z 9 4 com/sun/tools/javac/code/Types isSubtype (Lcom/sun/tools/javac/code/Type;Lcom/sun/tools/javac/code/Type;Z)Z 10 2 com/sun/tools/javac/code/Type equalsIgnoreMetadata (Lcom/sun/tools/javac/code/Type;)Z 11 1 com/sun/tools/javac/code/Type typeNoMetadata ()Lcom/sun/tools/javac/code/Type; 11 5 com/sun/tools/javac/code/Type typeNoMetadata ()Lcom/sun/tools/javac/code/Type; 10 20 com/sun/tools/javac/code/Types isSuperType (Lcom/sun/tools/javac/code/Type;Lcom/sun/tools/javac/code/Type;)Z 11 7 java/lang/Enum ordinal ()I 11 60 com/sun/tools/javac/code/Type hasTag (Lcom/sun/tools/javac/code/TypeTag;)Z 11 70 com/sun/tools/javac/code/Type hasTag (Lcom/sun/tools/javac/code/TypeTag;)Z 10 93 com/sun/tools/javac/code/Type hasTag (Lcom/sun/tools/javac/code/TypeTag;)Z 10 109 com/sun/tools/javac/code/Types wildLowerBound (Lcom/sun/tools/javac/code/Type;)Lcom/sun/tools/javac/code/Type; 11 4 com/sun/tools/javac/code/Type hasTag (Lcom/sun/tools/javac/code/TypeTag;)Z 11 16 com/sun/tools/javac/code/Type$WildcardType isExtendsBound ()Z 11 37 com/sun/tools/javac/code/Types wildLowerBound (Lcom/sun/tools/javac/code/Type;)Lcom/sun/tools/javac/code/Type; 12 4 com/sun/tools/javac/code/Type hasTag (Lcom/sun/tools/javac/code/TypeTag;)Z 12 16 com/sun/tools/javac/code/Type$WildcardType isExtendsBound ()Z 10 112 com/sun/tools/javac/code/Types cvarLowerBound (Lcom/sun/tools/javac/code/Type;)Lcom/sun/tools/javac/code/Type; 11 4 com/sun/tools/javac/code/Type hasTag (Lcom/sun/tools/javac/code/TypeTag;)Z 11 14 com/sun/tools/javac/code/Type$TypeVar isCaptured ()Z 10 173 com/sun/tools/javac/code/Types$DefaultTypeVisitor visit (Lcom/sun/tools/javac/code/Type;Ljava/lang/Object;)Ljava/lang/Object; 10 179 java/lang/Boolean booleanValue ()Z 8 60 com/sun/tools/javac/code/Type hasTag (Lcom/sun/tools/javac/code/TypeTag;)Z 8 70 com/sun/tools/javac/code/Type hasTag (Lcom/sun/tools/javac/code/TypeTag;)Z 7 93 com/sun/tools/javac/code/Type hasTag (Lcom/sun/tools/javac/code/TypeTag;)Z 7 109 com/sun/tools/javac/code/Types wildLowerBound (Lcom/sun/tools/javac/code/Type;)Lcom/sun/tools/javac/code/Type; 8 4 com/sun/tools/javac/code/Type hasTag (Lcom/sun/tools/javac/code/TypeTag;)Z 8 16 com/sun/tools/javac/code/Type$WildcardType isExtendsBound ()Z 8 37 com/sun/tools/javac/code/Types wildLowerBound (Lcom/sun/tools/javac/code/Type;)Lcom/sun/tools/javac/code/Type; 9 4 com/sun/tools/javac/code/Type hasTag (Lcom/sun/tools/javac/code/TypeTag;)Z 9 16 com/sun/tools/javac/code/Type$WildcardType isExtendsBound ()Z 7 112 com/sun/tools/javac/code/Types cvarLowerBound (Lcom/sun/tools/javac/code/Type;)Lcom/sun/tools/javac/code/Type; 8 4 com/sun/tools/javac/code/Type hasTag (Lcom/sun/tools/javac/code/TypeTag;)Z 8 14 com/sun/tools/javac/code/Type$TypeVar isCaptured ()Z 7 173 com/sun/tools/javac/code/Types$DefaultTypeVisitor visit (Lcom/sun/tools/javac/code/Type;Ljava/lang/Object;)Ljava/lang/Object; 7 179 java/lang/Boolean booleanValue ()Z 3 48 com/sun/tools/javac/comp/TransTypes cast (Lcom/sun/tools/javac/tree/JCTree$JCExpression;Lcom/sun/tools/javac/code/Type;)Lcom/sun/tools/javac/tree/JCTree$JCExpression; 4 16 com/sun/tools/javac/tree/TreeMaker at (I)Lcom/sun/tools/javac/tree/TreeMaker; 4 29 com/sun/tools/javac/code/Types isSameType (Lcom/sun/tools/javac/code/Type;Lcom/sun/tools/javac/code/Type;)Z 5 6 com/sun/tools/javac/code/Types$DefaultTypeVisitor visit (Lcom/sun/tools/javac/code/Type;Ljava/lang/Object;)Ljava/lang/Object; 5 12 java/lang/Boolean booleanValue ()Z 4 47 com/sun/tools/javac/comp/Resolve isAccessible (Lcom/sun/tools/javac/comp/Env;Lcom/sun/tools/javac/code/Symbol$TypeSymbol;)Z 4 79 com/sun/tools/javac/tree/TreeMaker TypeCast (Lcom/sun/tools/javac/tree/JCTree;Lcom/sun/tools/javac/tree/JCTree$JCExpression;)Lcom/sun/tools/javac/tree/JCTree$JCTypeCast; 5 6 com/sun/tools/javac/tree/JCTree$JCTypeCast <init> (Lcom/sun/tools/javac/tree/JCTree;Lcom/sun/tools/javac/tree/JCTree$JCExpression;)V 6 1 com/sun/tools/javac/tree/JCTree$JCExpression <init> ()V 7 1 com/sun/tools/javac/tree/JCTree$JCCaseLabel <init> ()V 8 1 com/sun/tools/javac/tree/JCTree <init> ()V 9 1 java/lang/Object <init> ()V 4 83 com/sun/tools/javac/tree/JCTree$JCExpression setType (Lcom/sun/tools/javac/code/Type;)Lcom/sun/tools/javac/tree/JCTree$JCExpression; 5 2 com/sun/tools/javac/tree/JCTree setType (Lcom/sun/tools/javac/code/Type;)Lcom/sun/tools/javac/tree/JCTree;
